career_index,career,primary_domain,specialist_capability_focus,candidate_work_products,typical_lifecycle_stage,external_source,legacy_source_repository,legacy_source_path,legacy_source_sha,review_state,authoring_mode_state,canonical_mapping_state,nublox_coverage_state
1,Acoustics consultant,Engineering & Technical Design,Acoustic surveys; noise and vibration assessment; modelling; design recommendations; compliance evidence,Survey reports; models; recommendations; specifications,Feasibility → Design → Verification,https://nationalcareers.service.gov.uk/explore-careers/job-sector/construction-and-the-built-environment/view-all-sector-careers,8140spitt/NuBlox-Digital-Applications,docs/04-career-capability-matrix.md,fbc76c848c71cf49b810cdca33e74d73c8ba5e02,candidate-revalidation,unclassified,unmapped,not-assessed
2,Agricultural contractor,"Infrastructure, Land & Rural",Job planning; field operations; plant allocation; labour; materials; service records,Work orders; field logs; plant records; invoices,Planning → Delivery → Maintenance,https://nationalcareers.service.gov.uk/explore-careers/job-sector/construction-and-the-built-environment/view-all-sector-careers,8140spitt/NuBlox-Digital-Applications,docs/04-career-capability-matrix.md,fbc76c848c71cf49b810cdca33e74d73c8ba5e02,candidate-revalidation,unclassified,unmapped,not-assessed
3,Architect,Architecture & Design,Briefing; design stages; drawings; specifications; coordination; planning; approvals; site reviews,Drawings; models; specifications; design decisions; inspection records,Brief → Design → Construction → Handover,https://nationalcareers.service.gov.uk/explore-careers/job-sector/construction-and-the-built-environment/view-all-sector-careers,8140spitt/NuBlox-Digital-Applications,docs/04-career-capability-matrix.md,fbc76c848c71cf49b810cdca33e74d73c8ba5e02,candidate-revalidation,unclassified,unmapped,not-assessed
4,Architectural technician,Architecture & Design,Technical drawings; detailing; schedules; coordination; document production,Drawings; details; schedules; issue sheets,Design → Construction,https://nationalcareers.service.gov.uk/explore-careers/job-sector/construction-and-the-built-environment/view-all-sector-careers,8140spitt/NuBlox-Digital-Applications,docs/04-career-capability-matrix.md,fbc76c848c71cf49b810cdca33e74d73c8ba5e02,candidate-revalidation,unclassified,unmapped,not-assessed
5,Architectural technologist,Architecture & Design,Technical design management; detailing; compliance; specifications; coordination,Technical designs; specifications; schedules; compliance records,Design → Construction → Handover,https://nationalcareers.service.gov.uk/explore-careers/job-sector/construction-and-the-built-environment/view-all-sector-careers,8140spitt/NuBlox-Digital-Applications,docs/04-career-capability-matrix.md,fbc76c848c71cf49b810cdca33e74d73c8ba5e02,candidate-revalidation,unclassified,unmapped,not-assessed
6,Bricklayer,Building Trades,Job planning; setting out; masonry works; materials; progress; quality checks,Work orders; material usage; photos; quality records,Construction,https://nationalcareers.service.gov.uk/explore-careers/job-sector/construction-and-the-built-environment/view-all-sector-careers,8140spitt/NuBlox-Digital-Applications,docs/04-career-capability-matrix.md,fbc76c848c71cf49b810cdca33e74d73c8ba5e02,candidate-revalidation,unclassified,unmapped,not-assessed
7,Builders' merchant,Supply Chain & Manufacturing,Catalogue; stock; quotations; orders; trade accounts; deliveries; returns,Products; stock; quotes; sales orders; delivery notes; invoices,Procurement → Supply,https://nationalcareers.service.gov.uk/explore-careers/job-sector/construction-and-the-built-environment/view-all-sector-careers,8140spitt/NuBlox-Digital-Applications,docs/04-career-capability-matrix.md,fbc76c848c71cf49b810cdca33e74d73c8ba5e02,candidate-revalidation,unclassified,unmapped,not-assessed
8,Building control officer,"Regulation, Inspection & Compliance",Applications; plan assessment; inspections; evidence; defects; decisions,Applications; inspection records; notices; decisions; certificates,Design → Construction → Completion,https://nationalcareers.service.gov.uk/explore-careers/job-sector/construction-and-the-built-environment/view-all-sector-careers,8140spitt/NuBlox-Digital-Applications,docs/04-career-capability-matrix.md,fbc76c848c71cf49b810cdca33e74d73c8ba5e02,candidate-revalidation,unclassified,unmapped,not-assessed
9,Building services engineer,Engineering & Technical Design,MEP design; calculations; equipment schedules; coordination; commissioning requirements,Designs; calculations; specifications; equipment schedules,Design → Construction → Commissioning,https://nationalcareers.service.gov.uk/explore-careers/job-sector/construction-and-the-built-environment/view-all-sector-careers,8140spitt/NuBlox-Digital-Applications,docs/04-career-capability-matrix.md,fbc76c848c71cf49b810cdca33e74d73c8ba5e02,candidate-revalidation,unclassified,unmapped,not-assessed
10,Building surveyor,"Surveying, Property & Land",Condition surveys; defects; schedules; project advice; dilapidations; maintenance planning,Survey reports; defect schedules; photos; scopes; certificates,Survey → Design → Construction → Operations,https://nationalcareers.service.gov.uk/explore-careers/job-sector/construction-and-the-built-environment/view-all-sector-careers,8140spitt/NuBlox-Digital-Applications,docs/04-career-capability-matrix.md,fbc76c848c71cf49b810cdca33e74d73c8ba5e02,candidate-revalidation,unclassified,unmapped,not-assessed
11,Building technician,Engineering & Technical Design,Technical support; drawings; surveys; records; project coordination,Drawings; survey data; schedules; reports,Design → Construction,https://nationalcareers.service.gov.uk/explore-careers/job-sector/construction-and-the-built-environment/view-all-sector-careers,8140spitt/NuBlox-Digital-Applications,docs/04-career-capability-matrix.md,fbc76c848c71cf49b810cdca33e74d73c8ba5e02,candidate-revalidation,unclassified,unmapped,not-assessed
12,Caretaker,"Facilities, Property & Asset Operations",Inspections; reactive tasks; access; cleaning/maintenance coordination; incident reporting,Work orders; checks; logs; incident records,Operations,https://nationalcareers.service.gov.uk/explore-careers/job-sector/construction-and-the-built-environment/view-all-sector-careers,8140spitt/NuBlox-Digital-Applications,docs/04-career-capability-matrix.md,fbc76c848c71cf49b810cdca33e74d73c8ba5e02,candidate-revalidation,unclassified,unmapped,not-assessed
13,Carpenter,Building Trades,Job planning; setting out; fabrication; installation; materials; quality,Work orders; cut lists; material usage; photos,Construction,https://nationalcareers.service.gov.uk/explore-careers/job-sector/construction-and-the-built-environment/view-all-sector-careers,8140spitt/NuBlox-Digital-Applications,docs/04-career-capability-matrix.md,fbc76c848c71cf49b810cdca33e74d73c8ba5e02,candidate-revalidation,unclassified,unmapped,not-assessed
14,Carpet fitter and floor layer,Building Trades,Site measure; product selection; preparation; installation; snagging,Measurements; material schedules; work orders; completion records,Fit-out,https://nationalcareers.service.gov.uk/explore-careers/job-sector/construction-and-the-built-environment/view-all-sector-careers,8140spitt/NuBlox-Digital-Applications,docs/04-career-capability-matrix.md,fbc76c848c71cf49b810cdca33e74d73c8ba5e02,candidate-revalidation,unclassified,unmapped,not-assessed
15,Cartographer,"Geospatial, Planning & Transport",Spatial data management; map production; revisions; exports,Maps; datasets; layers; metadata,Survey → Planning → Design,https://nationalcareers.service.gov.uk/explore-careers/job-sector/construction-and-the-built-environment/view-all-sector-careers,8140spitt/NuBlox-Digital-Applications,docs/04-career-capability-matrix.md,fbc76c848c71cf49b810cdca33e74d73c8ba5e02,candidate-revalidation,unclassified,unmapped,not-assessed
16,Cavity insulation installer,Energy & Building Performance,Survey; suitability checks; installation; materials; photos; completion evidence,Survey records; installation records; certificates; photos,Retrofit → Completion,https://nationalcareers.service.gov.uk/explore-careers/job-sector/construction-and-the-built-environment/view-all-sector-careers,8140spitt/NuBlox-Digital-Applications,docs/04-career-capability-matrix.md,fbc76c848c71cf49b810cdca33e74d73c8ba5e02,candidate-revalidation,unclassified,unmapped,not-assessed
17,Ceiling fixer,Building Trades,Take-off; layout; installation; materials; progress; snagging,Work orders; material usage; photos; defects,Fit-out,https://nationalcareers.service.gov.uk/explore-careers/job-sector/construction-and-the-built-environment/view-all-sector-careers,8140spitt/NuBlox-Digital-Applications,docs/04-career-capability-matrix.md,fbc76c848c71cf49b810cdca33e74d73c8ba5e02,candidate-revalidation,unclassified,unmapped,not-assessed
18,Civil engineer,Engineering & Technical Design,Civil design; calculations; specifications; coordination; site queries; inspections,Designs; calculations; specifications; RFIs; inspection records,Feasibility → Design → Construction,https://nationalcareers.service.gov.uk/explore-careers/job-sector/construction-and-the-built-environment/view-all-sector-careers,8140spitt/NuBlox-Digital-Applications,docs/04-career-capability-matrix.md,fbc76c848c71cf49b810cdca33e74d73c8ba5e02,candidate-revalidation,unclassified,unmapped,not-assessed
19,Civil engineering technician,Engineering & Technical Design,CAD/BIM support; surveys; calculations; drawings; records,Drawings; models; survey data; schedules,Design → Construction,https://nationalcareers.service.gov.uk/explore-careers/job-sector/construction-and-the-built-environment/view-all-sector-careers,8140spitt/NuBlox-Digital-Applications,docs/04-career-capability-matrix.md,fbc76c848c71cf49b810cdca33e74d73c8ba5e02,candidate-revalidation,unclassified,unmapped,not-assessed
20,Commercial energy assessor,Energy & Building Performance,Property data capture; energy assessment; evidence; certificate workflow,Assessment records; evidence; EPC-related outputs,Survey → Assessment → Certification,https://nationalcareers.service.gov.uk/explore-careers/job-sector/construction-and-the-built-environment/view-all-sector-careers,8140spitt/NuBlox-Digital-Applications,docs/04-career-capability-matrix.md,fbc76c848c71cf49b810cdca33e74d73c8ba5e02,candidate-revalidation,unclassified,unmapped,not-assessed
21,Conservator,"Heritage, Conservation & Landscape",Condition assessment; conservation plan; treatment records; provenance/evidence,Condition reports; treatment plans; photos; conservation records,Survey → Conservation → Maintenance,https://nationalcareers.service.gov.uk/explore-careers/job-sector/construction-and-the-built-environment/view-all-sector-careers,8140spitt/NuBlox-Digital-Applications,docs/04-career-capability-matrix.md,fbc76c848c71cf49b810cdca33e74d73c8ba5e02,candidate-revalidation,unclassified,unmapped,not-assessed
22,Construction contracts manager,"Commercial, Contracts & Cost",Contract register; obligations; notices; change; payment; claims; correspondence,Contracts; notices; instructions; variations; payment records,Pre-contract → Construction → Closeout,https://nationalcareers.service.gov.uk/explore-careers/job-sector/construction-and-the-built-environment/view-all-sector-careers,8140spitt/NuBlox-Digital-Applications,docs/04-career-capability-matrix.md,fbc76c848c71cf49b810cdca33e74d73c8ba5e02,candidate-revalidation,unclassified,unmapped,not-assessed
23,Construction labourer,Site Delivery & Construction Management,Task allocation; attendance; inductions; daily work; equipment; safety records,Timesheets; task records; inductions; site diary entries,Construction,https://nationalcareers.service.gov.uk/explore-careers/job-sector/construction-and-the-built-environment/view-all-sector-careers,8140spitt/NuBlox-Digital-Applications,docs/04-career-capability-matrix.md,fbc76c848c71cf49b810cdca33e74d73c8ba5e02,candidate-revalidation,unclassified,unmapped,not-assessed
24,Construction manager,Site Delivery & Construction Management,Programme; packages; coordination; site diary; labour; plant; quality; safety; progress,Programme; diaries; RFIs; reports; inspections; progress records,Pre-construction → Construction → Handover,https://nationalcareers.service.gov.uk/explore-careers/job-sector/construction-and-the-built-environment/view-all-sector-careers,8140spitt/NuBlox-Digital-Applications,docs/04-career-capability-matrix.md,fbc76c848c71cf49b810cdca33e74d73c8ba5e02,candidate-revalidation,unclassified,unmapped,not-assessed
25,Construction plant mechanic,"Plant, Equipment & Specialist Operations",Asset register; servicing; defects; inspections; parts; breakdowns,Asset records; service history; defect reports; work orders,Construction → Maintenance,https://nationalcareers.service.gov.uk/explore-careers/job-sector/construction-and-the-built-environment/view-all-sector-careers,8140spitt/NuBlox-Digital-Applications,docs/04-career-capability-matrix.md,fbc76c848c71cf49b810cdca33e74d73c8ba5e02,candidate-revalidation,unclassified,unmapped,not-assessed
26,Construction plant operator,"Plant, Equipment & Specialist Operations",Plant allocation; pre-use checks; hours; tasks; defects; competencies,Plant checks; utilisation; task logs; defect records,Construction,https://nationalcareers.service.gov.uk/explore-careers/job-sector/construction-and-the-built-environment/view-all-sector-careers,8140spitt/NuBlox-Digital-Applications,docs/04-career-capability-matrix.md,fbc76c848c71cf49b810cdca33e74d73c8ba5e02,candidate-revalidation,unclassified,unmapped,not-assessed
27,Construction site supervisor,Site Delivery & Construction Management,Daily supervision; labour; inspections; permits; quality; progress; safety,Site diary; inspections; permits; progress records,Construction,https://nationalcareers.service.gov.uk/explore-careers/job-sector/construction-and-the-built-environment/view-all-sector-careers,8140spitt/NuBlox-Digital-Applications,docs/04-career-capability-matrix.md,fbc76c848c71cf49b810cdca33e74d73c8ba5e02,candidate-revalidation,unclassified,unmapped,not-assessed
28,Crane driver,"Plant, Equipment & Specialist Operations",Lift allocation; pre-use checks; plant hours; competency; lift records; defects,Checks; lift logs; utilisation; defect records,Construction,https://nationalcareers.service.gov.uk/explore-careers/job-sector/construction-and-the-built-environment/view-all-sector-careers,8140spitt/NuBlox-Digital-Applications,docs/04-career-capability-matrix.md,fbc76c848c71cf49b810cdca33e74d73c8ba5e02,candidate-revalidation,unclassified,unmapped,not-assessed
29,Demolition operative,Site Delivery & Construction Management,Method/task planning; permits; hazardous materials records; waste; progress,RAMS references; permits; waste records; photos; task logs,Enabling → Demolition,https://nationalcareers.service.gov.uk/explore-careers/job-sector/construction-and-the-built-environment/view-all-sector-careers,8140spitt/NuBlox-Digital-Applications,docs/04-career-capability-matrix.md,fbc76c848c71cf49b810cdca33e74d73c8ba5e02,candidate-revalidation,unclassified,unmapped,not-assessed
30,Domestic energy assessor,Energy & Building Performance,Dwelling data capture; energy assessment; evidence; certificate workflow,Assessment records; evidence; EPC-related outputs,Survey → Assessment → Certification,https://nationalcareers.service.gov.uk/explore-careers/job-sector/construction-and-the-built-environment/view-all-sector-careers,8140spitt/NuBlox-Digital-Applications,docs/04-career-capability-matrix.md,fbc76c848c71cf49b810cdca33e74d73c8ba5e02,candidate-revalidation,unclassified,unmapped,not-assessed
31,Dryliner,Building Trades,Take-off; layout; installation; materials; progress; defects,Work orders; material usage; photos; snagging,Fit-out,https://nationalcareers.service.gov.uk/explore-careers/job-sector/construction-and-the-built-environment/view-all-sector-careers,8140spitt/NuBlox-Digital-Applications,docs/04-career-capability-matrix.md,fbc76c848c71cf49b810cdca33e74d73c8ba5e02,candidate-revalidation,unclassified,unmapped,not-assessed
32,Electrician,Building Services Trades,Survey; estimate; schedule; installation; circuits; testing; defects; certification; maintenance,Quotes; job sheets; circuit/test records; certificates; invoices,Design support → Installation → Testing → Maintenance,https://nationalcareers.service.gov.uk/explore-careers/job-sector/construction-and-the-built-environment/view-all-sector-careers,8140spitt/NuBlox-Digital-Applications,docs/04-career-capability-matrix.md,fbc76c848c71cf49b810cdca33e74d73c8ba5e02,candidate-revalidation,unclassified,unmapped,not-assessed
33,Engineering construction technician,Engineering & Technical Design,Technical support; installation records; commissioning/decommissioning support; drawings,Drawings; technical records; test sheets; schedules,Design → Installation → Commissioning,https://nationalcareers.service.gov.uk/explore-careers/job-sector/construction-and-the-built-environment/view-all-sector-careers,8140spitt/NuBlox-Digital-Applications,docs/04-career-capability-matrix.md,fbc76c848c71cf49b810cdca33e74d73c8ba5e02,candidate-revalidation,unclassified,unmapped,not-assessed
34,Estimator,"Commercial, Contracts & Cost",Take-off; resource build-ups; supplier enquiries; estimates; tender submissions; revisions,Estimates; take-offs; RFQs; tender returns; bid documents,Pre-contract,https://nationalcareers.service.gov.uk/explore-careers/job-sector/construction-and-the-built-environment/view-all-sector-careers,8140spitt/NuBlox-Digital-Applications,docs/04-career-capability-matrix.md,fbc76c848c71cf49b810cdca33e74d73c8ba5e02,candidate-revalidation,unclassified,unmapped,not-assessed
35,Facilities manager,"Facilities, Property & Asset Operations",Property/asset register; PPM; reactive maintenance; compliance; contractors; SLAs; budgets,Assets; work orders; service records; inspections; compliance evidence,Operations,https://nationalcareers.service.gov.uk/explore-careers/job-sector/construction-and-the-built-environment/view-all-sector-careers,8140spitt/NuBlox-Digital-Applications,docs/04-career-capability-matrix.md,fbc76c848c71cf49b810cdca33e74d73c8ba5e02,candidate-revalidation,unclassified,unmapped,not-assessed
36,Fence installer,Building Trades,Survey; estimate; set-out; installation; materials; completion,Quotes; work orders; material usage; photos,Construction / External works,https://nationalcareers.service.gov.uk/explore-careers/job-sector/construction-and-the-built-environment/view-all-sector-careers,8140spitt/NuBlox-Digital-Applications,docs/04-career-capability-matrix.md,fbc76c848c71cf49b810cdca33e74d73c8ba5e02,candidate-revalidation,unclassified,unmapped,not-assessed
37,Fire safety engineer,Engineering & Technical Design,Fire strategy; modelling; design review; compliance evidence; inspections,Fire strategies; calculations; reports; design comments,Design → Construction → Operations,https://nationalcareers.service.gov.uk/explore-careers/job-sector/construction-and-the-built-environment/view-all-sector-careers,8140spitt/NuBlox-Digital-Applications,docs/04-career-capability-matrix.md,fbc76c848c71cf49b810cdca33e74d73c8ba5e02,candidate-revalidation,unclassified,unmapped,not-assessed
38,Formworker,Building Trades,Formwork planning; drawings; material/plant requirements; installation; striking; checks,Work orders; checklists; material records; photos,Structural construction,https://nationalcareers.service.gov.uk/explore-careers/job-sector/construction-and-the-built-environment/view-all-sector-careers,8140spitt/NuBlox-Digital-Applications,docs/04-career-capability-matrix.md,fbc76c848c71cf49b810cdca33e74d73c8ba5e02,candidate-revalidation,unclassified,unmapped,not-assessed
39,Furniture maker,Supply Chain & Manufacturing,Design; BOM; production; stock; quality; orders; delivery,Drawings; BOMs; work orders; QC records; sales orders,Manufacture → Supply,https://nationalcareers.service.gov.uk/explore-careers/job-sector/construction-and-the-built-environment/view-all-sector-careers,8140spitt/NuBlox-Digital-Applications,docs/04-career-capability-matrix.md,fbc76c848c71cf49b810cdca33e74d73c8ba5e02,candidate-revalidation,unclassified,unmapped,not-assessed
40,Gas mains layer,Utilities & Networks,Work orders; excavation/laying records; materials; pressure/test records; reinstatement; asset location,Job packs; network records; test results; as-builts,Infrastructure construction → Maintenance,https://nationalcareers.service.gov.uk/explore-careers/job-sector/construction-and-the-built-environment/view-all-sector-careers,8140spitt/NuBlox-Digital-Applications,docs/04-career-capability-matrix.md,fbc76c848c71cf49b810cdca33e74d73c8ba5e02,candidate-revalidation,unclassified,unmapped,not-assessed
41,Gas service technician,Building Services Trades,Jobs; appliances; service schedules; tests; defects; parts; certification,Job sheets; appliance records; test results; service records,Installation → Maintenance,https://nationalcareers.service.gov.uk/explore-careers/job-sector/construction-and-the-built-environment/view-all-sector-careers,8140spitt/NuBlox-Digital-Applications,docs/04-career-capability-matrix.md,fbc76c848c71cf49b810cdca33e74d73c8ba5e02,candidate-revalidation,unclassified,unmapped,not-assessed
42,General practice surveyor,"Surveying, Property & Land",Property records; valuations; transactions; leases; development appraisal; client advice,Valuations; property records; instructions; reports,Acquisition → Development → Operations,https://nationalcareers.service.gov.uk/explore-careers/job-sector/construction-and-the-built-environment/view-all-sector-careers,8140spitt/NuBlox-Digital-Applications,docs/04-career-capability-matrix.md,fbc76c848c71cf49b810cdca33e74d73c8ba5e02,candidate-revalidation,unclassified,unmapped,not-assessed
43,Geospatial technician,"Geospatial, Planning & Transport",Data capture; GIS layers; coordinate/reference management; mapping; exports,Spatial datasets; maps; metadata,Survey → Planning → Construction,https://nationalcareers.service.gov.uk/explore-careers/job-sector/construction-and-the-built-environment/view-all-sector-careers,8140spitt/NuBlox-Digital-Applications,docs/04-career-capability-matrix.md,fbc76c848c71cf49b810cdca33e74d73c8ba5e02,candidate-revalidation,unclassified,unmapped,not-assessed
44,Glazier,Building Trades,Measure; quote; product/order; installation; repair; completion,Measurements; quotes; work orders; product records; photos,Fit-out → Maintenance,https://nationalcareers.service.gov.uk/explore-careers/job-sector/construction-and-the-built-environment/view-all-sector-careers,8140spitt/NuBlox-Digital-Applications,docs/04-career-capability-matrix.md,fbc76c848c71cf49b810cdca33e74d73c8ba5e02,candidate-revalidation,unclassified,unmapped,not-assessed
45,Heat pump engineer,Building Services Trades,Survey; sizing; estimate; installation; commissioning; servicing; evidence,Survey; calculations; job sheets; commissioning/test records,Retrofit/Installation → Maintenance,https://nationalcareers.service.gov.uk/explore-careers/job-sector/construction-and-the-built-environment/view-all-sector-careers,8140spitt/NuBlox-Digital-Applications,docs/04-career-capability-matrix.md,fbc76c848c71cf49b810cdca33e74d73c8ba5e02,candidate-revalidation,unclassified,unmapped,not-assessed
46,Heating and ventilation engineer,Building Services Trades,Survey; design support; installation; commissioning; service; defects,Job sheets; equipment records; test/commissioning sheets,Installation → Commissioning → Maintenance,https://nationalcareers.service.gov.uk/explore-careers/job-sector/construction-and-the-built-environment/view-all-sector-careers,8140spitt/NuBlox-Digital-Applications,docs/04-career-capability-matrix.md,fbc76c848c71cf49b810cdca33e74d73c8ba5e02,candidate-revalidation,unclassified,unmapped,not-assessed
47,Heritage officer,"Heritage, Conservation & Landscape",Heritage asset records; significance assessment; consultations; case management; condition monitoring,Case files; assessments; consultation records; reports,Planning → Conservation → Operations,https://nationalcareers.service.gov.uk/explore-careers/job-sector/construction-and-the-built-environment/view-all-sector-careers,8140spitt/NuBlox-Digital-Applications,docs/04-career-capability-matrix.md,fbc76c848c71cf49b810cdca33e74d73c8ba5e02,candidate-revalidation,unclassified,unmapped,not-assessed
48,Kitchen and bathroom designer,Architecture & Design,Customer brief; survey; layouts; products; quotation; revisions; approvals,Layouts; product schedules; quotes; approvals,Sales → Design → Fit-out,https://nationalcareers.service.gov.uk/explore-careers/job-sector/construction-and-the-built-environment/view-all-sector-careers,8140spitt/NuBlox-Digital-Applications,docs/04-career-capability-matrix.md,fbc76c848c71cf49b810cdca33e74d73c8ba5e02,candidate-revalidation,unclassified,unmapped,not-assessed
49,Kitchen and bathroom fitter,Building Trades,Survey; schedule; installation tasks; materials; coordination; snagging,Work orders; material lists; photos; completion records,Fit-out,https://nationalcareers.service.gov.uk/explore-careers/job-sector/construction-and-the-built-environment/view-all-sector-careers,8140spitt/NuBlox-Digital-Applications,docs/04-career-capability-matrix.md,fbc76c848c71cf49b810cdca33e74d73c8ba5e02,candidate-revalidation,unclassified,unmapped,not-assessed
50,Land surveyor,"Surveying, Property & Land",Survey planning; observations; control; coordinates; topographical outputs; setting out,Survey files; point data; drawings; reports,Survey → Design → Construction,https://nationalcareers.service.gov.uk/explore-careers/job-sector/construction-and-the-built-environment/view-all-sector-careers,8140spitt/NuBlox-Digital-Applications,docs/04-career-capability-matrix.md,fbc76c848c71cf49b810cdca33e74d73c8ba5e02,candidate-revalidation,unclassified,unmapped,not-assessed
51,Landscape architect,"Heritage, Conservation & Landscape",Brief; site analysis; landscape design; specifications; planting; coordination; inspections,Plans; schedules; specifications; inspection records,Planning → Design → Construction,https://nationalcareers.service.gov.uk/explore-careers/job-sector/construction-and-the-built-environment/view-all-sector-careers,8140spitt/NuBlox-Digital-Applications,docs/04-career-capability-matrix.md,fbc76c848c71cf49b810cdca33e74d73c8ba5e02,candidate-revalidation,unclassified,unmapped,not-assessed
52,Landscaper,"Heritage, Conservation & Landscape",Quotes; site works; planting/materials; labour; maintenance schedule,Work orders; material schedules; photos; maintenance records,External works → Maintenance,https://nationalcareers.service.gov.uk/explore-careers/job-sector/construction-and-the-built-environment/view-all-sector-careers,8140spitt/NuBlox-Digital-Applications,docs/04-career-capability-matrix.md,fbc76c848c71cf49b810cdca33e74d73c8ba5e02,candidate-revalidation,unclassified,unmapped,not-assessed
53,Lighting technician,"Plant, Equipment & Specialist Operations",Equipment planning; inventory; setup; inspections; operation; maintenance,Equipment lists; checklists; allocation records; faults,Installation/Event delivery → Maintenance,https://nationalcareers.service.gov.uk/explore-careers/job-sector/construction-and-the-built-environment/view-all-sector-careers,8140spitt/NuBlox-Digital-Applications,docs/04-career-capability-matrix.md,fbc76c848c71cf49b810cdca33e74d73c8ba5e02,candidate-revalidation,unclassified,unmapped,not-assessed
54,Locksmith,Building Services Trades,Callouts; asset/lock register; access hardware; installation; repair; key/control records,Jobs; asset records; key/access records; invoices,Installation → Maintenance,https://nationalcareers.service.gov.uk/explore-careers/job-sector/construction-and-the-built-environment/view-all-sector-careers,8140spitt/NuBlox-Digital-Applications,docs/04-career-capability-matrix.md,fbc76c848c71cf49b810cdca33e74d73c8ba5e02,candidate-revalidation,unclassified,unmapped,not-assessed
55,Painter and decorator,Building Trades,Estimate; area/take-off; materials; schedule; application; completion,Quotes; work orders; material usage; photos,Finishes,https://nationalcareers.service.gov.uk/explore-careers/job-sector/construction-and-the-built-environment/view-all-sector-careers,8140spitt/NuBlox-Digital-Applications,docs/04-career-capability-matrix.md,fbc76c848c71cf49b810cdca33e74d73c8ba5e02,candidate-revalidation,unclassified,unmapped,not-assessed
56,Pipe fitter,Building Services Trades,Isometrics/work packs; fabrication/installation; weld/test references; materials; QA,Work packs; spool/line records; test records; material traceability,Installation → Testing,https://nationalcareers.service.gov.uk/explore-careers/job-sector/construction-and-the-built-environment/view-all-sector-careers,8140spitt/NuBlox-Digital-Applications,docs/04-career-capability-matrix.md,fbc76c848c71cf49b810cdca33e74d73c8ba5e02,candidate-revalidation,unclassified,unmapped,not-assessed
57,Planning and development surveyor,"Surveying, Property & Land",Site appraisal; development appraisal; planning constraints; valuations; viability; client reports,Appraisals; reports; valuations; planning records,Feasibility → Planning,https://nationalcareers.service.gov.uk/explore-careers/job-sector/construction-and-the-built-environment/view-all-sector-careers,8140spitt/NuBlox-Digital-Applications,docs/04-career-capability-matrix.md,fbc76c848c71cf49b810cdca33e74d73c8ba5e02,candidate-revalidation,unclassified,unmapped,not-assessed
58,Plasterer,Building Trades,Estimate; areas; materials; schedule; application; snagging,Quotes; work orders; material usage; photos,Finishes,https://nationalcareers.service.gov.uk/explore-careers/job-sector/construction-and-the-built-environment/view-all-sector-careers,8140spitt/NuBlox-Digital-Applications,docs/04-career-capability-matrix.md,fbc76c848c71cf49b810cdca33e74d73c8ba5e02,candidate-revalidation,unclassified,unmapped,not-assessed
59,Plumber,Building Services Trades,Survey; quote; schedule; installation; fixtures; testing; callouts; maintenance,Quotes; job sheets; test records; asset/service records; invoices,Installation → Testing → Maintenance,https://nationalcareers.service.gov.uk/explore-careers/job-sector/construction-and-the-built-environment/view-all-sector-careers,8140spitt/NuBlox-Digital-Applications,docs/04-career-capability-matrix.md,fbc76c848c71cf49b810cdca33e74d73c8ba5e02,candidate-revalidation,unclassified,unmapped,not-assessed
60,Quantity surveyor,"Commercial, Contracts & Cost",Measurement; cost plans; procurement; tender analysis; valuations; variations; forecasts; final accounts,Cost plans; BoQs; tender analyses; valuations; variations; cost reports,Feasibility → Design → Construction → Final account,https://nationalcareers.service.gov.uk/explore-careers/job-sector/construction-and-the-built-environment/view-all-sector-careers,8140spitt/NuBlox-Digital-Applications,docs/04-career-capability-matrix.md,fbc76c848c71cf49b810cdca33e74d73c8ba5e02,candidate-revalidation,unclassified,unmapped,not-assessed
61,Quarry engineer,"Plant, Equipment & Specialist Operations",Site/production planning; extraction records; plant; safety; environmental/restoration records,Plans; production records; inspections; environmental records,Extraction → Restoration,https://nationalcareers.service.gov.uk/explore-careers/job-sector/construction-and-the-built-environment/view-all-sector-careers,8140spitt/NuBlox-Digital-Applications,docs/04-career-capability-matrix.md,fbc76c848c71cf49b810cdca33e74d73c8ba5e02,candidate-revalidation,unclassified,unmapped,not-assessed
62,Quarry worker,"Plant, Equipment & Specialist Operations",Tasks; plant checks; production logs; materials; safety; maintenance defects,Shift logs; plant checks; production records,Extraction,https://nationalcareers.service.gov.uk/explore-careers/job-sector/construction-and-the-built-environment/view-all-sector-careers,8140spitt/NuBlox-Digital-Applications,docs/04-career-capability-matrix.md,fbc76c848c71cf49b810cdca33e74d73c8ba5e02,candidate-revalidation,unclassified,unmapped,not-assessed
63,Refrigeration and air-conditioning installer,Building Services Trades,Survey; equipment selection; installation; commissioning; refrigerant/service records; maintenance,Job sheets; equipment records; commissioning/test records; service logs,Installation → Commissioning → Maintenance,https://nationalcareers.service.gov.uk/explore-careers/job-sector/construction-and-the-built-environment/view-all-sector-careers,8140spitt/NuBlox-Digital-Applications,docs/04-career-capability-matrix.md,fbc76c848c71cf49b810cdca33e74d73c8ba5e02,candidate-revalidation,unclassified,unmapped,not-assessed
64,Road worker,Utilities & Networks,Work packs; traffic-management references; plant; materials; daily progress; inspections,Work orders; daily records; material usage; inspection records,Infrastructure construction → Maintenance,https://nationalcareers.service.gov.uk/explore-careers/job-sector/construction-and-the-built-environment/view-all-sector-careers,8140spitt/NuBlox-Digital-Applications,docs/04-career-capability-matrix.md,fbc76c848c71cf49b810cdca33e74d73c8ba5e02,candidate-revalidation,unclassified,unmapped,not-assessed
65,Roofer,Building Trades,Survey; estimate; materials; access; installation/repair; inspections; photos,Quotes; work orders; material schedules; photos,Envelope construction → Maintenance,https://nationalcareers.service.gov.uk/explore-careers/job-sector/construction-and-the-built-environment/view-all-sector-careers,8140spitt/NuBlox-Digital-Applications,docs/04-career-capability-matrix.md,fbc76c848c71cf49b810cdca33e74d73c8ba5e02,candidate-revalidation,unclassified,unmapped,not-assessed
66,Rural surveyor,"Surveying, Property & Land",Land/property records; valuations; tenancy/estate work; land management; inspections,Valuations; plans; property records; reports,Acquisition → Management,https://nationalcareers.service.gov.uk/explore-careers/job-sector/construction-and-the-built-environment/view-all-sector-careers,8140spitt/NuBlox-Digital-Applications,docs/04-career-capability-matrix.md,fbc76c848c71cf49b810cdca33e74d73c8ba5e02,candidate-revalidation,unclassified,unmapped,not-assessed
67,Scaffolder,"Plant, Equipment & Specialist Operations",Scaffold design/reference; erection; inspection; handover; tagging; alterations; dismantle,Scaffold register; inspection records; handover certificates,Construction enabling works,https://nationalcareers.service.gov.uk/explore-careers/job-sector/construction-and-the-built-environment/view-all-sector-careers,8140spitt/NuBlox-Digital-Applications,docs/04-career-capability-matrix.md,fbc76c848c71cf49b810cdca33e74d73c8ba5e02,candidate-revalidation,unclassified,unmapped,not-assessed
68,Security systems installer,Building Services Trades,Survey; quote; device/system design; installation; testing; commissioning; maintenance,Quotes; device registers; test results; commissioning/service records,Installation → Commissioning → Maintenance,https://nationalcareers.service.gov.uk/explore-careers/job-sector/construction-and-the-built-environment/view-all-sector-careers,8140spitt/NuBlox-Digital-Applications,docs/04-career-capability-matrix.md,fbc76c848c71cf49b810cdca33e74d73c8ba5e02,candidate-revalidation,unclassified,unmapped,not-assessed
69,Shopfitter,Building Trades,Survey; programme; fabrication/install coordination; materials; snagging; handover,Work orders; drawings; material schedules; snagging records,Fit-out,https://nationalcareers.service.gov.uk/explore-careers/job-sector/construction-and-the-built-environment/view-all-sector-careers,8140spitt/NuBlox-Digital-Applications,docs/04-career-capability-matrix.md,fbc76c848c71cf49b810cdca33e74d73c8ba5e02,candidate-revalidation,unclassified,unmapped,not-assessed
70,Solar panel installer,Energy & Building Performance,Survey; system sizing/design inputs; quote; installation; testing; commissioning; maintenance,Survey; quotes; equipment records; commissioning/test records,Retrofit/Installation → Maintenance,https://nationalcareers.service.gov.uk/explore-careers/job-sector/construction-and-the-built-environment/view-all-sector-careers,8140spitt/NuBlox-Digital-Applications,docs/04-career-capability-matrix.md,fbc76c848c71cf49b810cdca33e74d73c8ba5e02,candidate-revalidation,unclassified,unmapped,not-assessed
71,Steel erector,Building Trades,Work packs; lifts; sequence; members; bolts/connections; inspections; progress,Work packs; member records; inspection records; photos,Structural construction,https://nationalcareers.service.gov.uk/explore-careers/job-sector/construction-and-the-built-environment/view-all-sector-careers,8140spitt/NuBlox-Digital-Applications,docs/04-career-capability-matrix.md,fbc76c848c71cf49b810cdca33e74d73c8ba5e02,candidate-revalidation,unclassified,unmapped,not-assessed
72,Steel fixer,Building Trades,Bar schedules/reference; work areas; installation; checks; progress,Work orders; reinforcement records; inspections; photos,Structural construction,https://nationalcareers.service.gov.uk/explore-careers/job-sector/construction-and-the-built-environment/view-all-sector-careers,8140spitt/NuBlox-Digital-Applications,docs/04-career-capability-matrix.md,fbc76c848c71cf49b810cdca33e74d73c8ba5e02,candidate-revalidation,unclassified,unmapped,not-assessed
73,Steeplejack,"Plant, Equipment & Specialist Operations",Access planning; inspection; repair; maintenance; lightning protection records; photos,Inspection reports; work orders; test records; photos,Maintenance / Specialist works,https://nationalcareers.service.gov.uk/explore-careers/job-sector/construction-and-the-built-environment/view-all-sector-careers,8140spitt/NuBlox-Digital-Applications,docs/04-career-capability-matrix.md,fbc76c848c71cf49b810cdca33e74d73c8ba5e02,candidate-revalidation,unclassified,unmapped,not-assessed
74,Stonemason,"Heritage, Conservation & Landscape",Survey/template; fabrication; installation; conservation repair; material traceability,Templates; work orders; material records; photos,Construction → Conservation,https://nationalcareers.service.gov.uk/explore-careers/job-sector/construction-and-the-built-environment/view-all-sector-careers,8140spitt/NuBlox-Digital-Applications,docs/04-career-capability-matrix.md,fbc76c848c71cf49b810cdca33e74d73c8ba5e02,candidate-revalidation,unclassified,unmapped,not-assessed
75,Structural engineer,Engineering & Technical Design,Structural analysis; calculations; drawings; specifications; design changes; inspections,Calculations; models; drawings; specifications; inspection records,Design → Construction,https://nationalcareers.service.gov.uk/explore-careers/job-sector/construction-and-the-built-environment/view-all-sector-careers,8140spitt/NuBlox-Digital-Applications,docs/04-career-capability-matrix.md,fbc76c848c71cf49b810cdca33e74d73c8ba5e02,candidate-revalidation,unclassified,unmapped,not-assessed
76,Surveying technician,"Surveying, Property & Land",Survey support; site data; measurements; drawings; records; inspections,Survey data; drawings; schedules; reports,Survey → Design → Construction,https://nationalcareers.service.gov.uk/explore-careers/job-sector/construction-and-the-built-environment/view-all-sector-careers,8140spitt/NuBlox-Digital-Applications,docs/04-career-capability-matrix.md,fbc76c848c71cf49b810cdca33e74d73c8ba5e02,candidate-revalidation,unclassified,unmapped,not-assessed
77,Thermal insulation engineer,Energy & Building Performance,Take-off; materials; installation; quality checks; completion evidence,Work orders; material usage; inspection records; photos,Installation → Completion,https://nationalcareers.service.gov.uk/explore-careers/job-sector/construction-and-the-built-environment/view-all-sector-careers,8140spitt/NuBlox-Digital-Applications,docs/04-career-capability-matrix.md,fbc76c848c71cf49b810cdca33e74d73c8ba5e02,candidate-revalidation,unclassified,unmapped,not-assessed
78,Tiler,Building Trades,Measure; estimate; layout; materials; installation; snagging,Quotes; work orders; material usage; photos,Finishes,https://nationalcareers.service.gov.uk/explore-careers/job-sector/construction-and-the-built-environment/view-all-sector-careers,8140spitt/NuBlox-Digital-Applications,docs/04-career-capability-matrix.md,fbc76c848c71cf49b810cdca33e74d73c8ba5e02,candidate-revalidation,unclassified,unmapped,not-assessed
79,Town planner,"Geospatial, Planning & Transport",Planning cases; policy/constraints; consultations; site appraisal; reports; decisions tracking,Applications/cases; consultation records; reports; spatial data,Feasibility → Planning,https://nationalcareers.service.gov.uk/explore-careers/job-sector/construction-and-the-built-environment/view-all-sector-careers,8140spitt/NuBlox-Digital-Applications,docs/04-career-capability-matrix.md,fbc76c848c71cf49b810cdca33e74d73c8ba5e02,candidate-revalidation,unclassified,unmapped,not-assessed
80,Town planning assistant,"Geospatial, Planning & Transport",Application processing; data gathering; plans; consultations; case administration,Case records; plans; consultation records,Planning,https://nationalcareers.service.gov.uk/explore-careers/job-sector/construction-and-the-built-environment/view-all-sector-careers,8140spitt/NuBlox-Digital-Applications,docs/04-career-capability-matrix.md,fbc76c848c71cf49b810cdca33e74d73c8ba5e02,candidate-revalidation,unclassified,unmapped,not-assessed
81,Transport planner,"Geospatial, Planning & Transport",Demand/network analysis; options; modelling; consultation; reports; programme interfaces,Models; datasets; option reports; plans,Feasibility → Planning → Design,https://nationalcareers.service.gov.uk/explore-careers/job-sector/construction-and-the-built-environment/view-all-sector-careers,8140spitt/NuBlox-Digital-Applications,docs/04-career-capability-matrix.md,fbc76c848c71cf49b810cdca33e74d73c8ba5e02,candidate-revalidation,unclassified,unmapped,not-assessed
82,Water network operative,Utilities & Networks,Work orders; network asset location; repairs; leakage; tests; reinstatement; as-builts,Job packs; network records; test results; as-builts,Infrastructure construction → Maintenance,https://nationalcareers.service.gov.uk/explore-careers/job-sector/construction-and-the-built-environment/view-all-sector-careers,8140spitt/NuBlox-Digital-Applications,docs/04-career-capability-matrix.md,fbc76c848c71cf49b810cdca33e74d73c8ba5e02,candidate-revalidation,unclassified,unmapped,not-assessed
83,Welder,Supply Chain & Manufacturing,Work packs; weld procedures/references; material traceability; weld logs; inspections; repairs,Weld logs; material records; inspection/NDT references; work orders,Fabrication → Construction,https://nationalcareers.service.gov.uk/explore-careers/job-sector/construction-and-the-built-environment/view-all-sector-careers,8140spitt/NuBlox-Digital-Applications,docs/04-career-capability-matrix.md,fbc76c848c71cf49b810cdca33e74d73c8ba5e02,candidate-revalidation,unclassified,unmapped,not-assessed
84,Wood machinist,Supply Chain & Manufacturing,Cut lists; machine jobs; BOM/material stock; quality; production output,Cut lists; work orders; material records; QC records,Manufacture,https://nationalcareers.service.gov.uk/explore-careers/job-sector/construction-and-the-built-environment/view-all-sector-careers,8140spitt/NuBlox-Digital-Applications,docs/04-career-capability-matrix.md,fbc76c848c71cf49b810cdca33e74d73c8ba5e02,candidate-revalidation,unclassified,unmapped,not-assessed
