job_archetype_id,job_title,career_index,domain,internal_job_profile_ids,internal_profile_state,work_product_id,work_product_name,authoring_mode_candidate,enterprise_stream,context_types,primary_functions,primary_subfunctions,canonical_object_candidate,authoring_primitive_candidate,upstream_inputs,downstream_handoff,evidence_requirement,review_state
JOB-CCM,Construction Contracts Manager,22,"Commercial, Contracts & Cost",JP-F07.08-PROFESSIONAL|JP-F19.02-PROFESSIONAL|JP-F19.03-PROFESSIONAL,candidate-multi-profile-composition,WP-CCM-001,Contract Register / Contract Setup,NATIVE,Deliver,Contract|Project|Party,F07|F19,F07.08|F19.02|F19.03,Contract / Contract Party Role,Object Workspace|Enterprise Grid,executed agreement|party|project,Obligation / administration,"Executed basis, parties, dates and version",candidate-revalidation
JOB-CCM,Construction Contracts Manager,22,"Commercial, Contracts & Cost",JP-F07.08-PROFESSIONAL|JP-F19.02-PROFESSIONAL|JP-F19.03-PROFESSIONAL,candidate-multi-profile-composition,WP-CCM-002,Contract Obligation Register,NATIVE,Deliver,Contract|Project,F19,F19.02,Obligation,Enterprise Grid,contract clauses|amendments,Work Items / compliance / notices,"Clause basis, owner, due/effectivity and fulfilment evidence",candidate-revalidation
JOB-CCM,Construction Contracts Manager,22,"Commercial, Contracts & Cost",JP-F07.08-PROFESSIONAL|JP-F19.02-PROFESSIONAL|JP-F19.03-PROFESSIONAL,candidate-multi-profile-composition,WP-CCM-003,Contract Key Date Register,NATIVE,Deliver,Contract|Schedule,F19|F27,F19.02|F27.05,Contract Key Date,Enterprise Grid,contract|schedule milestones,Notice / action / entitlement,Contractual date and mapped schedule evidence,candidate-revalidation
JOB-CCM,Construction Contracts Manager,22,"Commercial, Contracts & Cost",JP-F07.08-PROFESSIONAL|JP-F19.02-PROFESSIONAL|JP-F19.03-PROFESSIONAL,candidate-multi-profile-composition,WP-CCM-004,Contract Notice,NATIVE,Deliver,Contract|Project,F19,F19.02,Contract Notice,Focused Form|Object Workspace,event|clause|deadline|recipient,Response / change / claim,"Issued notice, recipient and timing evidence",candidate-revalidation
JOB-CCM,Construction Contracts Manager,22,"Commercial, Contracts & Cost",JP-F07.08-PROFESSIONAL|JP-F19.02-PROFESSIONAL|JP-F19.03-PROFESSIONAL,candidate-multi-profile-composition,WP-CCM-005,Contract Instruction / Correspondence,NATIVE,Deliver,Contract|Work Package|Information Context,F19|F26,F19.02|F26.05,Information Container / Contract Correspondence,Object Workspace,authority|scope|supporting information,Execution / commercial change,Controlled issue and acknowledgement,candidate-revalidation
JOB-CCM,Construction Contracts Manager,22,"Commercial, Contracts & Cost",JP-F07.08-PROFESSIONAL|JP-F19.02-PROFESSIONAL|JP-F19.03-PROFESSIONAL,candidate-multi-profile-composition,WP-CCM-006,Commercial Change / Variation,NATIVE,Deliver,Contract|Project|Work Package,F07|F19|F27,F07.08|F19.02|F27.07,Commercial Change,Enterprise Change Workspace,instruction|event|quotation|programme effect,Decision / amendment / forecast,"Contract basis, impact and decision evidence",candidate-revalidation
JOB-CCM,Construction Contracts Manager,22,"Commercial, Contracts & Cost",JP-F07.08-PROFESSIONAL|JP-F19.02-PROFESSIONAL|JP-F19.03-PROFESSIONAL,candidate-multi-profile-composition,WP-CCM-007,Commercial Claim,NATIVE,Deliver,Contract|Project,F19,F19.02,Commercial Claim,Object Workspace|Case Workspace,notices|entitlement basis|records|programme,Assessment / dispute / settlement,"Submission, evidence, assessment and decision history",candidate-revalidation
JOB-CCM,Construction Contracts Manager,22,"Commercial, Contracts & Cost",JP-F07.08-PROFESSIONAL|JP-F19.02-PROFESSIONAL|JP-F19.03-PROFESSIONAL,candidate-multi-profile-composition,WP-CCM-008,Application / Valuation Administration,NATIVE,Deliver,Contract|Payment Period,F07|F14|F19,F19.02|F14.05|F14.06,Application / Valuation / Assessment / Certificate,Enterprise Grid,contract value|progress|changes|retention,Payment / invoice / open item,"Period, assessment and authorised certificate evidence",candidate-revalidation
JOB-CCM,Construction Contracts Manager,22,"Commercial, Contracts & Cost",JP-F07.08-PROFESSIONAL|JP-F19.02-PROFESSIONAL|JP-F19.03-PROFESSIONAL,candidate-multi-profile-composition,WP-CCM-009,Contract Amendment,NATIVE,Deliver,Contract,F19,F19.02,Contract Amendment / Effectivity,Object Workspace,approved change|negotiated terms|authority,Revised obligations / dates / value,Executed amendment and supersession history,candidate-revalidation
JOB-CCM,Construction Contracts Manager,22,"Commercial, Contracts & Cost",JP-F07.08-PROFESSIONAL|JP-F19.02-PROFESSIONAL|JP-F19.03-PROFESSIONAL,candidate-multi-profile-composition,WP-CCM-010,Contract Risk / Exception Report,ASSISTED,Deliver,Contract|Project|Period,F19|F20|F27,F19.02|F20.01|F27.07,Controlled Reporting Snapshot,Assisted Report Generator,obligations|notices|claims|changes|dates,Management review,Period-locked exceptions and source references,candidate-revalidation
JOB-CCM,Construction Contracts Manager,22,"Commercial, Contracts & Cost",JP-F07.08-PROFESSIONAL|JP-F19.02-PROFESSIONAL|JP-F19.03-PROFESSIONAL,candidate-multi-profile-composition,WP-CCM-011,Contract Closeout / Final Account Handover,ASSISTED,Deliver,Contract|Project,F19|F26|F27,F19.02|F26.06|F27.08,Final Account / Closeout Pack,Assisted Report Generator,final account|outstanding obligations|claims|certificates,Archive / operations / finance,Acceptance and closeout evidence,candidate-revalidation
JOB-PLN,Project Planner,,"Portfolio, Programme & Project Management",JP-F27.05-PROFESSIONAL,candidate-direct-profile,WP-PLN-001,Planning Basis / Planning Assumptions,ASSISTED,Deliver,Project|Programme,F27,F27.05,Information Container / Planning Basis,Assisted Report Generator,scope|contract dates|calendars|constraints,Schedule development,Approved assumptions and planning rules,candidate-revalidation
JOB-PLN,Project Planner,,"Portfolio, Programme & Project Management",JP-F27.05-PROFESSIONAL,candidate-direct-profile,WP-PLN-002,Work Breakdown Structure,NATIVE,Deliver,Project,F27,F27.05,WBS Element,Structure Browser,scope|deliverables|stage plan,Schedule / budget / work packages,Controlled hierarchy and change history,candidate-revalidation
JOB-PLN,Project Planner,,"Portfolio, Programme & Project Management",JP-F27.05-PROFESSIONAL,candidate-direct-profile,WP-PLN-003,Project Schedule,NATIVE,Deliver,Project|WBS,F27,F27.05,Schedule / Schedule Activity / Milestone,Enterprise Grid|Structure Browser,WBS|durations|calendars|logic,Baseline / progress,Logic network and current forecast,candidate-revalidation
JOB-PLN,Project Planner,,"Portfolio, Programme & Project Management",JP-F27.05-PROFESSIONAL,candidate-direct-profile,WP-PLN-004,Dependency / Logic Network,NATIVE,Deliver,Schedule,F27,F27.05,Schedule Dependency,Enterprise Grid,activities|constraints,Critical path / forecast,Traceable predecessor/successor logic,candidate-revalidation
JOB-PLN,Project Planner,,"Portfolio, Programme & Project Management",JP-F27.05-PROFESSIONAL,candidate-direct-profile,WP-PLN-005,Schedule Baseline,NATIVE,Deliver,Project|Schedule,F27,F27.05,Schedule Baseline,Decision Workspace,approved schedule,Variance control,Immutable approved snapshot,candidate-revalidation
JOB-PLN,Project Planner,,"Portfolio, Programme & Project Management",JP-F27.05-PROFESSIONAL,candidate-direct-profile,WP-PLN-006,Resource Requirement Plan,NATIVE,Deliver,Project|Activity|Period,F15|F27,F27.05|F27.10,Resource Requirement,Enterprise Grid,schedule|skills|plant|crew demand,Resource allocation,Time-phased requirement evidence,candidate-revalidation
JOB-PLN,Project Planner,,"Portfolio, Programme & Project Management",JP-F27.05-PROFESSIONAL,candidate-direct-profile,WP-PLN-007,Look-ahead / Short-term Plan,NATIVE,Deliver,Project|Site|Work Package,F27,F27.05,Schedule View / Work Package Plan,Enterprise Grid,current schedule|constraints|readiness,Site coordination,Dated plan and revision,candidate-revalidation
JOB-PLN,Project Planner,,"Portfolio, Programme & Project Management",JP-F27.05-PROFESSIONAL,candidate-direct-profile,WP-PLN-008,Progress Update,NATIVE,Deliver,Activity|Work Package|Period,F27,F27.06|F27.07,Progress Record,Enterprise Grid,field evidence|quantities|status dates,Forecast schedule,Attributable progress observations,candidate-revalidation
JOB-PLN,Project Planner,,"Portfolio, Programme & Project Management",JP-F27.05-PROFESSIONAL,candidate-direct-profile,WP-PLN-009,Schedule Variance / Delay Analysis,ASSISTED,Deliver,Project|Schedule|Period,F27,F27.07,Controlled Reporting Snapshot,Calculation Workbench|Assisted Report Generator,baseline|current schedule|events|progress,Recovery / claim / management decision,Baseline-to-current variance and source events,candidate-revalidation
JOB-PLN,Project Planner,,"Portfolio, Programme & Project Management",JP-F27.05-PROFESSIONAL,candidate-direct-profile,WP-PLN-010,Recovery / Replan Proposal,NATIVE,Deliver,Project|Schedule,F27,F27.05|F27.07,Schedule Version / Change Proposal,Enterprise Change Workspace,variance|constraints|resources,Approved rebaseline / execution,Change rationale and decision evidence,candidate-revalidation
JOB-PC,Project Controls Manager,,"Portfolio, Programme & Project Management",JP-F27.07-PROFESSIONAL,candidate-direct-profile,WP-PC-001,Project Controls Baseline Pack,ASSISTED,Deliver,Project,F14|F27,F27.07|F14.02,Budget / Schedule Baseline / Control Basis,Assisted Report Generator,scope|estimate|schedule|risk|cost codes,Control cycle,Approved baseline references,candidate-revalidation
JOB-PC,Project Controls Manager,,"Portfolio, Programme & Project Management",JP-F27.07-PROFESSIONAL,candidate-direct-profile,WP-PC-002,Project Budget / Cost Baseline,NATIVE,Deliver,Project|WBS|Cost Code,F14|F27,F14.02|F27.07,Budget,Enterprise Grid,estimate|funding|cost structure,Cost control,Approved baseline and revisions,candidate-revalidation
JOB-PC,Project Controls Manager,,"Portfolio, Programme & Project Management",JP-F27.07-PROFESSIONAL,candidate-direct-profile,WP-PC-003,Project Forecast,NATIVE,Deliver,Project|WBS|Period,F14|F27,F14.03|F27.07,Forecast,Calculation Workbench|Enterprise Grid,budget|commitments|actuals|accruals|risk,Enterprise forecast,Versioned forecast and assumptions,candidate-revalidation
JOB-PC,Project Controls Manager,,"Portfolio, Programme & Project Management",JP-F27.07-PROFESSIONAL,candidate-direct-profile,WP-PC-004,Schedule / Baseline Control,NATIVE,Deliver,Project|Schedule,F27,F27.07,Schedule / Schedule Baseline,Structure Browser,current schedule|approved baseline,Variance / change,Baseline lineage and variance,candidate-revalidation
JOB-PC,Project Controls Manager,,"Portfolio, Programme & Project Management",JP-F27.07-PROFESSIONAL,candidate-direct-profile,WP-PC-005,Progress Measurement,NATIVE,Deliver,Project|Activity|Work Package,F27,F27.07,Progress Record,Enterprise Grid,field evidence|quantities|milestones,Schedule / earned value / valuation,Attributable progress basis,candidate-revalidation
JOB-PC,Project Controls Manager,,"Portfolio, Programme & Project Management",JP-F27.07-PROFESSIONAL,candidate-direct-profile,WP-PC-006,Change Control Register,NATIVE,Deliver,Project|Contract,F27,F27.07,Project Change / Commercial Change references,Enterprise Change Workspace,change requests|impacts|decisions,Budget/schedule/contract updates,Approved change provenance,candidate-revalidation
JOB-PC,Project Controls Manager,,"Portfolio, Programme & Project Management",JP-F27.07-PROFESSIONAL,candidate-direct-profile,WP-PC-007,Risk / Contingency Position,NATIVE,Deliver,Project|Period,F20|F27,F27.07,Risk / Risk Assessment / Contingency Position,Enterprise Grid,risk register|cost/schedule impacts,Forecast / management action,Quantified assumptions and ownership,candidate-revalidation
JOB-PC,Project Controls Manager,,"Portfolio, Programme & Project Management",JP-F27.07-PROFESSIONAL,candidate-direct-profile,WP-PC-008,Commitment / Actual / Accrual Position,NATIVE,Deliver,Project|WBS|Period,F14|F27,F14.04|F14.05|F14.11,Project Financial Control Projection,Calculation Workbench,POs|invoices|receipts|journals|accruals,Forecast / cost report,Source-to-projection traceability,candidate-revalidation
JOB-PC,Project Controls Manager,,"Portfolio, Programme & Project Management",JP-F27.07-PROFESSIONAL,candidate-direct-profile,WP-PC-009,Earned Value / Performance Position,ASSISTED,Deliver,Project|Period,F27,F27.07,Controlled Reporting Snapshot,Calculation Workbench|Assisted Report Generator,baseline|progress|budget|actuals,Management review,"Defined measures, period and source snapshots",candidate-revalidation
JOB-PC,Project Controls Manager,,"Portfolio, Programme & Project Management",JP-F27.07-PROFESSIONAL,candidate-direct-profile,WP-PC-010,Project Cost / Schedule Report,ASSISTED,Deliver,Project|Period,F14|F27,F14.14|F27.07,Controlled Reporting Snapshot,Assisted Report Generator,forecast|variance|risk|change|schedule,Sponsor / programme review,Period-locked data and commentary,candidate-revalidation
JOB-PC,Project Controls Manager,,"Portfolio, Programme & Project Management",JP-F27.07-PROFESSIONAL,candidate-direct-profile,WP-PC-011,Trend / Exception Register,NATIVE,Deliver,Project|Period,F27,F27.07,Issue / Trend / Exception,Collection View,variance|risk|change|performance,Corrective action / escalation,"Owner, due date and disposition",candidate-revalidation
JOB-PC,Project Controls Manager,,"Portfolio, Programme & Project Management",JP-F27.07-PROFESSIONAL,candidate-direct-profile,WP-PC-012,Reforecast / Rebaseline Decision Pack,ASSISTED,Deliver,Project|Period,F14|F27,F14.03|F27.07,Decision Pack / Controlled Snapshot,Decision Workspace|Assisted Report Generator,forecast|schedule|change|risk,Approved revised control baseline,Decision authority and superseded baseline,candidate-revalidation
JOB-PA,Project Accountant,,"Finance, Accounting & Project Financial Control",JP-F14.11-PROFESSIONAL|JP-F14.12-PROFESSIONAL|JP-F14.14-PROFESSIONAL,candidate-multi-profile-composition,WP-PA-001,Project Financial Setup / Dimensions,NATIVE,Operate,Legal Entity|Project|WBS|Contract,F14,F14.04|F14.11,Financial Dimension / Ledger Context,Enterprise Grid,project|WBS|cost codes|ledger,Posting / reporting,Approved dimensions and effective mappings,candidate-revalidation
JOB-PA,Project Accountant,,"Finance, Accounting & Project Financial Control",JP-F14.11-PROFESSIONAL|JP-F14.12-PROFESSIONAL|JP-F14.14-PROFESSIONAL,candidate-multi-profile-composition,WP-PA-002,Project Budget,NATIVE,Deliver,Project|WBS|Period,F14|F27,F14.02,Budget,Enterprise Grid,approved estimate|funding|cost structure,Cost control,Approved budget baseline,candidate-revalidation
JOB-PA,Project Accountant,,"Finance, Accounting & Project Financial Control",JP-F14.11-PROFESSIONAL|JP-F14.12-PROFESSIONAL|JP-F14.14-PROFESSIONAL,candidate-multi-profile-composition,WP-PA-003,Project Forecast,NATIVE,Deliver,Project|WBS|Period,F14,F14.03,Forecast,Calculation Workbench|Enterprise Grid,budget|actuals|commitments|accruals,Enterprise forecast,Versioned assumptions and approvals,candidate-revalidation
JOB-PA,Project Accountant,,"Finance, Accounting & Project Financial Control",JP-F14.11-PROFESSIONAL|JP-F14.12-PROFESSIONAL|JP-F14.14-PROFESSIONAL,candidate-multi-profile-composition,WP-PA-004,Accrual / Prepayment Calculation,NATIVE,Operate,Project|Period|Contract,F14,F14.04|F14.12,Journal / Accrual Calculation,Enterprise Grid|Calculation Workbench,receipts|invoices|progress|contract,Period close posting,Calculation basis and posting reference,candidate-revalidation
JOB-PA,Project Accountant,,"Finance, Accounting & Project Financial Control",JP-F14.11-PROFESSIONAL|JP-F14.12-PROFESSIONAL|JP-F14.14-PROFESSIONAL,candidate-multi-profile-composition,WP-PA-005,Project Journal / Adjustment,NATIVE,Operate,Legal Entity|Project|Period,F14,F14.04,Journal / Ledger Entry,Focused Form,approved accounting basis|dimensions,Ledger,Immutable posting / reversal provenance,candidate-revalidation
JOB-PA,Project Accountant,,"Finance, Accounting & Project Financial Control",JP-F14.11-PROFESSIONAL|JP-F14.12-PROFESSIONAL|JP-F14.14-PROFESSIONAL,candidate-multi-profile-composition,WP-PA-006,Supplier Invoice Project Coding Review,NATIVE,Operate,Supplier|Project|PO|Period,F14,F14.05,Supplier Invoice / Coding Allocation,Enterprise Grid,invoice|PO|receipt|project dimensions,AP approval / posting,Match and coding evidence,candidate-revalidation
JOB-PA,Project Accountant,,"Finance, Accounting & Project Financial Control",JP-F14.11-PROFESSIONAL|JP-F14.12-PROFESSIONAL|JP-F14.14-PROFESSIONAL,candidate-multi-profile-composition,WP-PA-007,Customer Billing / Receivable Basis,NATIVE,Operate,Contract|Project|Period,F14,F14.06,Customer Invoice,Enterprise Grid,certificate|milestone|contract|tax,AR open item,Billing basis and posting reference,candidate-revalidation
JOB-PA,Project Accountant,,"Finance, Accounting & Project Financial Control",JP-F14.11-PROFESSIONAL|JP-F14.12-PROFESSIONAL|JP-F14.14-PROFESSIONAL,candidate-multi-profile-composition,WP-PA-008,Project Cost Reconciliation,NATIVE,Operate,Project|Period,F14,F14.11|F14.12,Reconciliation / Cost Projection,Calculation Workbench,ledger|commitments|receipts|commercial valuations,Close / forecast,Reconciled exceptions and corrections,candidate-revalidation
JOB-PA,Project Accountant,,"Finance, Accounting & Project Financial Control",JP-F14.11-PROFESSIONAL|JP-F14.12-PROFESSIONAL|JP-F14.14-PROFESSIONAL,candidate-multi-profile-composition,WP-PA-009,Project Financial Report,ASSISTED,Operate,Project|Period,F14,F14.14,Controlled Reporting Snapshot,Assisted Report Generator,P&L|balance sheet dimensions|cash|forecast|cost,Project / finance review,Period-locked finance source,candidate-revalidation
JOB-PA,Project Accountant,,"Finance, Accounting & Project Financial Control",JP-F14.11-PROFESSIONAL|JP-F14.12-PROFESSIONAL|JP-F14.14-PROFESSIONAL,candidate-multi-profile-composition,WP-PA-010,Project Close Financial Pack,ASSISTED,Operate,Project|Contract|Period,F14|F27,F14.12|F27.08,Close Pack / Controlled Reporting Snapshot,Assisted Report Generator,final invoices|accruals|assets|settlements|open items,Project closure,Close checklist and residual exceptions,candidate-revalidation
JOB-DM,Design Manager,,"Design, Engineering, BIM & Information Management",,gap-no-direct-job-profile,WP-DM-001,Design Responsibility Matrix,NATIVE,Deliver,Project|Stage|Discipline,F26|F27,F26.05|F27.04,Responsibility Assignment,Enterprise Grid,appointments|deliverables|disciplines,Information planning,Effective responsibility and acceptance,candidate-revalidation
JOB-DM,Design Manager,,"Design, Engineering, BIM & Information Management",,gap-no-direct-job-profile,WP-DM-002,Information Requirements / Deliverable Register,NATIVE,Deliver,Project|Stage,F26,F26.05,Information Requirement / Deliverable,Enterprise Grid,client requirements|contract|stage plan,Delivery plans / authoring,Requirement-to-deliverable traceability,candidate-revalidation
JOB-DM,Design Manager,,"Design, Engineering, BIM & Information Management",,gap-no-direct-job-profile,WP-DM-003,Information Delivery Plan,NATIVE,Deliver,Project|Stage|Discipline,F26|F27,F26.05|F27.05,Information Delivery Plan,Enterprise Grid|Structure Browser,deliverables|responsibilities|programme,Design production,"Dates, owners and status",candidate-revalidation
JOB-DM,Design Manager,,"Design, Engineering, BIM & Information Management",,gap-no-direct-job-profile,WP-DM-004,Design Programme / Interface Plan,NATIVE,Deliver,Project|Schedule|Discipline,F27,F27.05,Schedule / Design Work Package,Enterprise Grid,delivery plan|dependencies|reviews,Coordination / issue,Design milestones and interfaces,candidate-revalidation
JOB-DM,Design Manager,,"Design, Engineering, BIM & Information Management",,gap-no-direct-job-profile,WP-DM-005,Design Review,NATIVE,Deliver,Project|Information Container,F13|F26,F13.03|F26.05,Design Review / Review Comment,Viewer Workspace|Split Work Mode,drawing|model|specification|criteria,Revision / approval,"Reviewer, disposition and exact revision",candidate-revalidation
JOB-DM,Design Manager,,"Design, Engineering, BIM & Information Management",,gap-no-direct-job-profile,WP-DM-006,Coordination / Clash Issue,NATIVE,Deliver,Project|Model|Location,F26,F26.05,Coordination Issue,Viewer Workspace,discipline models|spatial context,Resolution / design change,Issue ownership and closure,candidate-revalidation
JOB-DM,Design Manager,,"Design, Engineering, BIM & Information Management",,gap-no-direct-job-profile,WP-DM-007,Design Decision,NATIVE,Deliver,Project|Stage,F27,F27.07,Decision,Decision Workspace,options|requirements|review evidence,Approved design basis,"Authority, rationale and evidence",candidate-revalidation
JOB-DM,Design Manager,,"Design, Engineering, BIM & Information Management",,gap-no-direct-job-profile,WP-DM-008,RFI / Technical Query Coordination,NATIVE,Deliver,Project|Work Package,F26,F26.05,Information Query,Object Workspace,site query|design information,Response / design change,Question/response/closure history,candidate-revalidation
JOB-DM,Design Manager,,"Design, Engineering, BIM & Information Management",,gap-no-direct-job-profile,WP-DM-009,Design Change Control,NATIVE,Deliver,Project|Information Context,F26|F27,F26.05|F27.07,Design Change,Enterprise Change Workspace,query|review|client change|coordination issue,Revised information / commercial change,Impact and decision evidence,candidate-revalidation
JOB-DM,Design Manager,,"Design, Engineering, BIM & Information Management",,gap-no-direct-job-profile,WP-DM-010,Information Issue / Transmittal,NATIVE,Deliver,Project|Recipient,F26,F26.05,Information Issue / Transmittal,Collection View,approved information containers,Construction / client / supply chain,Immutable issue manifest,candidate-revalidation
JOB-DM,Design Manager,,"Design, Engineering, BIM & Information Management",,gap-no-direct-job-profile,WP-DM-011,Design Status / Assurance Report,ASSISTED,Deliver,Project|Stage|Period,F13|F26|F27,F13.03|F27.07,Controlled Reporting Snapshot,Assisted Report Generator,deliverables|reviews|queries|changes|issues,Project governance,Period-locked design status,candidate-revalidation
JOB-DM,Design Manager,,"Design, Engineering, BIM & Information Management",,gap-no-direct-job-profile,WP-DM-012,Handover Information Readiness,NATIVE,Deliver,Project|Asset|System,F22|F26,F22.05|F26.05,Handover Deliverable / Readiness Record,Enterprise Grid,as-built info|asset data|O&M|commissioning evidence,Handover acceptance,Completeness and outstanding-item evidence,candidate-revalidation
JOB-CE,Civil Engineer,18,Engineering & Technical Design,,gap-no-direct-job-profile,WP-CE-001,Design Basis / Engineering Requirements,NATIVE,Deliver,Project|Stage|Asset/System,F22|F26,F22.05|F26.05,Engineering Requirement / Information Container,Object Workspace,brief|survey|standards|constraints,Design calculation / option,Assumptions and requirement coverage,candidate-revalidation
JOB-CE,Civil Engineer,18,Engineering & Technical Design,,gap-no-direct-job-profile,WP-CE-002,Civil Engineering Calculation,CONNECTED,Deliver,Project|Stage,F26,F26.05,Information Container: Calculation,Connected Authoring Adapter,design basis|survey|loads,Design / review,Revision and checker evidence,candidate-revalidation
JOB-CE,Civil Engineer,18,Engineering & Technical Design,,gap-no-direct-job-profile,WP-CE-003,Civil Design Model / Drawing,CONNECTED,Deliver,Project|Stage|Site,F26,F26.05,Information Container: Model / Drawing,Connected Authoring Adapter|Viewer Workspace,survey|calculation|requirements,Coordination / construction,Revision/status/issue provenance,candidate-revalidation
JOB-CE,Civil Engineer,18,Engineering & Technical Design,,gap-no-direct-job-profile,WP-CE-004,Civil Specification / Technical Schedule,CONNECTED,Deliver,Project|Work Package,F26,F26.05,Information Container: Specification / Technical Schedule,Connected Authoring Adapter,design|standards|items,Procurement / construction,Controlled revision and approval,candidate-revalidation
JOB-CE,Civil Engineer,18,Engineering & Technical Design,,gap-no-direct-job-profile,WP-CE-005,Design Review / Check,NATIVE,Deliver,Project|Information Container,F13|F26,F13.03|F26.05,Design Review,Viewer Workspace,calculation|drawing|model|criteria,Approval / revision,Checker category and exact revision,candidate-revalidation
JOB-CE,Civil Engineer,18,Engineering & Technical Design,,gap-no-direct-job-profile,WP-CE-006,Technical Query / RFI Response,NATIVE,Deliver,Project|Work Package,F26,F26.05,Information Query Response,Object Workspace|Viewer Workspace,query|design basis|site evidence,Construction / design change,Approved response and references,candidate-revalidation
JOB-CE,Civil Engineer,18,Engineering & Technical Design,,gap-no-direct-job-profile,WP-CE-007,Design Change,NATIVE,Deliver,Project|Information Context,F26|F27,F26.05|F27.07,Design Change,Enterprise Change Workspace,RFI|site condition|client instruction,Revised design / commercial link,Impact and decision evidence,candidate-revalidation
JOB-CE,Civil Engineer,18,Engineering & Technical Design,,gap-no-direct-job-profile,WP-CE-008,Site Inspection / Technical Visit,NATIVE,Deliver,Site|Location|Work Package,F13|F22,F13.04|F22.05,Inspection,Field/Mobile composition,issued design|work scope,Defect / acceptance / query,"Photos, observations and attribution",candidate-revalidation
JOB-CE,Civil Engineer,18,Engineering & Technical Design,,gap-no-direct-job-profile,WP-CE-009,As-built / Record Information,CONNECTED,Deliver,Project|Asset|Site,F22|F26,F22.05|F26.05,Handover Information Container,Connected Authoring Adapter,construction changes|survey|inspection,Asset operations,Accepted as-built revision,candidate-revalidation
JOB-CE,Civil Engineer,18,Engineering & Technical Design,,gap-no-direct-job-profile,WP-CE-010,Engineering Completion / Design Assurance Statement,ASSISTED,Deliver,Project|Stage,F13|F26,F13.03|F26.05,Certificate / Controlled Report,Assisted Report Generator,reviews|changes|inspection|information status,Handover / governance,Signer authority and source evidence,candidate-revalidation
JOB-SE,Structural Engineer,75,Engineering & Technical Design,,gap-no-direct-job-profile,WP-SE-001,Structural Design Basis,NATIVE,Deliver,Project|Stage|System,F26,F26.05,Engineering Requirement / Information Container,Object Workspace,brief|loads|materials|standards,Analysis / calculation,Assumptions and design basis,candidate-revalidation
JOB-SE,Structural Engineer,75,Engineering & Technical Design,,gap-no-direct-job-profile,WP-SE-002,Structural Analysis Model,CONNECTED,Deliver,Project|Stage,F26,F26.05,Information Container: Model,Connected Authoring Adapter,design basis|geometry|loads,Calculation / design review,Model version and solver provenance,candidate-revalidation
JOB-SE,Structural Engineer,75,Engineering & Technical Design,,gap-no-direct-job-profile,WP-SE-003,Structural Calculation,CONNECTED,Deliver,Project|Stage,F26,F26.05,Information Container: Calculation,Connected Authoring Adapter,analysis|materials|codes,Drawing/specification,Checker and revision evidence,candidate-revalidation
JOB-SE,Structural Engineer,75,Engineering & Technical Design,,gap-no-direct-job-profile,WP-SE-004,Structural Drawing / Model,CONNECTED,Deliver,Project|Stage|Location,F26,F26.05,Information Container: Drawing / Model,Connected Authoring Adapter|Viewer Workspace,calculation|architecture|MEP interfaces,Construction / coordination,Revision/status/issue provenance,candidate-revalidation
JOB-SE,Structural Engineer,75,Engineering & Technical Design,,gap-no-direct-job-profile,WP-SE-005,Structural Specification / Schedule,CONNECTED,Deliver,Project|Work Package,F26,F26.05,Specification / Technical Schedule,Connected Authoring Adapter|Enterprise Grid,design|materials|products,Procurement / construction,Approved technical requirements,candidate-revalidation
JOB-SE,Structural Engineer,75,Engineering & Technical Design,,gap-no-direct-job-profile,WP-SE-006,Independent / Design Check Record,NATIVE,Deliver,Project|Information Container,F13|F26,F13.03|F26.05,Design Review,Viewer Workspace,calculation|model|check category,Approval / revision,Checker competence and disposition,candidate-revalidation
JOB-SE,Structural Engineer,75,Engineering & Technical Design,,gap-no-direct-job-profile,WP-SE-007,Technical Query Response,NATIVE,Deliver,Project|Work Package,F26,F26.05,Information Query Response,Object Workspace,query|site condition|design basis,Construction / change,Approved technical response,candidate-revalidation
JOB-SE,Structural Engineer,75,Engineering & Technical Design,,gap-no-direct-job-profile,WP-SE-008,Structural Design Change,NATIVE,Deliver,Project|Information Context,F26|F27,F26.05|F27.07,Design Change,Enterprise Change Workspace,RFI|coordination|site condition,Revised design / commercial link,Impact assessment and decision,candidate-revalidation
JOB-SE,Structural Engineer,75,Engineering & Technical Design,,gap-no-direct-job-profile,WP-SE-009,Structural Inspection / Site Review,NATIVE,Deliver,Site|Location|Work Package,F13|F22,F13.04|F22.05,Inspection,Field/Mobile composition,issued design|installed work,Defect / acceptance,Observation and photographic evidence,candidate-revalidation
JOB-SE,Structural Engineer,75,Engineering & Technical Design,,gap-no-direct-job-profile,WP-SE-010,Structural Completion / Record Pack,ASSISTED,Deliver,Project|Asset/System,F13|F26,F13.08|F26.06,Handover Pack / Controlled Report,Assisted Report Generator,as-built|calculations|inspection|certificates,Handover / archive,Exact revision and evidence manifest,candidate-revalidation
JOB-BCO,Building Control Officer,8,"Regulation, Inspection & Compliance",,gap-no-direct-job-profile,WP-BCO-001,Building Control Application / Case,NATIVE,Deliver,Property|Project|Applicant,F20|F22,F20.02|F22.05,Compliance Case / Application,Case Workspace,application|plans|project/property context,Plan assessment / consultation,Submission and applicant provenance,candidate-revalidation
JOB-BCO,Building Control Officer,8,"Regulation, Inspection & Compliance",,gap-no-direct-job-profile,WP-BCO-002,Plan Assessment,NATIVE,Deliver,Application|Information Container,F20|F26,F20.02|F26.05,Compliance Assessment / Review,Viewer Workspace,drawings|specifications|requirements,Decision / comments,Requirement-by-requirement findings,candidate-revalidation
JOB-BCO,Building Control Officer,8,"Regulation, Inspection & Compliance",,gap-no-direct-job-profile,WP-BCO-003,Consultation / Referral Record,NATIVE,Deliver,Application|Authority|Party,F20|F26,F20.02|F26.05,Consultation / Information Issue,Object Workspace,case|relevant information,Response / condition,Issued request and received response,candidate-revalidation
JOB-BCO,Building Control Officer,8,"Regulation, Inspection & Compliance",,gap-no-direct-job-profile,WP-BCO-004,Inspection Plan,NATIVE,Deliver,Project|Property|Stage,F13|F20,F13.02|F20.02,Inspection Plan,Enterprise Grid,approved plans|risk|stages,Site inspections,Inspection scope and schedule,candidate-revalidation
JOB-BCO,Building Control Officer,8,"Regulation, Inspection & Compliance",,gap-no-direct-job-profile,WP-BCO-005,Statutory Inspection Record,NATIVE,Deliver,Property|Site|Location,F13|F20,F13.04|F20.02,Statutory Inspection,Field/Mobile composition,inspection plan|approved information,Finding / notice / acceptance,Competent inspector and evidence,candidate-revalidation
JOB-BCO,Building Control Officer,8,"Regulation, Inspection & Compliance",,gap-no-direct-job-profile,WP-BCO-006,Compliance Finding / Defect,NATIVE,Deliver,Application|Location|Requirement,F13|F20,F13.05|F20.02,Finding / Defect,Case Workspace,inspection|plan assessment|requirement,Remediation / reinspection,Requirement basis and disposition,candidate-revalidation
JOB-BCO,Building Control Officer,8,"Regulation, Inspection & Compliance",,gap-no-direct-job-profile,WP-BCO-007,Statutory Notice,NATIVE,Deliver,Application|Property|Party,F19|F20,F19.01|F20.02,Notice / Compliance Action,Focused Form,finding|legal basis|recipient,Remedial action / enforcement,Issue and service evidence,candidate-revalidation
JOB-BCO,Building Control Officer,8,"Regulation, Inspection & Compliance",,gap-no-direct-job-profile,WP-BCO-008,Compliance Decision,NATIVE,Deliver,Application|Property,F20,F20.02,Decision,Decision Workspace,assessment|inspections|consultations,Approval / refusal / conditions,Authority and rationale,candidate-revalidation
JOB-BCO,Building Control Officer,8,"Regulation, Inspection & Compliance",,gap-no-direct-job-profile,WP-BCO-009,Completion / Compliance Certificate,ASSISTED,Deliver,Application|Property|Project,F13|F20|F26,F13.08|F20.02,Certificate / Information Container,Assisted Report Generator,decision|inspection|evidence|conditions,Project completion / property record,Signer authority and evidence manifest,candidate-revalidation
JOB-BCO,Building Control Officer,8,"Regulation, Inspection & Compliance",,gap-no-direct-job-profile,WP-BCO-010,Case Record / Regulatory Archive,INGESTED,Deliver,Application|Property,F20|F26,F20.02|F26.06,Record File / Information Container,Import Workbench|Records Workspace,external correspondence|legacy evidence,Retention / future reference,"Classification, retention and provenance",candidate-revalidation
JOB-HS,Health & Safety Manager,,"Health, Safety & Risk",JP-F23.01-PROFESSIONAL|JP-F23.02-PROFESSIONAL|JP-F23.03-PROFESSIONAL|JP-F23.04-PROFESSIONAL,candidate-multi-profile-composition,WP-HS-001,H&S Management Plan / Framework,NATIVE,Operate,Enterprise|Project|Site,F23,F23.01,H&S Framework / Controlled Information,Object Workspace,policy|legal requirements|organisation context,Risk control / project H&S plan,Approval and issue history,candidate-revalidation
JOB-HS,Health & Safety Manager,,"Health, Safety & Risk",JP-F23.01-PROFESSIONAL|JP-F23.02-PROFESSIONAL|JP-F23.03-PROFESSIONAL|JP-F23.04-PROFESSIONAL,candidate-multi-profile-composition,WP-HS-002,Hazard / Risk Assessment,NATIVE,Deliver,Project|Site|Activity,F20|F23,F23.02,Risk Assessment,Enterprise Grid,hazards|activity|people|equipment,Controls / RAMS / permit,"Assessment, reviewer and residual risk",candidate-revalidation
JOB-HS,Health & Safety Manager,,"Health, Safety & Risk",JP-F23.01-PROFESSIONAL|JP-F23.02-PROFESSIONAL|JP-F23.03-PROFESSIONAL|JP-F23.04-PROFESSIONAL,candidate-multi-profile-composition,WP-HS-003,RAMS / Method Statement Review,NATIVE,Deliver,Project|Work Package|Supplier,F23|F26,F23.02|F26.05,Information Container / Review,Viewer Workspace,method statement|risk assessment|competence,Acceptance / revision,Exact revision and reviewer disposition,candidate-revalidation
JOB-HS,Health & Safety Manager,,"Health, Safety & Risk",JP-F23.01-PROFESSIONAL|JP-F23.02-PROFESSIONAL|JP-F23.03-PROFESSIONAL|JP-F23.04-PROFESSIONAL,candidate-multi-profile-composition,WP-HS-004,Safety Inspection,NATIVE,Deliver,Site|Location,F23,F23.03,Inspection,Field/Mobile composition,inspection plan|controls,Finding / action,"Photos, findings and attribution",candidate-revalidation
JOB-HS,Health & Safety Manager,,"Health, Safety & Risk",JP-F23.01-PROFESSIONAL|JP-F23.02-PROFESSIONAL|JP-F23.03-PROFESSIONAL|JP-F23.04-PROFESSIONAL,candidate-multi-profile-composition,WP-HS-005,Permit-to-work Governance,NATIVE,Deliver,Site|Activity|Location,F23,F23.06,Permit to Work,Field/Mobile composition,risk controls|isolations|competence,Authorised work / closeout,"Issuer, acceptor, conditions and closure",candidate-revalidation
JOB-HS,Health & Safety Manager,,"Health, Safety & Risk",JP-F23.01-PROFESSIONAL|JP-F23.02-PROFESSIONAL|JP-F23.03-PROFESSIONAL|JP-F23.04-PROFESSIONAL,candidate-multi-profile-composition,WP-HS-006,Incident / Near Miss Record,NATIVE,Deliver,Site|Person|Asset,F23,F23.04,Incident,Field/Mobile composition,event evidence,Investigation / notification,"Time, location, people and evidence",candidate-revalidation
JOB-HS,Health & Safety Manager,,"Health, Safety & Risk",JP-F23.01-PROFESSIONAL|JP-F23.02-PROFESSIONAL|JP-F23.03-PROFESSIONAL|JP-F23.04-PROFESSIONAL,candidate-multi-profile-composition,WP-HS-007,Incident Investigation / Cause Findings,NATIVE,Deliver,Incident,F23,F23.04,Investigation / Cause Finding,Case Workspace,incident|witness|evidence,CAPA / lessons,"Investigator, analysis and findings",candidate-revalidation
JOB-HS,Health & Safety Manager,,"Health, Safety & Risk",JP-F23.01-PROFESSIONAL|JP-F23.02-PROFESSIONAL|JP-F23.03-PROFESSIONAL|JP-F23.04-PROFESSIONAL,candidate-multi-profile-composition,WP-HS-008,Corrective / Preventive Action,NATIVE,Operate,Incident|Finding|Site,F13|F23,F13.06|F23.04,CAPA / Decision Action,My Work|Object Workspace,finding|root cause,Verified closure,"Owner, due date and effectiveness evidence",candidate-revalidation
JOB-HS,Health & Safety Manager,,"Health, Safety & Risk",JP-F23.01-PROFESSIONAL|JP-F23.02-PROFESSIONAL|JP-F23.03-PROFESSIONAL|JP-F23.04-PROFESSIONAL,candidate-multi-profile-composition,WP-HS-009,Safety Briefing / Toolbox Talk Record,NATIVE,Deliver,Site|Shift|Work Package,F15|F23,F23.01,Briefing / Attendance Evidence,Field/Mobile composition,hazards|method|changes,Authorised work,Attendee acknowledgement and competence context,candidate-revalidation
JOB-HS,Health & Safety Manager,,"Health, Safety & Risk",JP-F23.01-PROFESSIONAL|JP-F23.02-PROFESSIONAL|JP-F23.03-PROFESSIONAL|JP-F23.04-PROFESSIONAL,candidate-multi-profile-composition,WP-HS-010,H&S Performance Report,ASSISTED,Operate,Enterprise|Project|Period,F23,F23.01,Controlled Reporting Snapshot,Assisted Report Generator,inspections|incidents|actions|leading indicators,Management review,Period-locked metrics and definitions,candidate-revalidation
JOB-HS,Health & Safety Manager,,"Health, Safety & Risk",JP-F23.01-PROFESSIONAL|JP-F23.02-PROFESSIONAL|JP-F23.03-PROFESSIONAL|JP-F23.04-PROFESSIONAL,candidate-multi-profile-composition,WP-HS-011,Regulatory / Statutory Submission,ASSISTED,Operate,Incident|Legal Entity|Authority,F20|F23|F26,F20.02|F23.04,Regulatory Submission / Information Issue,Assisted Report Generator,incident|investigation|legal requirements,Regulator,Submitted content and transmission evidence,candidate-revalidation
JOB-QM,Quality Manager,,Quality Management,JP-F13-FUNCTION-LEAD|JP-F13.02-PROFESSIONAL|JP-F13.03-PROFESSIONAL|JP-F13.04-PROFESSIONAL,candidate-multi-profile-composition,WP-QM-001,Quality Management Plan,NATIVE,Operate,Enterprise|Project,F13,F13.01|F13.02,Quality Plan / Controlled Information,Object Workspace,quality objectives|contract requirements|standards,Inspection / assurance,Approved plan and revision,candidate-revalidation
JOB-QM,Quality Manager,,Quality Management,JP-F13-FUNCTION-LEAD|JP-F13.02-PROFESSIONAL|JP-F13.03-PROFESSIONAL|JP-F13.04-PROFESSIONAL,candidate-multi-profile-composition,WP-QM-002,Inspection & Test Plan,NATIVE,Deliver,Project|Work Package|Item/System,F13,F13.02,Inspection Plan / Verification Points,Enterprise Grid,specification|acceptance criteria|work package,Inspection / test execution,Hold/witness points and approvals,candidate-revalidation
JOB-QM,Quality Manager,,Quality Management,JP-F13-FUNCTION-LEAD|JP-F13.02-PROFESSIONAL|JP-F13.03-PROFESSIONAL|JP-F13.04-PROFESSIONAL,candidate-multi-profile-composition,WP-QM-003,Quality Audit,NATIVE,Operate,Process|Project|Supplier,F13|F20,F13.03,Audit Engagement / Finding,Case Workspace,audit criteria|evidence,Finding / CAPA,"Scope, evidence and findings",candidate-revalidation
JOB-QM,Quality Manager,,Quality Management,JP-F13-FUNCTION-LEAD|JP-F13.02-PROFESSIONAL|JP-F13.03-PROFESSIONAL|JP-F13.04-PROFESSIONAL,candidate-multi-profile-composition,WP-QM-004,Inspection / Test Record,NATIVE,Deliver,Work Package|Asset|Item,F13,F13.04,Inspection / Test,Field/Mobile composition,ITP|criteria|sample,Acceptance / NCR / defect,"Result, inspector and evidence",candidate-revalidation
JOB-QM,Quality Manager,,Quality Management,JP-F13-FUNCTION-LEAD|JP-F13.02-PROFESSIONAL|JP-F13.03-PROFESSIONAL|JP-F13.04-PROFESSIONAL,candidate-multi-profile-composition,WP-QM-005,Non-conformance Report,NATIVE,Deliver,Project|Item|Work Package,F13,F13.05,Non-conformance,Case Workspace,inspection|test|observation,Disposition / CAPA,"Containment, classification and disposition",candidate-revalidation
JOB-QM,Quality Manager,,Quality Management,JP-F13-FUNCTION-LEAD|JP-F13.02-PROFESSIONAL|JP-F13.03-PROFESSIONAL|JP-F13.04-PROFESSIONAL,candidate-multi-profile-composition,WP-QM-006,Defect / Snag Record,NATIVE,Deliver,Location|Asset|Work Package,F13,F13.05,Defect,Field/Mobile composition,inspection|observation,Remedial work / closure,Before/after evidence,candidate-revalidation
JOB-QM,Quality Manager,,Quality Management,JP-F13-FUNCTION-LEAD|JP-F13.02-PROFESSIONAL|JP-F13.03-PROFESSIONAL|JP-F13.04-PROFESSIONAL,candidate-multi-profile-composition,WP-QM-007,Corrective / Preventive Action,NATIVE,Operate,NCR|Audit Finding|Defect,F13,F13.06,CAPA,My Work|Object Workspace,root cause|finding,Verified effectiveness,Action owner and effectiveness check,candidate-revalidation
JOB-QM,Quality Manager,,Quality Management,JP-F13-FUNCTION-LEAD|JP-F13.02-PROFESSIONAL|JP-F13.03-PROFESSIONAL|JP-F13.04-PROFESSIONAL,candidate-multi-profile-composition,WP-QM-008,Supplier Quality Review,NATIVE,Operate,Supplier|Item|Contract,F09|F13,F13.07|F09.10,Supplier Quality Assessment,Enterprise Grid,incoming inspections|NCR|performance,Supplier action / sourcing decision,Period scores and evidence,candidate-revalidation
JOB-QM,Quality Manager,,Quality Management,JP-F13-FUNCTION-LEAD|JP-F13.02-PROFESSIONAL|JP-F13.03-PROFESSIONAL|JP-F13.04-PROFESSIONAL,candidate-multi-profile-composition,WP-QM-009,Quality Certificate / Release,ASSISTED,Deliver,Item|Asset|Work Package,F13|F26,F13.08,Quality Certificate / Information Container,Assisted Report Generator,inspection|test|approval,Release / handover,Signer authority and exact evidence,candidate-revalidation
JOB-QM,Quality Manager,,Quality Management,JP-F13-FUNCTION-LEAD|JP-F13.02-PROFESSIONAL|JP-F13.03-PROFESSIONAL|JP-F13.04-PROFESSIONAL,candidate-multi-profile-composition,WP-QM-010,Quality Performance Report,ASSISTED,Operate,Enterprise|Project|Period,F13,F13.10,Controlled Reporting Snapshot,Assisted Report Generator,defects|NCR|audits|CAPA|cost of quality,Management review,Period-locked metrics and trends,candidate-revalidation
JOB-ENV,Environmental Manager,,"Health, Safety, Environment & Sustainability",JP-F23.07-PROFESSIONAL|JP-F23.14-PROFESSIONAL,candidate-multi-profile-composition,WP-ENV-001,Environmental Management Plan,NATIVE,Operate,Enterprise|Project|Site,F23,F23.07,Environmental Management Plan / Information Container,Object Workspace,policy|consents|aspects|project scope,Controls / monitoring,Approved plan and revision,candidate-revalidation
JOB-ENV,Environmental Manager,,"Health, Safety, Environment & Sustainability",JP-F23.07-PROFESSIONAL|JP-F23.14-PROFESSIONAL,candidate-multi-profile-composition,WP-ENV-002,Aspect / Impact Register,NATIVE,Operate,Enterprise|Project|Activity,F23,F23.07,Environmental Aspect / Impact,Enterprise Grid,activities|materials|locations,Controls / objectives,Assessment basis and significance,candidate-revalidation
JOB-ENV,Environmental Manager,,"Health, Safety, Environment & Sustainability",JP-F23.07-PROFESSIONAL|JP-F23.14-PROFESSIONAL,candidate-multi-profile-composition,WP-ENV-003,Environmental Permit / Consent Register,NATIVE,Operate,Site|Project|Authority,F20|F23,F23.14,Compliance Requirement / Permit Evidence,Enterprise Grid,regulatory requirements|consents,Monitoring / returns,"Effectivity, conditions and owner",candidate-revalidation
JOB-ENV,Environmental Manager,,"Health, Safety, Environment & Sustainability",JP-F23.07-PROFESSIONAL|JP-F23.14-PROFESSIONAL,candidate-multi-profile-composition,WP-ENV-004,Environmental Inspection,NATIVE,Deliver,Site|Location,F23,F23.07,Inspection,Field/Mobile composition,EMP|permit conditions|controls,Finding / action,Observations and evidence,candidate-revalidation
JOB-ENV,Environmental Manager,,"Health, Safety, Environment & Sustainability",JP-F23.07-PROFESSIONAL|JP-F23.14-PROFESSIONAL,candidate-multi-profile-composition,WP-ENV-005,Environmental Monitoring / Sample Result,NATIVE,Deliver,Site|Monitoring Point|Period,F23,F23.14,Observation / Test Evidence,Field/Mobile composition|Import Workbench,monitoring plan|instrument/lab data,Compliance assessment,"Sample, method, location and provenance",candidate-revalidation
JOB-ENV,Environmental Manager,,"Health, Safety, Environment & Sustainability",JP-F23.07-PROFESSIONAL|JP-F23.14-PROFESSIONAL,candidate-multi-profile-composition,WP-ENV-006,Waste Consignment / Transfer Record,NATIVE,Deliver,Site|Waste Type|Carrier,F10|F23,F23.08,Waste Consignment,Field/Mobile composition,waste classification|quantity|parties,Compliance / cost / sustainability,Immutable regulated transfer evidence,candidate-revalidation
JOB-ENV,Environmental Manager,,"Health, Safety, Environment & Sustainability",JP-F23.07-PROFESSIONAL|JP-F23.14-PROFESSIONAL,candidate-multi-profile-composition,WP-ENV-007,Pollution / Environmental Incident,NATIVE,Deliver,Site|Location,F23,F23.04|F23.07,Incident,Field/Mobile composition,event|photos|monitoring,Investigation / regulator / CAPA,Time/location/cause evidence,candidate-revalidation
JOB-ENV,Environmental Manager,,"Health, Safety, Environment & Sustainability",JP-F23.07-PROFESSIONAL|JP-F23.14-PROFESSIONAL,candidate-multi-profile-composition,WP-ENV-008,Environmental Corrective Action,NATIVE,Operate,Finding|Incident|Requirement,F13|F23,F13.06|F23.14,CAPA / Decision Action,My Work|Object Workspace,finding|cause|requirement,Verified closure,Action and effectiveness evidence,candidate-revalidation
JOB-ENV,Environmental Manager,,"Health, Safety, Environment & Sustainability",JP-F23.07-PROFESSIONAL|JP-F23.14-PROFESSIONAL,candidate-multi-profile-composition,WP-ENV-009,Environmental Compliance Return,ASSISTED,Operate,Legal Entity|Site|Authority|Period,F20|F23|F26,F23.14,Regulatory Submission,Assisted Report Generator,monitoring|waste|permit evidence,Regulator,Submitted values and source evidence,candidate-revalidation
JOB-ENV,Environmental Manager,,"Health, Safety, Environment & Sustainability",JP-F23.07-PROFESSIONAL|JP-F23.14-PROFESSIONAL,candidate-multi-profile-composition,WP-ENV-010,Environmental Performance Report,ASSISTED,Operate,Enterprise|Project|Period,F23,F23.07,Controlled Reporting Snapshot,Assisted Report Generator,aspects|incidents|waste|energy|compliance,Management review,Period-locked metrics and definitions,candidate-revalidation
JOB-AM,Asset Manager,,"Property, Facilities & Physical Assets",JP-F22.01-PROFESSIONAL|JP-F22.06-PROFESSIONAL|JP-F22.14-PROFESSIONAL,candidate-multi-profile-composition,WP-AM-001,Asset Strategy,NATIVE,Operate,Estate|Portfolio|Asset Class,F22,F22.01,Asset Strategy,Object Workspace,business strategy|service needs|asset portfolio,Lifecycle / investment plans,Approved strategy and assumptions,candidate-revalidation
JOB-AM,Asset Manager,,"Property, Facilities & Physical Assets",JP-F22.01-PROFESSIONAL|JP-F22.06-PROFESSIONAL|JP-F22.14-PROFESSIONAL,candidate-multi-profile-composition,WP-AM-002,Asset Register / Information Standard,NATIVE,Enterprise Data,Estate|System|Asset,F22,F22.06,Asset / System / Asset Information Requirement,Enterprise Grid|Structure Browser,handover|survey|acquisition,Operations / finance / maintenance,"Identity, classification and stewardship",candidate-revalidation
JOB-AM,Asset Manager,,"Property, Facilities & Physical Assets",JP-F22.01-PROFESSIONAL|JP-F22.06-PROFESSIONAL|JP-F22.14-PROFESSIONAL,candidate-multi-profile-composition,WP-AM-003,Asset Criticality / Risk Assessment,NATIVE,Operate,Asset|System,F20|F22,F22.01|F22.09,Risk Assessment / Criticality Evidence,Enterprise Grid,service consequence|failure|safety|cost,Maintenance / replacement priority,Assessment method and reviewer,candidate-revalidation
JOB-AM,Asset Manager,,"Property, Facilities & Physical Assets",JP-F22.01-PROFESSIONAL|JP-F22.06-PROFESSIONAL|JP-F22.14-PROFESSIONAL,candidate-multi-profile-composition,WP-AM-004,Condition Assessment,NATIVE,Operate,Asset|System|Property,F22,F22.09,Condition Assessment,Field/Mobile composition,inspection|sensor|maintenance history,Maintenance / replacement,"Observation, method and date",candidate-revalidation
JOB-AM,Asset Manager,,"Property, Facilities & Physical Assets",JP-F22.01-PROFESSIONAL|JP-F22.06-PROFESSIONAL|JP-F22.14-PROFESSIONAL,candidate-multi-profile-composition,WP-AM-005,Lifecycle / Replacement Plan,NATIVE,Operate,Asset|System|Period,F14|F22,F22.01|F22.14,Lifecycle Replacement Plan,Enterprise Grid|Calculation Workbench,condition|criticality|remaining life|cost,Capex / project pipeline,Assumptions and prioritisation,candidate-revalidation
JOB-AM,Asset Manager,,"Property, Facilities & Physical Assets",JP-F22.01-PROFESSIONAL|JP-F22.06-PROFESSIONAL|JP-F22.14-PROFESSIONAL,candidate-multi-profile-composition,WP-AM-006,Capital Investment Business Case Input,NATIVE,Operate,Asset|Portfolio|Project,F14|F22|F27,F22.02|F14.22,Capital Request / Business Case references,Calculation Workbench,lifecycle plan|risk|cost|benefit,Investment decision,Source asset needs and benefits,candidate-revalidation
JOB-AM,Asset Manager,,"Property, Facilities & Physical Assets",JP-F22.01-PROFESSIONAL|JP-F22.06-PROFESSIONAL|JP-F22.14-PROFESSIONAL,candidate-multi-profile-composition,WP-AM-007,Asset Acquisition / Commissioning Acceptance,NATIVE,Operate,Asset|Project|Contract,F22,F22.03|F22.05,Asset / Handover Acceptance,Object Workspace,procurement|commissioning|handover evidence,Operational asset,Acceptance and warranty provenance,candidate-revalidation
JOB-AM,Asset Manager,,"Property, Facilities & Physical Assets",JP-F22.01-PROFESSIONAL|JP-F22.06-PROFESSIONAL|JP-F22.14-PROFESSIONAL,candidate-multi-profile-composition,WP-AM-008,Maintenance Strategy,NATIVE,Operate,Asset Class|System,F22,F22.07|F22.09,Maintenance Strategy,Object Workspace,criticality|failure modes|manufacturer data,Maintenance Plan,Approved tactics and intervals,candidate-revalidation
JOB-AM,Asset Manager,,"Property, Facilities & Physical Assets",JP-F22.01-PROFESSIONAL|JP-F22.06-PROFESSIONAL|JP-F22.14-PROFESSIONAL,candidate-multi-profile-composition,WP-AM-009,Asset Performance / Reliability Position,ASSISTED,Operate,Asset|System|Period,F22,F22.09,Asset Health / Reliability Snapshot,Calculation Workbench|Assisted Report Generator,failures|condition|work orders|availability,Maintenance / investment decisions,Period-locked measures and method,candidate-revalidation
JOB-AM,Asset Manager,,"Property, Facilities & Physical Assets",JP-F22.01-PROFESSIONAL|JP-F22.06-PROFESSIONAL|JP-F22.14-PROFESSIONAL,candidate-multi-profile-composition,WP-AM-010,Asset Disposal Decision,NATIVE,Operate,Asset|Legal Entity,F14|F22,F22.14|F14.10,Asset Disposal / Decision,Decision Workspace,condition|value|risk|replacement|accounting,Disposal / finance,Authority and disposal basis,candidate-revalidation
JOB-AM,Asset Manager,,"Property, Facilities & Physical Assets",JP-F22.01-PROFESSIONAL|JP-F22.06-PROFESSIONAL|JP-F22.14-PROFESSIONAL,candidate-multi-profile-composition,WP-AM-011,Asset Portfolio Report,ASSISTED,Operate,Estate|Portfolio|Period,F22,F22.01,Controlled Reporting Snapshot,Assisted Report Generator,asset register|condition|risk|cost|work|investment,Executive review,Period-locked portfolio position,candidate-revalidation
JOB-MP,Maintenance Planner,,Maintenance & Asset Operations,JP-F22.07-PROFESSIONAL|JP-F22.08-PROFESSIONAL,candidate-direct-plus-adjacent,WP-MP-001,Maintenance Plan,NATIVE,Operate,Asset|System,F22,F22.07,Maintenance Plan,Structure Browser,maintenance strategy|asset hierarchy|requirements,Maintenance schedule,Approved plan and effectivity,candidate-revalidation
JOB-MP,Maintenance Planner,,Maintenance & Asset Operations,JP-F22.07-PROFESSIONAL|JP-F22.08-PROFESSIONAL,candidate-direct-plus-adjacent,WP-MP-002,Maintenance Task Template,NATIVE,Operate,Asset Class|System Type,F22,F22.07,Maintenance Task Template,Object Workspace,manufacturer instructions|standards|risk,Work Orders,Controlled task steps and evidence requirements,candidate-revalidation
JOB-MP,Maintenance Planner,,Maintenance & Asset Operations,JP-F22.07-PROFESSIONAL|JP-F22.08-PROFESSIONAL,candidate-direct-plus-adjacent,WP-MP-003,Maintenance Schedule,NATIVE,Operate,Asset|Period,F22,F22.07,Maintenance Schedule,Enterprise Grid,plan|calendar|intervals,Work Orders,Due dates and generated demand,candidate-revalidation
JOB-MP,Maintenance Planner,,Maintenance & Asset Operations,JP-F22.07-PROFESSIONAL|JP-F22.08-PROFESSIONAL,candidate-direct-plus-adjacent,WP-MP-004,Work Order Planning,NATIVE,Operate,Asset|Location|Period,F22,F22.07|F22.08,Work Order,Object Workspace,task template|defect|service request|resources,Execution,"Scope, priority and planned evidence",candidate-revalidation
JOB-MP,Maintenance Planner,,Maintenance & Asset Operations,JP-F22.07-PROFESSIONAL|JP-F22.08-PROFESSIONAL,candidate-direct-plus-adjacent,WP-MP-005,Labour / Competence Requirement,NATIVE,Operate,Work Order|Period,F15|F22,F22.07,Resource Requirement,Enterprise Grid,work order|skills|shift|availability,Allocation / dispatch,Competence requirement and planned hours,candidate-revalidation
JOB-MP,Maintenance Planner,,Maintenance & Asset Operations,JP-F22.07-PROFESSIONAL|JP-F22.08-PROFESSIONAL,candidate-direct-plus-adjacent,WP-MP-006,Parts / Material Requirement,NATIVE,Operate,Work Order|Item|Store,F10|F22,F22.07,Material Requirement / Inventory Reservation,Enterprise Grid,task template|BOM|stock,Issue / procurement,Required quantity and source,candidate-revalidation
JOB-MP,Maintenance Planner,,Maintenance & Asset Operations,JP-F22.07-PROFESSIONAL|JP-F22.08-PROFESSIONAL,candidate-direct-plus-adjacent,WP-MP-007,Permit / Isolation Requirement,NATIVE,Operate,Work Order|Asset|Location,F23,F23.06,Permit / Isolation,Object Workspace,work scope|hazards|energy sources,Safe execution,Permit prerequisites and authority,candidate-revalidation
JOB-MP,Maintenance Planner,,Maintenance & Asset Operations,JP-F22.07-PROFESSIONAL|JP-F22.08-PROFESSIONAL,candidate-direct-plus-adjacent,WP-MP-008,Maintenance Backlog / Priority Review,NATIVE,Operate,Asset|Site|Period,F22,F22.07|F22.08,Work Order Collection / Priority Assessment,Collection View,open work|risk|condition|SLA,Schedule / escalation,Priority rationale and due dates,candidate-revalidation
JOB-MP,Maintenance Planner,,Maintenance & Asset Operations,JP-F22.07-PROFESSIONAL|JP-F22.08-PROFESSIONAL,candidate-direct-plus-adjacent,WP-MP-009,Shutdown / Maintenance Window Plan,NATIVE,Operate,System|Site|Period,F22|F27,F22.07|F27.05,Maintenance Window / Schedule references,Enterprise Grid,work orders|dependencies|resources|operations constraints,Execution schedule,Approved window and dependencies,candidate-revalidation
JOB-MP,Maintenance Planner,,Maintenance & Asset Operations,JP-F22.07-PROFESSIONAL|JP-F22.08-PROFESSIONAL,candidate-direct-plus-adjacent,WP-MP-010,Maintenance Plan Performance Report,ASSISTED,Operate,Asset|Site|Period,F22,F22.07,Controlled Reporting Snapshot,Assisted Report Generator,planned vs completed|backlog|overdue|cost,Asset management review,Period-locked work-order evidence,candidate-revalidation
JOB-ELEC,Electrician,32,Building Services Trades,,gap-no-direct-job-profile,WP-ELEC-001,Site / Installation Survey,NATIVE,Deliver,Property|Site|System,F12|F22,F12.05|F22.05,Inspection / Survey Evidence,Field/Mobile composition,instruction|existing installation|drawings,Quote / work plan,"Measurements, photos and observations",candidate-revalidation
JOB-ELEC,Electrician,32,Building Services Trades,,gap-no-direct-job-profile,WP-ELEC-002,Quote / Estimate,NATIVE,Deliver,Customer|Site|Work Scope,F07,F07.06,Estimate / Quotation,Enterprise Grid,survey|materials|labour|rates,Customer approval / work order,Priced scope and assumptions,candidate-revalidation
JOB-ELEC,Electrician,32,Building Services Trades,,gap-no-direct-job-profile,WP-ELEC-003,Job / Work Order,NATIVE,Deliver,Site|Asset/System,F12|F22,F12.04|F22.08,Work Order,Field/Mobile composition,approved scope|schedule|resources,Installation / service execution,Assignment and completion evidence,candidate-revalidation
JOB-ELEC,Electrician,32,Building Services Trades,,gap-no-direct-job-profile,WP-ELEC-004,Circuit / Equipment Schedule,NATIVE,Deliver,System|Asset|Location,F22|F26,F22.06|F26.05,Technical Schedule / Asset references,Enterprise Grid,design|survey|installed equipment,Testing / asset register,Controlled equipment/circuit data,candidate-revalidation
JOB-ELEC,Electrician,32,Building Services Trades,,gap-no-direct-job-profile,WP-ELEC-005,Installation / Material Usage Record,NATIVE,Deliver,Work Order|Item|Location,F10|F12,F10.07|F12.05,Inventory Movement / Field Completion,Field/Mobile composition,issued materials|work scope,Cost / stock / as-built,Installed quantity and provenance,candidate-revalidation
JOB-ELEC,Electrician,32,Building Services Trades,,gap-no-direct-job-profile,WP-ELEC-006,Electrical Test / Inspection Record,NATIVE,Deliver,System|Circuit|Asset,F13|F22,F13.04|F22.05,Test / Inspection,Field/Mobile composition,test procedure|instrument|installation,Certificate / defect,"Measurements, instrument and tester evidence",candidate-revalidation
JOB-ELEC,Electrician,32,Building Services Trades,,gap-no-direct-job-profile,WP-ELEC-007,Electrical Certificate,ASSISTED,Deliver,Property|System|Work Order,F13|F26,F13.08,Certificate / Information Container,Assisted Report Generator,test results|inspection|scope,Client / compliance / asset record,Signer competence and source tests,candidate-revalidation
JOB-ELEC,Electrician,32,Building Services Trades,,gap-no-direct-job-profile,WP-ELEC-008,Defect / Remedial Record,NATIVE,Deliver,System|Asset|Location,F13|F22,F13.05|F22.08,Defect / Work Order,Field/Mobile composition,inspection|fault|test,Remedial work / closure,Before/after and retest evidence,candidate-revalidation
JOB-ELEC,Electrician,32,Building Services Trades,,gap-no-direct-job-profile,WP-ELEC-009,Installed Asset / Component Record,NATIVE,Enterprise Data,System|Asset|Component,F22,F22.06,Asset / Component,Field/Mobile composition|Enterprise Grid,installed item|serial|location,Maintenance / warranty,"Identity, location and installation provenance",candidate-revalidation
JOB-ELEC,Electrician,32,Building Services Trades,,gap-no-direct-job-profile,WP-ELEC-010,Service / Maintenance Record,NATIVE,Operate,Asset|Work Order,F12|F22,F12.05|F22.08,Work Order / Service Evidence,Field/Mobile composition,fault|maintenance plan|parts,Service history / invoice,"Work, parts, test and acceptance evidence",candidate-revalidation
JOB-PLUMB,Plumber,59,Building Services Trades,,gap-no-direct-job-profile,WP-PLUMB-001,Site / Plumbing Survey,NATIVE,Deliver,Property|Site|System,F12|F22,F12.05|F22.05,Inspection / Survey Evidence,Field/Mobile composition,instruction|existing installation,Quote / work plan,Measurements and photos,candidate-revalidation
JOB-PLUMB,Plumber,59,Building Services Trades,,gap-no-direct-job-profile,WP-PLUMB-002,Quote / Estimate,NATIVE,Deliver,Customer|Site|Work Scope,F07,F07.06,Estimate / Quotation,Enterprise Grid,survey|materials|labour|rates,Customer approval / work order,Priced scope and assumptions,candidate-revalidation
JOB-PLUMB,Plumber,59,Building Services Trades,,gap-no-direct-job-profile,WP-PLUMB-003,Job / Work Order,NATIVE,Deliver,Site|System|Asset,F12|F22,F12.04|F22.08,Work Order,Field/Mobile composition,approved scope|schedule|resources,Installation / repair,Assignment and completion evidence,candidate-revalidation
JOB-PLUMB,Plumber,59,Building Services Trades,,gap-no-direct-job-profile,WP-PLUMB-004,Fixture / Equipment Schedule,NATIVE,Deliver,System|Location,F22|F26,F22.06|F26.05,Technical Schedule / Asset references,Enterprise Grid,design|survey|items,Installation / asset register,Controlled schedule,candidate-revalidation
JOB-PLUMB,Plumber,59,Building Services Trades,,gap-no-direct-job-profile,WP-PLUMB-005,Installation / Material Usage Record,NATIVE,Deliver,Work Order|Item|Location,F10|F12,F10.07|F12.05,Inventory Movement / Field Completion,Field/Mobile composition,issued material|work scope,Cost / stock / as-built,Installed quantity and provenance,candidate-revalidation
JOB-PLUMB,Plumber,59,Building Services Trades,,gap-no-direct-job-profile,WP-PLUMB-006,Pressure / Functional Test Record,NATIVE,Deliver,System|Asset,F13|F22,F13.04|F22.05,Test / Inspection,Field/Mobile composition,test procedure|installation,Acceptance / defect,Measurements and tester evidence,candidate-revalidation
JOB-PLUMB,Plumber,59,Building Services Trades,,gap-no-direct-job-profile,WP-PLUMB-007,Completion / Test Certificate,ASSISTED,Deliver,Property|System|Work Order,F13|F26,F13.08,Certificate / Information Container,Assisted Report Generator,test|inspection|scope,Client / compliance record,Signer and source evidence,candidate-revalidation
JOB-PLUMB,Plumber,59,Building Services Trades,,gap-no-direct-job-profile,WP-PLUMB-008,Defect / Leak / Remedial Record,NATIVE,Deliver,System|Asset|Location,F13|F22,F13.05|F22.08,Defect / Work Order,Field/Mobile composition,fault|inspection,Repair / retest,Before/after evidence,candidate-revalidation
JOB-PLUMB,Plumber,59,Building Services Trades,,gap-no-direct-job-profile,WP-PLUMB-009,Installed Asset / Component Record,NATIVE,Enterprise Data,System|Asset|Component,F22,F22.06,Asset / Component,Field/Mobile composition,installed item|serial|location,Maintenance / warranty,Installation provenance,candidate-revalidation
JOB-PLUMB,Plumber,59,Building Services Trades,,gap-no-direct-job-profile,WP-PLUMB-010,Service / Maintenance Record,NATIVE,Operate,Asset|Work Order,F12|F22,F12.05|F22.08,Work Order / Service Evidence,Field/Mobile composition,fault|maintenance plan|parts,Service history / invoice,"Work, parts, test and acceptance",candidate-revalidation
JOB-PLANTOP,Construction Plant Operator,26,"Plant, Equipment & Specialist Operations",,gap-no-direct-job-profile,WP-PO-001,Plant Allocation / Task Acceptance,NATIVE,Deliver,Site|Asset|Shift|Work Package,F22|F27,F22.05|F27.06,Asset Allocation / Work Assignment,Field/Mobile composition,daily plan|asset availability|operator competence,Execution,Assignment acknowledgement,candidate-revalidation
JOB-PLANTOP,Construction Plant Operator,26,"Plant, Equipment & Specialist Operations",,gap-no-direct-job-profile,WP-PO-002,Pre-use Plant Check,NATIVE,Deliver,Asset|Shift,F13|F22,F13.04|F22.09,Inspection,Field/Mobile composition,checklist|asset|shift,Release / defect,"Operator, time and check evidence",candidate-revalidation
JOB-PLANTOP,Construction Plant Operator,26,"Plant, Equipment & Specialist Operations",,gap-no-direct-job-profile,WP-PO-003,Operator Competence / Authorisation Check,NATIVE,Deliver,Person|Asset Class|Site,F15|F23,F15.06|F23.01,Credential / Responsibility Evidence,Field/Mobile composition,competence|training|site rules,Authorised operation,Current credential and acknowledgement,candidate-revalidation
JOB-PLANTOP,Construction Plant Operator,26,"Plant, Equipment & Specialist Operations",,gap-no-direct-job-profile,WP-PO-004,Plant Utilisation / Hours Record,NATIVE,Deliver,Asset|Shift|Work Package,F22|F27,F22.06|F27.06,Plant Usage Record,Field/Mobile composition,task|meter/hours,Cost / maintenance / productivity,Attributed utilisation,candidate-revalidation
JOB-PLANTOP,Construction Plant Operator,26,"Plant, Equipment & Specialist Operations",,gap-no-direct-job-profile,WP-PO-005,Fuel / Consumable Usage,NATIVE,Deliver,Asset|Item|Shift,F10|F22,F10.07|F22.06,Inventory Movement / Usage Evidence,Field/Mobile composition,fuel issue|asset,Cost / sustainability,Quantity and asset provenance,candidate-revalidation
JOB-PLANTOP,Construction Plant Operator,26,"Plant, Equipment & Specialist Operations",,gap-no-direct-job-profile,WP-PO-006,Plant Defect / Failure Record,NATIVE,Deliver,Asset|Site,F22,F22.08|F22.09,Failure / Defect,Field/Mobile composition,pre-use check|operation event,Maintenance Work Order,"Time, symptoms and safe-state evidence",candidate-revalidation
JOB-PLANTOP,Construction Plant Operator,26,"Plant, Equipment & Specialist Operations",,gap-no-direct-job-profile,WP-PO-007,Task / Production Log,NATIVE,Deliver,Work Package|Activity|Shift,F27,F27.06,Progress Record / Field Evidence,Field/Mobile composition,allocated task|quantities,Project progress,Output and time evidence,candidate-revalidation
JOB-PLANTOP,Construction Plant Operator,26,"Plant, Equipment & Specialist Operations",,gap-no-direct-job-profile,WP-PO-008,Incident / Near Miss Report,NATIVE,Deliver,Site|Asset|Person,F23,F23.04,Incident,Field/Mobile composition,event|photos|witnesses,Investigation / action,Immediate attributable evidence,candidate-revalidation
