engine_id,engine_name,primary_function_codes,domain_model_state,persistence_state,user_experience_state,overall_capability_state,backend_evidence_paths,ui_evidence_path,reconciled_date
"NTE-001","Party, Organisation & Identity","F02;F15","IMPLEMENTED_BACKEND","IMPLEMENTED_BACKEND","ORGANISATION_AND_PEOPLE_ADMIN_EXPOSED","BACKEND_IMPLEMENTED__PARTIAL_USER_EXECUTION","packages/kernel/src/model.ts; packages/persistence/migrations/0001_kernel_identity.sql; packages/persistence/src/repository.ts","apps/web/src/routes/app/organisation/+page.svelte; apps/web/src/routes/app/organisation/+page.server.ts","2026-09-21"
"NTE-002","Access, Responsibility & Authority","F02;F16;F18;F20","PARTIAL_BACKEND","PARTIAL_BACKEND","ACCESS_POLICY_AND_SECURITY_CLASSIFICATION_ADMIN_EXPOSED","PARTIAL_BACKEND__METADATA_AND_EFFECTIVE_POLICY_INTEGRATION_GAP","packages/kernel/src/access.ts; packages/kernel/src/policy.ts; packages/kernel/src/security-classification.ts; packages/kernel/src/policy-factories.ts; packages/kernel/src/security-classification-factories.ts; packages/persistence/migrations/0003_kernel_access.sql; packages/persistence/migrations/0027_policy_governance.sql; packages/persistence/migrations/0028_security_classification.sql; packages/persistence/src/access-repository.ts; packages/persistence/src/policy-repository.ts; packages/persistence/src/policy-administration-command-service.ts; packages/persistence/src/security-classification-repository.ts; packages/persistence/src/security-classification-administration-command-service.ts; packages/persistence/src/security-classification-administration-read-repository.ts","apps/web/src/routes/app/access/+page.svelte; apps/web/src/routes/app/policy/+page.svelte; apps/web/src/routes/app/security-classification/+page.svelte; apps/web/src/routes/app/request-access/+page.svelte","2026-09-23"
"NTE-003","Workflow, Work & Assignment","F29","IMPLEMENTED_BACKEND","IMPLEMENTED_BACKEND","MY_WORK_READ_PROJECTION_EXPOSED","BACKEND_IMPLEMENTED__PARTIAL_USER_EXECUTION","packages/kernel/src/work.ts; packages/kernel/src/my-work.ts; packages/persistence/migrations/0004_kernel_workflow_work.sql; packages/persistence/src/work-repository.ts; packages/persistence/src/my-work-repository.ts","apps/web/src/routes/app/my-work/+page.svelte; apps/web/src/routes/app/my-work/+page.server.ts","2026-09-21"
"NTE-004","Lifecycle, Validation, Decision & Evidence","F02;F13;F20;F26","IMPLEMENTED_BACKEND","IMPLEMENTED_BACKEND","CONTROL_AND_VALIDATION_EXECUTION_WORKSPACES_EXPOSED","BACKEND_IMPLEMENTED__PARTIAL_COMMAND_GATE_INTEGRATION","packages/kernel/src/control.ts; packages/kernel/src/validation.ts; packages/kernel/src/validation-factories.ts; packages/kernel/src/validation-execution.ts; packages/persistence/migrations/0002_kernel_control_spine.sql; packages/persistence/migrations/0029_validation_policy.sql; packages/persistence/migrations/0030_validation_execution_permissions.sql; packages/persistence/src/control-repository.ts; packages/persistence/src/validation-policy-repository.ts; packages/persistence/src/validation-execution-service.ts; packages/persistence/src/validation-policy-administration-command-service.ts; packages/persistence/src/validation-policy-administration-read-repository.ts; packages/persistence/src/information-command-service.ts; packages/persistence/src/change-configuration-command-service.ts","apps/web/src/routes/app/control/+page.svelte; apps/web/src/routes/app/control/+page.server.ts; apps/web/src/routes/app/validation-policy/+page.svelte; apps/web/src/routes/app/validation-policy/+page.server.ts","2026-09-23"
"NTE-005","Information, Revision & Representation","F26","IMPLEMENTED_BACKEND","IMPLEMENTED_BACKEND","INFORMATION_REVISION_WORKSPACE_EXPOSED","BACKEND_IMPLEMENTED__PARTIAL_USER_EXECUTION","packages/kernel/src/information.ts; packages/persistence/migrations/0005_kernel_information_configuration.sql; packages/persistence/migrations/0020_information_permissions.sql; packages/persistence/src/information-repository.ts; packages/persistence/src/information-read-repository.ts; packages/persistence/src/information-command-service.ts","apps/web/src/routes/app/information/+page.svelte; apps/web/src/routes/app/information/+page.server.ts","2026-09-21"
"NTE-006","Change, Configuration & Baseline","F05;F26","IMPLEMENTED_BACKEND","IMPLEMENTED_BACKEND","CHANGE_CONFIGURATION_AND_RESOLUTION_WORKSPACES_EXPOSED","BACKEND_IMPLEMENTED__USER_EXECUTABLE_CORE","packages/kernel/src/change.ts; packages/kernel/src/information.ts; packages/kernel/src/configuration-resolution.ts; packages/kernel/src/configuration-resolution-factories.ts; packages/persistence/migrations/0005_kernel_information_configuration.sql; packages/persistence/migrations/0006_kernel_change.sql; packages/persistence/migrations/0032_configuration_resolution.sql; packages/persistence/src/change-repository.ts; packages/persistence/src/information-repository.ts; packages/persistence/src/change-configuration-read-repository.ts; packages/persistence/src/change-configuration-command-service.ts; packages/persistence/src/configuration-resolution-repository.ts; packages/persistence/src/configuration-resolution-command-service.ts; packages/persistence/src/configuration-resolution-read-repository.ts","apps/web/src/routes/app/configuration/+page.svelte; apps/web/src/routes/app/configuration/+page.server.ts; apps/web/src/routes/app/configuration-resolution/+page.svelte; apps/web/src/routes/app/configuration-resolution/+page.server.ts","2026-09-23"
"NTE-007","Deliverable, Issue & Acceptance","F27","IMPLEMENTED_BACKEND","IMPLEMENTED_BACKEND","DELIVERABLE_AND_EXCHANGE_WORKSPACES_EXPOSED","BACKEND_IMPLEMENTED__USER_EXECUTABLE_CORE","packages/kernel/src/deliverables.ts; packages/kernel/src/exchange.ts; packages/kernel/src/exchange-factories.ts; packages/persistence/migrations/0010_native_deliverables.sql; packages/persistence/migrations/0011_deliverable_authoring.sql; packages/persistence/migrations/0033_exchange_authority.sql; packages/persistence/src/deliverable-repository.ts; packages/persistence/src/deliverable-command-service.ts; packages/persistence/src/deliverable-read-repository.ts; packages/persistence/src/exchange-repository.ts; packages/persistence/src/exchange-command-service.ts; packages/persistence/src/exchange-read-repository.ts","apps/web/src/routes/app/deliverables/+page.svelte; apps/web/src/routes/app/deliverables/+page.server.ts; apps/web/src/routes/app/exchange/+page.svelte; apps/web/src/routes/app/exchange/+page.server.ts","2026-09-23"
"NTE-008","Events, Integration & Portability","F16;F17","IMPLEMENTED_BACKEND","IMPLEMENTED_BACKEND","INTEGRATION_PUBLICATION_AND_MIGRATION_WORKSPACES_EXPOSED","BACKEND_IMPLEMENTED__USER_EXECUTABLE_CORE","packages/kernel/src/portability.ts; packages/kernel/src/publication.ts; packages/kernel/src/publication-factories.ts; packages/kernel/src/migration.ts; packages/kernel/src/migration-factories.ts; packages/persistence/migrations/0007_kernel_portability.sql; packages/persistence/migrations/0034_closed_loop_publication.sql; packages/persistence/migrations/0035_governed_migration_control.sql; packages/persistence/src/portability-repository.ts; packages/persistence/src/publication-repository.ts; packages/persistence/src/publication-command-service.ts; packages/persistence/src/publication-read-repository.ts; packages/persistence/src/migration-repository.ts; packages/persistence/src/migration-command-service.ts; packages/persistence/src/migration-read-repository.ts","apps/web/src/routes/app/integration/+page.svelte; apps/web/src/routes/app/integration/+page.server.ts; apps/web/src/routes/app/migration/+page.svelte; apps/web/src/routes/app/migration/+page.server.ts","2026-09-23"
"NTE-009","HCM Position, Deployment & Competence","F15","IMPLEMENTED_BACKEND","IMPLEMENTED_BACKEND","HCM_POSITION_DEPLOYMENT_AND_COMPETENCE_EXPOSED","BACKEND_IMPLEMENTED__PARTIAL_USER_EXECUTION","packages/kernel/src/functional.ts; packages/persistence/migrations/0001_kernel_identity.sql; packages/persistence/migrations/0008_functional_framework.sql; packages/persistence/migrations/0009_function_taxonomy_seed.sql; packages/persistence/src/organisation-read-repository.ts; packages/persistence/src/functional-repository.ts; packages/persistence/src/industry-delivery-read-repository.ts","apps/web/src/routes/app/hcm/+page.svelte; apps/web/src/routes/app/organisation/+page.svelte; apps/web/src/routes/app/deployments/+page.svelte; apps/web/src/routes/app/delivery/+page.svelte; apps/web/src/routes/app/competence/+page.svelte","2026-09-22"
"NTE-010","Enterprise Search & Knowledge Retrieval","F26","TO_BUILD","TO_BUILD","NOT_EXPOSED_IN_WEB_APP","TO_BUILD","","apps/web/src/routes/+page.svelte","2026-09-21"
"NTE-011","Strategy, Scenario & Enterprise Planning","F01","TO_BUILD","TO_BUILD","NOT_EXPOSED_IN_WEB_APP","TO_BUILD","","apps/web/src/routes/+page.svelte","2026-09-21"
"NTE-012","Meeting, Collaboration & Governance","F02","TO_BUILD","TO_BUILD","NOT_EXPOSED_IN_WEB_APP","TO_BUILD__COLLABORATION_AND_GOVERNANCE","", "apps/web/src/routes/+page.svelte","2026-09-23"
"NTE-013","Performance, KPI & Benefits","F03","TO_BUILD","TO_BUILD","NOT_EXPOSED_IN_WEB_APP","TO_BUILD","","apps/web/src/routes/+page.svelte","2026-09-21"
"NTE-014","Deal, M&A & Corporate Development","F04","TO_BUILD","TO_BUILD","NOT_EXPOSED_IN_WEB_APP","TO_BUILD","","apps/web/src/routes/+page.svelte","2026-09-21"
"NTE-015","Product, Service & Innovation Lifecycle","F05","TO_BUILD","TO_BUILD","NOT_EXPOSED_IN_WEB_APP","TO_BUILD","","apps/web/src/routes/+page.svelte","2026-09-21"
"NTE-016","Marketing, Campaign & Brand","F06","TO_BUILD","TO_BUILD","NOT_EXPOSED_IN_WEB_APP","TO_BUILD","","apps/web/src/routes/+page.svelte","2026-09-21"
"NTE-017","CRM, Opportunity & Account","F07","TO_BUILD","TO_BUILD","NOT_EXPOSED_IN_WEB_APP","TO_BUILD","","apps/web/src/routes/+page.svelte","2026-09-21"
"NTE-018","Pricing, CPQ, Bid & Sales Order","F07","TO_BUILD","TO_BUILD","NOT_EXPOSED_IN_WEB_APP","TO_BUILD","","apps/web/src/routes/+page.svelte","2026-09-21"
"NTE-019","Customer Service, Case & Success","F08","TO_BUILD","TO_BUILD","NOT_EXPOSED_IN_WEB_APP","TO_BUILD","","apps/web/src/routes/+page.svelte","2026-09-21"
"NTE-020","Supplier, Sourcing & Procurement","F09","TO_BUILD","TO_BUILD","NOT_EXPOSED_IN_WEB_APP","TO_BUILD","","apps/web/src/routes/+page.svelte","2026-09-21"
"NTE-021","Demand, Supply & MRP Planning","F10","TO_BUILD","TO_BUILD","NOT_EXPOSED_IN_WEB_APP","TO_BUILD","","apps/web/src/routes/+page.svelte","2026-09-21"
"NTE-022","Inventory, Warehouse & Logistics","F10","TO_BUILD","TO_BUILD","NOT_EXPOSED_IN_WEB_APP","TO_BUILD","","apps/web/src/routes/+page.svelte","2026-09-21"
"NTE-023","Manufacturing & Production Execution","F11","TO_BUILD","TO_BUILD","NOT_EXPOSED_IN_WEB_APP","TO_BUILD","","apps/web/src/routes/+page.svelte","2026-09-21"
"NTE-024","Service Planning, Dispatch & Field Execution","F12","TO_BUILD","TO_BUILD","NOT_EXPOSED_IN_WEB_APP","TO_BUILD","","apps/web/src/routes/+page.svelte","2026-09-21"
"NTE-025","Quality, Inspection, Test & CAPA","F13","TO_BUILD","TO_BUILD","NOT_EXPOSED_IN_WEB_APP","TO_BUILD","","apps/web/src/routes/+page.svelte","2026-09-21"
"NTE-026","Accounting, Ledger & Financial Close","F14","TO_BUILD","TO_BUILD","NOT_EXPOSED_IN_WEB_APP","TO_BUILD","","apps/web/src/routes/+page.svelte","2026-09-21"
"NTE-027","Treasury, Cash & Tax","F14","TO_BUILD","TO_BUILD","NOT_EXPOSED_IN_WEB_APP","TO_BUILD","","apps/web/src/routes/+page.svelte","2026-09-21"
"NTE-028","Workforce, HCM, Payroll & Talent","F15","TO_BUILD","TO_BUILD","NOT_EXPOSED_IN_WEB_APP","TO_BUILD","","apps/web/src/routes/+page.svelte","2026-09-21"
"NTE-029","IT Service & Configuration Management","F16","TO_BUILD","TO_BUILD","NOT_EXPOSED_IN_WEB_APP","TO_BUILD","","apps/web/src/routes/+page.svelte","2026-09-21"
"NTE-030","DevOps, Platform & Endpoint Operations","F16","TO_BUILD","TO_BUILD","NOT_EXPOSED_IN_WEB_APP","TO_BUILD","","apps/web/src/routes/+page.svelte","2026-09-21"
"NTE-031","Data Integration, Engineering & Lakehouse","F17","TO_BUILD","TO_BUILD","NOT_EXPOSED_IN_WEB_APP","TO_BUILD","","apps/web/src/routes/+page.svelte","2026-09-21"
"NTE-032","Master Data, Catalogue & Governance","F17","PARTIAL_BACKEND","PARTIAL_BACKEND","METADATA_GOVERNANCE_WORKSPACE_EXPOSED","PARTIAL__GOVERNED_METADATA_IMPLEMENTED_MASTER_REFERENCE_CATALOGUE_STEWARDSHIP_GAPS_REMAIN","packages/kernel/src/metadata.ts; packages/kernel/src/metadata-factories.ts; packages/persistence/migrations/0031_metadata_governance.sql; packages/persistence/src/metadata-repository.ts; packages/persistence/src/metadata-administration-command-service.ts; packages/persistence/src/metadata-administration-read-repository.ts","apps/web/src/routes/app/metadata/+page.svelte; apps/web/src/routes/app/metadata/+page.server.ts","2026-09-23"
"NTE-033","BI, Semantic Analytics & Reporting","F17","TO_BUILD","TO_BUILD","NOT_EXPOSED_IN_WEB_APP","TO_BUILD","","apps/web/src/routes/+page.svelte","2026-09-21"
"NTE-034","AI, ML, Agents & Model Governance","F17","TO_BUILD","TO_BUILD","NOT_EXPOSED_IN_WEB_APP","TO_BUILD","","apps/web/src/routes/+page.svelte","2026-09-21"
"NTE-035","Cybersecurity Operations & Exposure","F18","TO_BUILD","TO_BUILD","NOT_EXPOSED_IN_WEB_APP","TO_BUILD","","apps/web/src/routes/+page.svelte","2026-09-21"
"NTE-036","Legal Matter, Contract & Entity","F19","TO_BUILD","TO_BUILD","NOT_EXPOSED_IN_WEB_APP","TO_BUILD","","apps/web/src/routes/+page.svelte","2026-09-21"
"NTE-037","Risk, Compliance, Control & Audit","F20","TO_BUILD","TO_BUILD","NOT_EXPOSED_IN_WEB_APP","TO_BUILD","","apps/web/src/routes/+page.svelte","2026-09-21"
"NTE-038","Privacy & Information Governance","F21","TO_BUILD","TO_BUILD","NOT_EXPOSED_IN_WEB_APP","TO_BUILD","","apps/web/src/routes/+page.svelte","2026-09-21"
"NTE-039","Asset, Property, Facilities & Maintenance","F22","TO_BUILD","TO_BUILD","NOT_EXPOSED_IN_WEB_APP","TO_BUILD","","apps/web/src/routes/+page.svelte","2026-09-21"
"NTE-040","HSE, Permit, Environment & ESG","F23","TO_BUILD","TO_BUILD","NOT_EXPOSED_IN_WEB_APP","TO_BUILD","","apps/web/src/routes/+page.svelte","2026-09-21"
"NTE-041","Continuity, Crisis & Physical Security","F24","TO_BUILD","TO_BUILD","NOT_EXPOSED_IN_WEB_APP","TO_BUILD","","apps/web/src/routes/+page.svelte","2026-09-21"
"NTE-042","Communications, Media, Public Affairs & IR","F25","TO_BUILD","TO_BUILD","NOT_EXPOSED_IN_WEB_APP","TO_BUILD","","apps/web/src/routes/+page.svelte","2026-09-21"
"NTE-043","Knowledge, Document, Records & CDE","F26","PARTIAL_DOMAIN","PARTIAL_DOMAIN","NOT_EXPOSED_IN_WEB_APP","PARTIAL_DOMAIN__USER_EXECUTION_GAP","packages/kernel/src/information.ts; packages/kernel/src/deliverables.ts; packages/persistence/src/information-repository.ts; packages/persistence/src/deliverable-repository.ts","apps/web/src/routes/+page.svelte","2026-09-21"
"NTE-044","Portfolio, Programme, Project & Resource","F27","TO_BUILD","TO_BUILD","NOT_EXPOSED_IN_WEB_APP","TO_BUILD","","apps/web/src/routes/+page.svelte","2026-09-21"
"NTE-045","Project Controls, CPM, 4D & EVM","F27","TO_BUILD","TO_BUILD","NOT_EXPOSED_IN_WEB_APP","TO_BUILD","","apps/web/src/routes/+page.svelte","2026-09-21"
"NTE-046","Transformation, Change & Adoption","F28","TO_BUILD","TO_BUILD","NOT_EXPOSED_IN_WEB_APP","TO_BUILD","","apps/web/src/routes/+page.svelte","2026-09-21"
"NTE-047","Process Architecture, BPMN/DMN & Orchestration","F29","TO_BUILD","TO_BUILD","NOT_EXPOSED_IN_WEB_APP","TO_BUILD","","apps/web/src/routes/+page.svelte","2026-09-21"
"NTE-048","Process Mining & Continuous Improvement","F29","TO_BUILD","TO_BUILD","NOT_EXPOSED_IN_WEB_APP","TO_BUILD","","apps/web/src/routes/+page.svelte","2026-09-21"
"NTE-049","CAD, BIM & Parametric Design Authoring","F05;F26;F27","FOUNDATION_ONLY","FOUNDATION_ONLY","NOT_EXPOSED_IN_WEB_APP","TO_BUILD","packages/kernel/src/industry.ts; packages/persistence/migrations/0012_construction_industry_solution.sql; packages/persistence/migrations/0014_construction_job_capabilities.sql","apps/web/src/routes/+page.svelte","2026-09-21"
"NTE-050","Engineering Analysis & Calculation","F05;F27","FOUNDATION_ONLY","FOUNDATION_ONLY","NOT_EXPOSED_IN_WEB_APP","TO_BUILD","packages/kernel/src/industry.ts; packages/persistence/migrations/0012_construction_industry_solution.sql; packages/persistence/migrations/0014_construction_job_capabilities.sql","apps/web/src/routes/+page.svelte","2026-09-21"
"NTE-051","Survey, GIS & Reality Capture","F22;F27","FOUNDATION_ONLY","FOUNDATION_ONLY","NOT_EXPOSED_IN_WEB_APP","TO_BUILD","packages/kernel/src/industry.ts; packages/persistence/migrations/0012_construction_industry_solution.sql; packages/persistence/migrations/0014_construction_job_capabilities.sql","apps/web/src/routes/+page.svelte","2026-09-21"
"NTE-052","Estimating, Measurement, Cost Planning & BoQ","F07;F27","PARTIAL_DOMAIN","PARTIAL_DOMAIN","NOT_EXPOSED_IN_WEB_APP","PARTIAL_DOMAIN__USER_EXECUTION_GAP","packages/kernel/src/commercial.ts; packages/persistence/migrations/0015_construction_commercial_control.sql; packages/persistence/src/commercial-repository.ts","apps/web/src/routes/+page.svelte","2026-09-21"
"NTE-053","Construction Commercial & Contract Administration","F07;F19;F27","PARTIAL_DOMAIN","PARTIAL_DOMAIN","NOT_EXPOSED_IN_WEB_APP","PARTIAL_DOMAIN__USER_EXECUTION_GAP","packages/kernel/src/commercial.ts; packages/kernel/src/commercial.test.ts; packages/persistence/migrations/0015_construction_commercial_control.sql; packages/persistence/src/commercial-repository.ts","apps/web/src/routes/+page.svelte","2026-09-21"
"NTE-054","Construction Site Production & Field Evidence","F12;F27","FOUNDATION_ONLY","FOUNDATION_ONLY","NOT_EXPOSED_IN_WEB_APP","TO_BUILD","packages/kernel/src/industry.ts; packages/persistence/migrations/0012_construction_industry_solution.sql; packages/persistence/migrations/0014_construction_job_capabilities.sql","apps/web/src/routes/+page.svelte","2026-09-21"
"NTE-055","Fabrication & Off-site Production","F11;F27","FOUNDATION_ONLY","FOUNDATION_ONLY","NOT_EXPOSED_IN_WEB_APP","TO_BUILD","packages/kernel/src/industry.ts; packages/persistence/migrations/0012_construction_industry_solution.sql; packages/persistence/migrations/0014_construction_job_capabilities.sql","apps/web/src/routes/+page.svelte","2026-09-21"
"NTE-056","Commissioning, Handover & Asset Information","F22;F27","FOUNDATION_ONLY","FOUNDATION_ONLY","NOT_EXPOSED_IN_WEB_APP","TO_BUILD","packages/kernel/src/industry.ts; packages/persistence/migrations/0012_construction_industry_solution.sql; packages/persistence/migrations/0014_construction_job_capabilities.sql","apps/web/src/routes/+page.svelte","2026-09-21"
"NTE-057","Digital Twin & Operational Asset Information","F22","FOUNDATION_ONLY","FOUNDATION_ONLY","NOT_EXPOSED_IN_WEB_APP","TO_BUILD","packages/kernel/src/industry.ts; packages/persistence/migrations/0012_construction_industry_solution.sql; packages/persistence/migrations/0014_construction_job_capabilities.sql","apps/web/src/routes/+page.svelte","2026-09-21"
"NTE-058","Platform Extension & Configuration Governance","F16;F17","IMPLEMENTED_BACKEND","IMPLEMENTED_BACKEND","EXTENSION_AND_CONFIGURATION_PROMOTION_WORKSPACES_EXPOSED","BACKEND_IMPLEMENTED__USER_EXECUTABLE_CORE","packages/kernel/src/extension.ts; packages/kernel/src/extension-factories.ts; packages/kernel/src/configuration-promotion.ts; packages/kernel/src/configuration-promotion-factories.ts; packages/persistence/migrations/0036_extension_governance.sql; packages/persistence/migrations/0037_configuration_promotion.sql; packages/persistence/src/extension-repository.ts; packages/persistence/src/extension-command-service.ts; packages/persistence/src/extension-read-repository.ts; packages/persistence/src/configuration-promotion-repository.ts; packages/persistence/src/configuration-promotion-command-service.ts; packages/persistence/src/configuration-promotion-read-repository.ts","apps/web/src/routes/app/extensions/+page.svelte; apps/web/src/routes/app/extensions/+page.server.ts; apps/web/src/routes/app/configuration-promotion/+page.svelte; apps/web/src/routes/app/configuration-promotion/+page.server.ts","2026-09-24"
