l2_id,function_code,function_name,l2_name,activity_count,native_engine_ids,shared_platform_engine_ids,mapping_status,effective_date
"F01.01","F01","Strategy & Enterprise Planning","Vision & purpose","5","NTE-011;NTE-013","NTE-002;NTE-003;NTE-004;NTE-005;NTE-007;NTE-008;NTE-009","FUNCTION_AND_L2_SEMANTIC_BASELINE","2026-09-21"
"F01.02","F01","Strategy & Enterprise Planning","Environmental analysis","6","NTE-011;NTE-013","NTE-002;NTE-003;NTE-004;NTE-005;NTE-007;NTE-008;NTE-009","FUNCTION_AND_L2_SEMANTIC_BASELINE","2026-09-21"
"F01.03","F01","Strategy & Enterprise Planning","Strategic planning","5","NTE-011;NTE-013","NTE-002;NTE-003;NTE-004;NTE-005;NTE-007;NTE-008;NTE-009","FUNCTION_AND_L2_SEMANTIC_BASELINE","2026-09-21"
"F01.04","F01","Strategy & Enterprise Planning","Business planning","5","NTE-011;NTE-013","NTE-002;NTE-003;NTE-004;NTE-005;NTE-007;NTE-008;NTE-009","FUNCTION_AND_L2_SEMANTIC_BASELINE","2026-09-21"
"F01.05","F01","Strategy & Enterprise Planning","Operating model","5","NTE-011;NTE-013","NTE-002;NTE-003;NTE-004;NTE-005;NTE-007;NTE-008;NTE-009","FUNCTION_AND_L2_SEMANTIC_BASELINE","2026-09-21"
"F01.06","F01","Strategy & Enterprise Planning","Goal & KPI management","6","NTE-011;NTE-013;NTE-033","NTE-002;NTE-003;NTE-004;NTE-005;NTE-007;NTE-008;NTE-009","FUNCTION_AND_L2_SEMANTIC_BASELINE","2026-09-21"
"F01.07","F01","Strategy & Enterprise Planning","Strategic review","5","NTE-011;NTE-013","NTE-002;NTE-003;NTE-004;NTE-005;NTE-007;NTE-008;NTE-009","FUNCTION_AND_L2_SEMANTIC_BASELINE","2026-09-21"
"F01.08","F01","Strategy & Enterprise Planning","Scenario & foresight planning","4","NTE-011;NTE-013","NTE-002;NTE-003;NTE-004;NTE-005;NTE-007;NTE-008;NTE-009","FUNCTION_AND_L2_SEMANTIC_BASELINE","2026-09-21"
"F02.01","F02","Corporate Governance","Board governance","5","NTE-012;NTE-002;NTE-004","NTE-002;NTE-003;NTE-004;NTE-005;NTE-007;NTE-008;NTE-009","FUNCTION_AND_L2_SEMANTIC_BASELINE","2026-09-21"
"F02.02","F02","Corporate Governance","Governance framework","4","NTE-012;NTE-002;NTE-004","NTE-002;NTE-003;NTE-004;NTE-005;NTE-007;NTE-008;NTE-009","FUNCTION_AND_L2_SEMANTIC_BASELINE","2026-09-21"
"F02.03","F02","Corporate Governance","Delegation of authority","4","NTE-012;NTE-002;NTE-004","NTE-002;NTE-003;NTE-004;NTE-005;NTE-007;NTE-008;NTE-009","FUNCTION_AND_L2_SEMANTIC_BASELINE","2026-09-21"
"F02.04","F02","Corporate Governance","Executive management","4","NTE-012;NTE-002;NTE-004","NTE-002;NTE-003;NTE-004;NTE-005;NTE-007;NTE-008;NTE-009","FUNCTION_AND_L2_SEMANTIC_BASELINE","2026-09-21"
"F02.05","F02","Corporate Governance","Committee governance","5","NTE-012;NTE-002;NTE-004","NTE-002;NTE-003;NTE-004;NTE-005;NTE-007;NTE-008;NTE-009","FUNCTION_AND_L2_SEMANTIC_BASELINE","2026-09-21"
"F02.06","F02","Corporate Governance","Policy governance","5","NTE-012;NTE-002;NTE-004;NTE-043","NTE-002;NTE-003;NTE-004;NTE-005;NTE-007;NTE-008;NTE-009","FUNCTION_AND_L2_SEMANTIC_BASELINE","2026-09-21"
"F02.07","F02","Corporate Governance","Ethics governance","4","NTE-012;NTE-002;NTE-004;NTE-037","NTE-002;NTE-003;NTE-004;NTE-005;NTE-007;NTE-008;NTE-009","FUNCTION_AND_L2_SEMANTIC_BASELINE","2026-09-21"
"F03.01","F03","Enterprise Performance Management","Performance framework","3","NTE-013;NTE-033","NTE-002;NTE-003;NTE-004;NTE-005;NTE-007;NTE-008;NTE-009","FUNCTION_AND_L2_SEMANTIC_BASELINE","2026-09-21"
"F03.02","F03","Enterprise Performance Management","Performance reporting","4","NTE-013;NTE-033","NTE-002;NTE-003;NTE-004;NTE-005;NTE-007;NTE-008;NTE-009","FUNCTION_AND_L2_SEMANTIC_BASELINE","2026-09-21"
"F03.03","F03","Enterprise Performance Management","Variance management","4","NTE-013;NTE-033","NTE-002;NTE-003;NTE-004;NTE-005;NTE-007;NTE-008;NTE-009","FUNCTION_AND_L2_SEMANTIC_BASELINE","2026-09-21"
"F03.04","F03","Enterprise Performance Management","Management review","4","NTE-013;NTE-033","NTE-002;NTE-003;NTE-004;NTE-005;NTE-007;NTE-008;NTE-009","FUNCTION_AND_L2_SEMANTIC_BASELINE","2026-09-21"
"F03.05","F03","Enterprise Performance Management","Benchmarking","4","NTE-013;NTE-033","NTE-002;NTE-003;NTE-004;NTE-005;NTE-007;NTE-008;NTE-009","FUNCTION_AND_L2_SEMANTIC_BASELINE","2026-09-21"
"F03.06","F03","Enterprise Performance Management","Benefits realisation","5","NTE-013;NTE-033","NTE-002;NTE-003;NTE-004;NTE-005;NTE-007;NTE-008;NTE-009","FUNCTION_AND_L2_SEMANTIC_BASELINE","2026-09-21"
"F04.01","F04","Corporate Development & M&A","Opportunity identification","3","NTE-014","NTE-002;NTE-003;NTE-004;NTE-005;NTE-007;NTE-008;NTE-009","FUNCTION_AND_L2_SEMANTIC_BASELINE","2026-09-21"
"F04.02","F04","Corporate Development & M&A","Valuation","4","NTE-014;NTE-026","NTE-002;NTE-003;NTE-004;NTE-005;NTE-007;NTE-008;NTE-009","FUNCTION_AND_L2_SEMANTIC_BASELINE","2026-09-21"
"F04.03","F04","Corporate Development & M&A","Due diligence","7","NTE-014;NTE-037;NTE-043","NTE-002;NTE-003;NTE-004;NTE-005;NTE-007;NTE-008;NTE-009","FUNCTION_AND_L2_SEMANTIC_BASELINE","2026-09-21"
"F04.04","F04","Corporate Development & M&A","Transaction management","5","NTE-014","NTE-002;NTE-003;NTE-004;NTE-005;NTE-007;NTE-008;NTE-009","FUNCTION_AND_L2_SEMANTIC_BASELINE","2026-09-21"
"F04.05","F04","Corporate Development & M&A","Integration","4","NTE-014;NTE-046","NTE-002;NTE-003;NTE-004;NTE-005;NTE-007;NTE-008;NTE-009","FUNCTION_AND_L2_SEMANTIC_BASELINE","2026-09-21"
"F04.06","F04","Corporate Development & M&A","Divestiture","5","NTE-014;NTE-046","NTE-002;NTE-003;NTE-004;NTE-005;NTE-007;NTE-008;NTE-009","FUNCTION_AND_L2_SEMANTIC_BASELINE","2026-09-21"
"F04.07","F04","Corporate Development & M&A","Strategic partnerships","5","NTE-014","NTE-002;NTE-003;NTE-004;NTE-005;NTE-007;NTE-008;NTE-009","FUNCTION_AND_L2_SEMANTIC_BASELINE","2026-09-21"
"F05.01","F05","Product, Service & Innovation Management","Portfolio strategy","5","NTE-015;NTE-006","NTE-002;NTE-003;NTE-004;NTE-005;NTE-007;NTE-008;NTE-009","FUNCTION_AND_L2_SEMANTIC_BASELINE","2026-09-21"
"F05.02","F05","Product, Service & Innovation Management","Market/customer needs","4","NTE-015;NTE-006","NTE-002;NTE-003;NTE-004;NTE-005;NTE-007;NTE-008;NTE-009","FUNCTION_AND_L2_SEMANTIC_BASELINE","2026-09-21"
"F05.03","F05","Product, Service & Innovation Management","Product/service ideation","5","NTE-015;NTE-006","NTE-002;NTE-003;NTE-004;NTE-005;NTE-007;NTE-008;NTE-009","FUNCTION_AND_L2_SEMANTIC_BASELINE","2026-09-21"
"F05.04","F05","Product, Service & Innovation Management","Business case development","5","NTE-015;NTE-006","NTE-002;NTE-003;NTE-004;NTE-005;NTE-007;NTE-008;NTE-009","FUNCTION_AND_L2_SEMANTIC_BASELINE","2026-09-21"
"F05.05","F05","Product, Service & Innovation Management","Product/service design","5","NTE-015;NTE-006","NTE-002;NTE-003;NTE-004;NTE-005;NTE-007;NTE-008;NTE-009","FUNCTION_AND_L2_SEMANTIC_BASELINE","2026-09-21"
"F05.06","F05","Product, Service & Innovation Management","Development","4","NTE-015;NTE-006","NTE-002;NTE-003;NTE-004;NTE-005;NTE-007;NTE-008;NTE-009","FUNCTION_AND_L2_SEMANTIC_BASELINE","2026-09-21"
"F05.07","F05","Product, Service & Innovation Management","Launch management","5","NTE-015;NTE-006","NTE-002;NTE-003;NTE-004;NTE-005;NTE-007;NTE-008;NTE-009","FUNCTION_AND_L2_SEMANTIC_BASELINE","2026-09-21"
"F05.08","F05","Product, Service & Innovation Management","Lifecycle management","4","NTE-015;NTE-006","NTE-002;NTE-003;NTE-004;NTE-005;NTE-007;NTE-008;NTE-009","FUNCTION_AND_L2_SEMANTIC_BASELINE","2026-09-21"
"F05.09","F05","Product, Service & Innovation Management","Product retirement","5","NTE-015;NTE-006","NTE-002;NTE-003;NTE-004;NTE-005;NTE-007;NTE-008;NTE-009","FUNCTION_AND_L2_SEMANTIC_BASELINE","2026-09-21"
"F05.10","F05","Product, Service & Innovation Management","Innovation management","4","NTE-015;NTE-006","NTE-002;NTE-003;NTE-004;NTE-005;NTE-007;NTE-008;NTE-009","FUNCTION_AND_L2_SEMANTIC_BASELINE","2026-09-21"
"F06.01","F06","Marketing & Brand","Market intelligence","4","NTE-016","NTE-002;NTE-003;NTE-004;NTE-005;NTE-007;NTE-008;NTE-009","FUNCTION_AND_L2_SEMANTIC_BASELINE","2026-09-21"
"F06.02","F06","Marketing & Brand","Customer segmentation","4","NTE-016","NTE-002;NTE-003;NTE-004;NTE-005;NTE-007;NTE-008;NTE-009","FUNCTION_AND_L2_SEMANTIC_BASELINE","2026-09-21"
"F06.03","F06","Marketing & Brand","Brand management","4","NTE-016","NTE-002;NTE-003;NTE-004;NTE-005;NTE-007;NTE-008;NTE-009","FUNCTION_AND_L2_SEMANTIC_BASELINE","2026-09-21"
"F06.04","F06","Marketing & Brand","Marketing strategy","4","NTE-016","NTE-002;NTE-003;NTE-004;NTE-005;NTE-007;NTE-008;NTE-009","FUNCTION_AND_L2_SEMANTIC_BASELINE","2026-09-21"
"F06.05","F06","Marketing & Brand","Campaign management","6","NTE-016","NTE-002;NTE-003;NTE-004;NTE-005;NTE-007;NTE-008;NTE-009","FUNCTION_AND_L2_SEMANTIC_BASELINE","2026-09-21"
"F06.06","F06","Marketing & Brand","Digital marketing","6","NTE-016","NTE-002;NTE-003;NTE-004;NTE-005;NTE-007;NTE-008;NTE-009","FUNCTION_AND_L2_SEMANTIC_BASELINE","2026-09-21"
"F06.07","F06","Marketing & Brand","Content marketing","5","NTE-016","NTE-002;NTE-003;NTE-004;NTE-005;NTE-007;NTE-008;NTE-009","FUNCTION_AND_L2_SEMANTIC_BASELINE","2026-09-21"
"F06.08","F06","Marketing & Brand","Events","5","NTE-016","NTE-002;NTE-003;NTE-004;NTE-005;NTE-007;NTE-008;NTE-009","FUNCTION_AND_L2_SEMANTIC_BASELINE","2026-09-21"
"F06.09","F06","Marketing & Brand","Lead generation","5","NTE-016","NTE-002;NTE-003;NTE-004;NTE-005;NTE-007;NTE-008;NTE-009","FUNCTION_AND_L2_SEMANTIC_BASELINE","2026-09-21"
"F06.10","F06","Marketing & Brand","Marketing analytics","6","NTE-016;NTE-033","NTE-002;NTE-003;NTE-004;NTE-005;NTE-007;NTE-008;NTE-009","FUNCTION_AND_L2_SEMANTIC_BASELINE","2026-09-21"
"F06.11","F06","Marketing & Brand","Market communications","4","NTE-016","NTE-002;NTE-003;NTE-004;NTE-005;NTE-007;NTE-008;NTE-009","FUNCTION_AND_L2_SEMANTIC_BASELINE","2026-09-21"
"F07.01","F07","Sales & Commercial Management","Sales strategy","6","NTE-017;NTE-018","NTE-002;NTE-003;NTE-004;NTE-005;NTE-007;NTE-008;NTE-009","FUNCTION_AND_L2_SEMANTIC_BASELINE","2026-09-21"
"F07.02","F07","Sales & Commercial Management","Account management","4","NTE-017;NTE-018","NTE-002;NTE-003;NTE-004;NTE-005;NTE-007;NTE-008;NTE-009","FUNCTION_AND_L2_SEMANTIC_BASELINE","2026-09-21"
"F07.03","F07","Sales & Commercial Management","Opportunity management","6","NTE-017;NTE-018","NTE-002;NTE-003;NTE-004;NTE-005;NTE-007;NTE-008;NTE-009","FUNCTION_AND_L2_SEMANTIC_BASELINE","2026-09-21"
"F07.04","F07","Sales & Commercial Management","Pipeline management","4","NTE-017;NTE-018","NTE-002;NTE-003;NTE-004;NTE-005;NTE-007;NTE-008;NTE-009","FUNCTION_AND_L2_SEMANTIC_BASELINE","2026-09-21"
"F07.05","F07","Sales & Commercial Management","Pricing","5","NTE-017;NTE-018","NTE-002;NTE-003;NTE-004;NTE-005;NTE-007;NTE-008;NTE-009","FUNCTION_AND_L2_SEMANTIC_BASELINE","2026-09-21"
"F07.06","F07","Sales & Commercial Management","Quotation","5","NTE-017;NTE-018","NTE-002;NTE-003;NTE-004;NTE-005;NTE-007;NTE-008;NTE-009","FUNCTION_AND_L2_SEMANTIC_BASELINE","2026-09-21"
"F07.07","F07","Sales & Commercial Management","Proposal/bid management","5","NTE-017;NTE-018","NTE-002;NTE-003;NTE-004;NTE-005;NTE-007;NTE-008;NTE-009","FUNCTION_AND_L2_SEMANTIC_BASELINE","2026-09-21"
"F07.08","F07","Sales & Commercial Management","Contract negotiation","6","NTE-017;NTE-018;NTE-036","NTE-002;NTE-003;NTE-004;NTE-005;NTE-007;NTE-008;NTE-009","FUNCTION_AND_L2_SEMANTIC_BASELINE","2026-09-21"
"F07.09","F07","Sales & Commercial Management","Sales order management","6","NTE-017;NTE-018","NTE-002;NTE-003;NTE-004;NTE-005;NTE-007;NTE-008;NTE-009","FUNCTION_AND_L2_SEMANTIC_BASELINE","2026-09-21"
"F07.10","F07","Sales & Commercial Management","Channel/partner sales","5","NTE-017;NTE-018","NTE-002;NTE-003;NTE-004;NTE-005;NTE-007;NTE-008;NTE-009","FUNCTION_AND_L2_SEMANTIC_BASELINE","2026-09-21"
"F07.11","F07","Sales & Commercial Management","Sales compensation","4","NTE-017;NTE-018","NTE-002;NTE-003;NTE-004;NTE-005;NTE-007;NTE-008;NTE-009","FUNCTION_AND_L2_SEMANTIC_BASELINE","2026-09-21"
"F07.12","F07","Sales & Commercial Management","Sales forecasting","4","NTE-017;NTE-018;NTE-033","NTE-002;NTE-003;NTE-004;NTE-005;NTE-007;NTE-008;NTE-009","FUNCTION_AND_L2_SEMANTIC_BASELINE","2026-09-21"
"F07.13","F07","Sales & Commercial Management","Sales performance","6","NTE-017;NTE-018;NTE-033","NTE-002;NTE-003;NTE-004;NTE-005;NTE-007;NTE-008;NTE-009","FUNCTION_AND_L2_SEMANTIC_BASELINE","2026-09-21"
"F08.01","F08","Customer Service, Experience & Success","Customer onboarding","5","NTE-019","NTE-002;NTE-003;NTE-004;NTE-005;NTE-007;NTE-008;NTE-009","FUNCTION_AND_L2_SEMANTIC_BASELINE","2026-09-21"
"F08.02","F08","Customer Service, Experience & Success","Customer enquiry management","6","NTE-019","NTE-002;NTE-003;NTE-004;NTE-005;NTE-007;NTE-008;NTE-009","FUNCTION_AND_L2_SEMANTIC_BASELINE","2026-09-21"
"F08.03","F08","Customer Service, Experience & Success","Case management","6","NTE-019","NTE-002;NTE-003;NTE-004;NTE-005;NTE-007;NTE-008;NTE-009","FUNCTION_AND_L2_SEMANTIC_BASELINE","2026-09-21"
"F08.04","F08","Customer Service, Experience & Success","Complaint management","5","NTE-019","NTE-002;NTE-003;NTE-004;NTE-005;NTE-007;NTE-008;NTE-009","FUNCTION_AND_L2_SEMANTIC_BASELINE","2026-09-21"
"F08.05","F08","Customer Service, Experience & Success","Technical support","5","NTE-019","NTE-002;NTE-003;NTE-004;NTE-005;NTE-007;NTE-008;NTE-009","FUNCTION_AND_L2_SEMANTIC_BASELINE","2026-09-21"
"F08.06","F08","Customer Service, Experience & Success","Returns/refunds","5","NTE-019","NTE-002;NTE-003;NTE-004;NTE-005;NTE-007;NTE-008;NTE-009","FUNCTION_AND_L2_SEMANTIC_BASELINE","2026-09-21"
"F08.07","F08","Customer Service, Experience & Success","Warranty","4","NTE-019","NTE-002;NTE-003;NTE-004;NTE-005;NTE-007;NTE-008;NTE-009","FUNCTION_AND_L2_SEMANTIC_BASELINE","2026-09-21"
"F08.08","F08","Customer Service, Experience & Success","Customer success","4","NTE-019","NTE-002;NTE-003;NTE-004;NTE-005;NTE-007;NTE-008;NTE-009","FUNCTION_AND_L2_SEMANTIC_BASELINE","2026-09-21"
"F08.09","F08","Customer Service, Experience & Success","Retention","4","NTE-019","NTE-002;NTE-003;NTE-004;NTE-005;NTE-007;NTE-008;NTE-009","FUNCTION_AND_L2_SEMANTIC_BASELINE","2026-09-21"
"F08.10","F08","Customer Service, Experience & Success","Customer feedback","4","NTE-019","NTE-002;NTE-003;NTE-004;NTE-005;NTE-007;NTE-008;NTE-009","FUNCTION_AND_L2_SEMANTIC_BASELINE","2026-09-21"
"F08.11","F08","Customer Service, Experience & Success","Customer knowledge","4","NTE-019;NTE-043","NTE-002;NTE-003;NTE-004;NTE-005;NTE-007;NTE-008;NTE-009","FUNCTION_AND_L2_SEMANTIC_BASELINE","2026-09-21"
"F08.12","F08","Customer Service, Experience & Success","Service-level management","4","NTE-019","NTE-002;NTE-003;NTE-004;NTE-005;NTE-007;NTE-008;NTE-009","FUNCTION_AND_L2_SEMANTIC_BASELINE","2026-09-21"
"F09.01","F09","Procurement & Supplier Management","Procurement strategy","4","NTE-020","NTE-002;NTE-003;NTE-004;NTE-005;NTE-007;NTE-008;NTE-009","FUNCTION_AND_L2_SEMANTIC_BASELINE","2026-09-21"
"F09.02","F09","Procurement & Supplier Management","Category management","4","NTE-020","NTE-002;NTE-003;NTE-004;NTE-005;NTE-007;NTE-008;NTE-009","FUNCTION_AND_L2_SEMANTIC_BASELINE","2026-09-21"
"F09.03","F09","Procurement & Supplier Management","Supplier discovery","4","NTE-020","NTE-002;NTE-003;NTE-004;NTE-005;NTE-007;NTE-008;NTE-009","FUNCTION_AND_L2_SEMANTIC_BASELINE","2026-09-21"
"F09.04","F09","Procurement & Supplier Management","Sourcing","4","NTE-020","NTE-002;NTE-003;NTE-004;NTE-005;NTE-007;NTE-008;NTE-009","FUNCTION_AND_L2_SEMANTIC_BASELINE","2026-09-21"
"F09.05","F09","Procurement & Supplier Management","Supplier negotiation","5","NTE-020","NTE-002;NTE-003;NTE-004;NTE-005;NTE-007;NTE-008;NTE-009","FUNCTION_AND_L2_SEMANTIC_BASELINE","2026-09-21"
"F09.06","F09","Procurement & Supplier Management","Contracting","6","NTE-020;NTE-036","NTE-002;NTE-003;NTE-004;NTE-005;NTE-007;NTE-008;NTE-009","FUNCTION_AND_L2_SEMANTIC_BASELINE","2026-09-21"
"F09.07","F09","Procurement & Supplier Management","Supplier onboarding","4","NTE-020","NTE-002;NTE-003;NTE-004;NTE-005;NTE-007;NTE-008;NTE-009","FUNCTION_AND_L2_SEMANTIC_BASELINE","2026-09-21"
"F09.08","F09","Procurement & Supplier Management","Requisitioning","4","NTE-020","NTE-002;NTE-003;NTE-004;NTE-005;NTE-007;NTE-008;NTE-009","FUNCTION_AND_L2_SEMANTIC_BASELINE","2026-09-21"
"F09.09","F09","Procurement & Supplier Management","Purchase ordering","5","NTE-020","NTE-002;NTE-003;NTE-004;NTE-005;NTE-007;NTE-008;NTE-009","FUNCTION_AND_L2_SEMANTIC_BASELINE","2026-09-21"
"F09.10","F09","Procurement & Supplier Management","Supplier performance","5","NTE-020;NTE-033","NTE-002;NTE-003;NTE-004;NTE-005;NTE-007;NTE-008;NTE-009","FUNCTION_AND_L2_SEMANTIC_BASELINE","2026-09-21"
"F09.11","F09","Procurement & Supplier Management","Supplier risk","3","NTE-020;NTE-037","NTE-002;NTE-003;NTE-004;NTE-005;NTE-007;NTE-008;NTE-009","FUNCTION_AND_L2_SEMANTIC_BASELINE","2026-09-21"
"F09.12","F09","Procurement & Supplier Management","Supplier relationship management","4","NTE-020","NTE-002;NTE-003;NTE-004;NTE-005;NTE-007;NTE-008;NTE-009","FUNCTION_AND_L2_SEMANTIC_BASELINE","2026-09-21"
"F09.13","F09","Procurement & Supplier Management","Procurement analytics","5","NTE-020;NTE-033","NTE-002;NTE-003;NTE-004;NTE-005;NTE-007;NTE-008;NTE-009","FUNCTION_AND_L2_SEMANTIC_BASELINE","2026-09-21"
"F10.01","F10","Demand, Supply Chain & Logistics","Demand planning","4","NTE-021;NTE-022","NTE-002;NTE-003;NTE-004;NTE-005;NTE-007;NTE-008;NTE-009","FUNCTION_AND_L2_SEMANTIC_BASELINE","2026-09-21"
"F10.02","F10","Demand, Supply Chain & Logistics","Sales & operations planning","4","NTE-021;NTE-022","NTE-002;NTE-003;NTE-004;NTE-005;NTE-007;NTE-008;NTE-009","FUNCTION_AND_L2_SEMANTIC_BASELINE","2026-09-21"
"F10.03","F10","Demand, Supply Chain & Logistics","Supply planning","3","NTE-021;NTE-022","NTE-002;NTE-003;NTE-004;NTE-005;NTE-007;NTE-008;NTE-009","FUNCTION_AND_L2_SEMANTIC_BASELINE","2026-09-21"
"F10.04","F10","Demand, Supply Chain & Logistics","Inventory planning","4","NTE-021;NTE-022","NTE-002;NTE-003;NTE-004;NTE-005;NTE-007;NTE-008;NTE-009","FUNCTION_AND_L2_SEMANTIC_BASELINE","2026-09-21"
"F10.05","F10","Demand, Supply Chain & Logistics","Material requirements","3","NTE-021;NTE-022","NTE-002;NTE-003;NTE-004;NTE-005;NTE-007;NTE-008;NTE-009","FUNCTION_AND_L2_SEMANTIC_BASELINE","2026-09-21"
"F10.06","F10","Demand, Supply Chain & Logistics","Warehouse management","7","NTE-021;NTE-022","NTE-002;NTE-003;NTE-004;NTE-005;NTE-007;NTE-008;NTE-009","FUNCTION_AND_L2_SEMANTIC_BASELINE","2026-09-21"
"F10.07","F10","Demand, Supply Chain & Logistics","Inventory control","4","NTE-021;NTE-022;NTE-037","NTE-002;NTE-003;NTE-004;NTE-005;NTE-007;NTE-008;NTE-009","FUNCTION_AND_L2_SEMANTIC_BASELINE","2026-09-21"
"F10.08","F10","Demand, Supply Chain & Logistics","Transport management","5","NTE-021;NTE-022","NTE-002;NTE-003;NTE-004;NTE-005;NTE-007;NTE-008;NTE-009","FUNCTION_AND_L2_SEMANTIC_BASELINE","2026-09-21"
"F10.09","F10","Demand, Supply Chain & Logistics","Distribution","4","NTE-021;NTE-022","NTE-002;NTE-003;NTE-004;NTE-005;NTE-007;NTE-008;NTE-009","FUNCTION_AND_L2_SEMANTIC_BASELINE","2026-09-21"
"F10.10","F10","Demand, Supply Chain & Logistics","Import/export","4","NTE-021;NTE-022","NTE-002;NTE-003;NTE-004;NTE-005;NTE-007;NTE-008;NTE-009","FUNCTION_AND_L2_SEMANTIC_BASELINE","2026-09-21"
"F10.11","F10","Demand, Supply Chain & Logistics","Reverse logistics","6","NTE-021;NTE-022","NTE-002;NTE-003;NTE-004;NTE-005;NTE-007;NTE-008;NTE-009","FUNCTION_AND_L2_SEMANTIC_BASELINE","2026-09-21"
"F10.12","F10","Demand, Supply Chain & Logistics","Supply chain analytics","5","NTE-021;NTE-022;NTE-033","NTE-002;NTE-003;NTE-004;NTE-005;NTE-007;NTE-008;NTE-009","FUNCTION_AND_L2_SEMANTIC_BASELINE","2026-09-21"
"F10.13","F10","Demand, Supply Chain & Logistics","Supply chain risk","4","NTE-021;NTE-022;NTE-037","NTE-002;NTE-003;NTE-004;NTE-005;NTE-007;NTE-008;NTE-009","FUNCTION_AND_L2_SEMANTIC_BASELINE","2026-09-21"
"F11.01","F11","Manufacturing / Production Operations","Production planning","4","NTE-023","NTE-002;NTE-003;NTE-004;NTE-005;NTE-007;NTE-008;NTE-009","FUNCTION_AND_L2_SEMANTIC_BASELINE","2026-09-21"
"F11.02","F11","Manufacturing / Production Operations","Production scheduling","4","NTE-023","NTE-002;NTE-003;NTE-004;NTE-005;NTE-007;NTE-008;NTE-009","FUNCTION_AND_L2_SEMANTIC_BASELINE","2026-09-21"
"F11.03","F11","Manufacturing / Production Operations","Material staging","4","NTE-023","NTE-002;NTE-003;NTE-004;NTE-005;NTE-007;NTE-008;NTE-009","FUNCTION_AND_L2_SEMANTIC_BASELINE","2026-09-21"
"F11.04","F11","Manufacturing / Production Operations","Production execution","4","NTE-023","NTE-002;NTE-003;NTE-004;NTE-005;NTE-007;NTE-008;NTE-009","FUNCTION_AND_L2_SEMANTIC_BASELINE","2026-09-21"
"F11.05","F11","Manufacturing / Production Operations","Process control","3","NTE-023;NTE-037","NTE-002;NTE-003;NTE-004;NTE-005;NTE-007;NTE-008;NTE-009","FUNCTION_AND_L2_SEMANTIC_BASELINE","2026-09-21"
"F11.06","F11","Manufacturing / Production Operations","Work-in-progress","4","NTE-023","NTE-002;NTE-003;NTE-004;NTE-005;NTE-007;NTE-008;NTE-009","FUNCTION_AND_L2_SEMANTIC_BASELINE","2026-09-21"
"F11.07","F11","Manufacturing / Production Operations","Packaging","5","NTE-023","NTE-002;NTE-003;NTE-004;NTE-005;NTE-007;NTE-008;NTE-009","FUNCTION_AND_L2_SEMANTIC_BASELINE","2026-09-21"
"F11.08","F11","Manufacturing / Production Operations","Production reporting","6","NTE-023;NTE-033","NTE-002;NTE-003;NTE-004;NTE-005;NTE-007;NTE-008;NTE-009","FUNCTION_AND_L2_SEMANTIC_BASELINE","2026-09-21"
"F11.09","F11","Manufacturing / Production Operations","Capacity management","4","NTE-023","NTE-002;NTE-003;NTE-004;NTE-005;NTE-007;NTE-008;NTE-009","FUNCTION_AND_L2_SEMANTIC_BASELINE","2026-09-21"
"F11.10","F11","Manufacturing / Production Operations","Maintenance coordination","3","NTE-023","NTE-002;NTE-003;NTE-004;NTE-005;NTE-007;NTE-008;NTE-009","FUNCTION_AND_L2_SEMANTIC_BASELINE","2026-09-21"
"F11.11","F11","Manufacturing / Production Operations","Lean operations","4","NTE-023","NTE-002;NTE-003;NTE-004;NTE-005;NTE-007;NTE-008;NTE-009","FUNCTION_AND_L2_SEMANTIC_BASELINE","2026-09-21"
"F12.01","F12","Service Delivery & Field Operations","Service planning","4","NTE-024","NTE-002;NTE-003;NTE-004;NTE-005;NTE-007;NTE-008;NTE-009","FUNCTION_AND_L2_SEMANTIC_BASELINE","2026-09-21"
"F12.02","F12","Service Delivery & Field Operations","Service scheduling","3","NTE-024","NTE-002;NTE-003;NTE-004;NTE-005;NTE-007;NTE-008;NTE-009","FUNCTION_AND_L2_SEMANTIC_BASELINE","2026-09-21"
"F12.03","F12","Service Delivery & Field Operations","Resource dispatch","4","NTE-024;NTE-035","NTE-002;NTE-003;NTE-004;NTE-005;NTE-007;NTE-008;NTE-009","FUNCTION_AND_L2_SEMANTIC_BASELINE","2026-09-21"
"F12.04","F12","Service Delivery & Field Operations","Service execution","4","NTE-024","NTE-002;NTE-003;NTE-004;NTE-005;NTE-007;NTE-008;NTE-009","FUNCTION_AND_L2_SEMANTIC_BASELINE","2026-09-21"
"F12.05","F12","Service Delivery & Field Operations","Field service","5","NTE-024","NTE-002;NTE-003;NTE-004;NTE-005;NTE-007;NTE-008;NTE-009","FUNCTION_AND_L2_SEMANTIC_BASELINE","2026-09-21"
"F12.06","F12","Service Delivery & Field Operations","Professional services","4","NTE-024","NTE-002;NTE-003;NTE-004;NTE-005;NTE-007;NTE-008;NTE-009","FUNCTION_AND_L2_SEMANTIC_BASELINE","2026-09-21"
"F12.07","F12","Service Delivery & Field Operations","Service acceptance","4","NTE-024","NTE-002;NTE-003;NTE-004;NTE-005;NTE-007;NTE-008;NTE-009","FUNCTION_AND_L2_SEMANTIC_BASELINE","2026-09-21"
"F12.08","F12","Service Delivery & Field Operations","Service quality","3","NTE-024","NTE-002;NTE-003;NTE-004;NTE-005;NTE-007;NTE-008;NTE-009","FUNCTION_AND_L2_SEMANTIC_BASELINE","2026-09-21"
"F12.09","F12","Service Delivery & Field Operations","Service capacity","3","NTE-024","NTE-002;NTE-003;NTE-004;NTE-005;NTE-007;NTE-008;NTE-009","FUNCTION_AND_L2_SEMANTIC_BASELINE","2026-09-21"
"F12.10","F12","Service Delivery & Field Operations","Service performance","5","NTE-024;NTE-033","NTE-002;NTE-003;NTE-004;NTE-005;NTE-007;NTE-008;NTE-009","FUNCTION_AND_L2_SEMANTIC_BASELINE","2026-09-21"
"F13.01","F13","Quality Management","Quality strategy","4","NTE-025","NTE-002;NTE-003;NTE-004;NTE-005;NTE-007;NTE-008;NTE-009","FUNCTION_AND_L2_SEMANTIC_BASELINE","2026-09-21"
"F13.02","F13","Quality Management","Quality planning","3","NTE-025","NTE-002;NTE-003;NTE-004;NTE-005;NTE-007;NTE-008;NTE-009","FUNCTION_AND_L2_SEMANTIC_BASELINE","2026-09-21"
"F13.03","F13","Quality Management","Quality assurance","3","NTE-025;NTE-037","NTE-002;NTE-003;NTE-004;NTE-005;NTE-007;NTE-008;NTE-009","FUNCTION_AND_L2_SEMANTIC_BASELINE","2026-09-21"
"F13.04","F13","Quality Management","Quality control","5","NTE-025;NTE-037","NTE-002;NTE-003;NTE-004;NTE-005;NTE-007;NTE-008;NTE-009","FUNCTION_AND_L2_SEMANTIC_BASELINE","2026-09-21"
"F13.05","F13","Quality Management","Non-conformance","5","NTE-025","NTE-002;NTE-003;NTE-004;NTE-005;NTE-007;NTE-008;NTE-009","FUNCTION_AND_L2_SEMANTIC_BASELINE","2026-09-21"
"F13.06","F13","Quality Management","Corrective/preventive action","4","NTE-025","NTE-002;NTE-003;NTE-004;NTE-005;NTE-007;NTE-008;NTE-009","FUNCTION_AND_L2_SEMANTIC_BASELINE","2026-09-21"
"F13.07","F13","Quality Management","Supplier quality","3","NTE-025","NTE-002;NTE-003;NTE-004;NTE-005;NTE-007;NTE-008;NTE-009","FUNCTION_AND_L2_SEMANTIC_BASELINE","2026-09-21"
"F13.08","F13","Quality Management","Quality documentation","4","NTE-025;NTE-043","NTE-002;NTE-003;NTE-004;NTE-005;NTE-007;NTE-008;NTE-009","FUNCTION_AND_L2_SEMANTIC_BASELINE","2026-09-21"
"F13.09","F13","Quality Management","Continuous improvement","4","NTE-025","NTE-002;NTE-003;NTE-004;NTE-005;NTE-007;NTE-008;NTE-009","FUNCTION_AND_L2_SEMANTIC_BASELINE","2026-09-21"
"F13.10","F13","Quality Management","Quality analytics","5","NTE-025;NTE-033","NTE-002;NTE-003;NTE-004;NTE-005;NTE-007;NTE-008;NTE-009","FUNCTION_AND_L2_SEMANTIC_BASELINE","2026-09-21"
"F14.01","F14","Finance, Accounting, Treasury & Tax","Financial strategy","3","NTE-026;NTE-027","NTE-002;NTE-003;NTE-004;NTE-005;NTE-007;NTE-008;NTE-009","FUNCTION_AND_L2_SEMANTIC_BASELINE","2026-09-21"
"F14.02","F14","Finance, Accounting, Treasury & Tax","Budgeting","5","NTE-026;NTE-027","NTE-002;NTE-003;NTE-004;NTE-005;NTE-007;NTE-008;NTE-009","FUNCTION_AND_L2_SEMANTIC_BASELINE","2026-09-21"
"F14.03","F14","Finance, Accounting, Treasury & Tax","Forecasting","3","NTE-026;NTE-027;NTE-033","NTE-002;NTE-003;NTE-004;NTE-005;NTE-007;NTE-008;NTE-009","FUNCTION_AND_L2_SEMANTIC_BASELINE","2026-09-21"
"F14.04","F14","Finance, Accounting, Treasury & Tax","General ledger","4","NTE-026;NTE-027","NTE-002;NTE-003;NTE-004;NTE-005;NTE-007;NTE-008;NTE-009","FUNCTION_AND_L2_SEMANTIC_BASELINE","2026-09-21"
"F14.05","F14","Finance, Accounting, Treasury & Tax","Accounts payable","6","NTE-026;NTE-027","NTE-002;NTE-003;NTE-004;NTE-005;NTE-007;NTE-008;NTE-009","FUNCTION_AND_L2_SEMANTIC_BASELINE","2026-09-21"
"F14.06","F14","Finance, Accounting, Treasury & Tax","Accounts receivable","4","NTE-026;NTE-027","NTE-002;NTE-003;NTE-004;NTE-005;NTE-007;NTE-008;NTE-009","FUNCTION_AND_L2_SEMANTIC_BASELINE","2026-09-21"
"F14.07","F14","Finance, Accounting, Treasury & Tax","Credit management","4","NTE-026;NTE-027","NTE-002;NTE-003;NTE-004;NTE-005;NTE-007;NTE-008;NTE-009","FUNCTION_AND_L2_SEMANTIC_BASELINE","2026-09-21"
"F14.08","F14","Finance, Accounting, Treasury & Tax","Collections","5","NTE-026;NTE-027","NTE-002;NTE-003;NTE-004;NTE-005;NTE-007;NTE-008;NTE-009","FUNCTION_AND_L2_SEMANTIC_BASELINE","2026-09-21"
"F14.09","F14","Finance, Accounting, Treasury & Tax","Expense management","5","NTE-026;NTE-027","NTE-002;NTE-003;NTE-004;NTE-005;NTE-007;NTE-008;NTE-009","FUNCTION_AND_L2_SEMANTIC_BASELINE","2026-09-21"
"F14.10","F14","Finance, Accounting, Treasury & Tax","Fixed asset accounting","5","NTE-026;NTE-027","NTE-002;NTE-003;NTE-004;NTE-005;NTE-007;NTE-008;NTE-009","FUNCTION_AND_L2_SEMANTIC_BASELINE","2026-09-21"
"F14.11","F14","Finance, Accounting, Treasury & Tax","Cost accounting","3","NTE-026;NTE-027","NTE-002;NTE-003;NTE-004;NTE-005;NTE-007;NTE-008;NTE-009","FUNCTION_AND_L2_SEMANTIC_BASELINE","2026-09-21"
"F14.12","F14","Finance, Accounting, Treasury & Tax","Financial close","4","NTE-026;NTE-027","NTE-002;NTE-003;NTE-004;NTE-005;NTE-007;NTE-008;NTE-009","FUNCTION_AND_L2_SEMANTIC_BASELINE","2026-09-21"
"F14.13","F14","Finance, Accounting, Treasury & Tax","Consolidation","4","NTE-026;NTE-027","NTE-002;NTE-003;NTE-004;NTE-005;NTE-007;NTE-008;NTE-009","FUNCTION_AND_L2_SEMANTIC_BASELINE","2026-09-21"
"F14.14","F14","Finance, Accounting, Treasury & Tax","Financial reporting","5","NTE-026;NTE-027;NTE-033","NTE-002;NTE-003;NTE-004;NTE-005;NTE-007;NTE-008;NTE-009","FUNCTION_AND_L2_SEMANTIC_BASELINE","2026-09-21"
"F14.15","F14","Finance, Accounting, Treasury & Tax","Treasury","5","NTE-026;NTE-027","NTE-002;NTE-003;NTE-004;NTE-005;NTE-007;NTE-008;NTE-009","FUNCTION_AND_L2_SEMANTIC_BASELINE","2026-09-21"
"F14.16","F14","Finance, Accounting, Treasury & Tax","Payments","5","NTE-026;NTE-027","NTE-002;NTE-003;NTE-004;NTE-005;NTE-007;NTE-008;NTE-009","FUNCTION_AND_L2_SEMANTIC_BASELINE","2026-09-21"
"F14.17","F14","Finance, Accounting, Treasury & Tax","Foreign exchange","4","NTE-026;NTE-027","NTE-002;NTE-003;NTE-004;NTE-005;NTE-007;NTE-008;NTE-009","FUNCTION_AND_L2_SEMANTIC_BASELINE","2026-09-21"
"F14.18","F14","Finance, Accounting, Treasury & Tax","Debt & financing","4","NTE-026;NTE-027","NTE-002;NTE-003;NTE-004;NTE-005;NTE-007;NTE-008;NTE-009","FUNCTION_AND_L2_SEMANTIC_BASELINE","2026-09-21"
"F14.19","F14","Finance, Accounting, Treasury & Tax","Tax","6","NTE-026;NTE-027","NTE-002;NTE-003;NTE-004;NTE-005;NTE-007;NTE-008;NTE-009","FUNCTION_AND_L2_SEMANTIC_BASELINE","2026-09-21"
"F14.20","F14","Finance, Accounting, Treasury & Tax","Financial controls","4","NTE-026;NTE-027;NTE-037","NTE-002;NTE-003;NTE-004;NTE-005;NTE-007;NTE-008;NTE-009","FUNCTION_AND_L2_SEMANTIC_BASELINE","2026-09-21"
"F14.21","F14","Finance, Accounting, Treasury & Tax","Profitability analysis","3","NTE-026;NTE-027","NTE-002;NTE-003;NTE-004;NTE-005;NTE-007;NTE-008;NTE-009","FUNCTION_AND_L2_SEMANTIC_BASELINE","2026-09-21"
"F14.22","F14","Finance, Accounting, Treasury & Tax","Capital expenditure","5","NTE-026;NTE-027","NTE-002;NTE-003;NTE-004;NTE-005;NTE-007;NTE-008;NTE-009","FUNCTION_AND_L2_SEMANTIC_BASELINE","2026-09-21"
"F15.01","F15","Human Resources / Human Capital","People strategy","4","NTE-028","NTE-002;NTE-003;NTE-004;NTE-005;NTE-007;NTE-008;NTE-009","FUNCTION_AND_L2_SEMANTIC_BASELINE","2026-09-21"
"F15.02","F15","Human Resources / Human Capital","Workforce planning","4","NTE-028","NTE-002;NTE-003;NTE-004;NTE-005;NTE-007;NTE-008;NTE-009","FUNCTION_AND_L2_SEMANTIC_BASELINE","2026-09-21"
"F15.03","F15","Human Resources / Human Capital","Organisation design","4","NTE-028","NTE-002;NTE-003;NTE-004;NTE-005;NTE-007;NTE-008;NTE-009","FUNCTION_AND_L2_SEMANTIC_BASELINE","2026-09-21"
"F15.04","F15","Human Resources / Human Capital","Job architecture","4","NTE-028","NTE-002;NTE-003;NTE-004;NTE-005;NTE-007;NTE-008;NTE-009","FUNCTION_AND_L2_SEMANTIC_BASELINE","2026-09-21"
"F15.05","F15","Human Resources / Human Capital","Recruitment","7","NTE-028","NTE-002;NTE-003;NTE-004;NTE-005;NTE-007;NTE-008;NTE-009","FUNCTION_AND_L2_SEMANTIC_BASELINE","2026-09-21"
"F15.06","F15","Human Resources / Human Capital","Pre-employment","4","NTE-028","NTE-002;NTE-003;NTE-004;NTE-005;NTE-007;NTE-008;NTE-009","FUNCTION_AND_L2_SEMANTIC_BASELINE","2026-09-21"
"F15.07","F15","Human Resources / Human Capital","Onboarding","4","NTE-028","NTE-002;NTE-003;NTE-004;NTE-005;NTE-007;NTE-008;NTE-009","FUNCTION_AND_L2_SEMANTIC_BASELINE","2026-09-21"
"F15.08","F15","Human Resources / Human Capital","Employee administration","4","NTE-028","NTE-002;NTE-003;NTE-004;NTE-005;NTE-007;NTE-008;NTE-009","FUNCTION_AND_L2_SEMANTIC_BASELINE","2026-09-21"
"F15.09","F15","Human Resources / Human Capital","Time & attendance","5","NTE-028","NTE-002;NTE-003;NTE-004;NTE-005;NTE-007;NTE-008;NTE-009","FUNCTION_AND_L2_SEMANTIC_BASELINE","2026-09-21"
"F15.10","F15","Human Resources / Human Capital","Payroll","6","NTE-028","NTE-002;NTE-003;NTE-004;NTE-005;NTE-007;NTE-008;NTE-009","FUNCTION_AND_L2_SEMANTIC_BASELINE","2026-09-21"
"F15.11","F15","Human Resources / Human Capital","Compensation","4","NTE-028","NTE-002;NTE-003;NTE-004;NTE-005;NTE-007;NTE-008;NTE-009","FUNCTION_AND_L2_SEMANTIC_BASELINE","2026-09-21"
"F15.12","F15","Human Resources / Human Capital","Benefits","3","NTE-028;NTE-013","NTE-002;NTE-003;NTE-004;NTE-005;NTE-007;NTE-008;NTE-009","FUNCTION_AND_L2_SEMANTIC_BASELINE","2026-09-21"
"F15.13","F15","Human Resources / Human Capital","Performance management","5","NTE-028;NTE-033","NTE-002;NTE-003;NTE-004;NTE-005;NTE-007;NTE-008;NTE-009","FUNCTION_AND_L2_SEMANTIC_BASELINE","2026-09-21"
"F15.14","F15","Human Resources / Human Capital","Learning & development","5","NTE-028","NTE-002;NTE-003;NTE-004;NTE-005;NTE-007;NTE-008;NTE-009","FUNCTION_AND_L2_SEMANTIC_BASELINE","2026-09-21"
"F15.15","F15","Human Resources / Human Capital","Talent management","4","NTE-028","NTE-002;NTE-003;NTE-004;NTE-005;NTE-007;NTE-008;NTE-009","FUNCTION_AND_L2_SEMANTIC_BASELINE","2026-09-21"
"F15.16","F15","Human Resources / Human Capital","Employee engagement","3","NTE-028","NTE-002;NTE-003;NTE-004;NTE-005;NTE-007;NTE-008;NTE-009","FUNCTION_AND_L2_SEMANTIC_BASELINE","2026-09-21"
"F15.17","F15","Human Resources / Human Capital","Employee relations","4","NTE-028","NTE-002;NTE-003;NTE-004;NTE-005;NTE-007;NTE-008;NTE-009","FUNCTION_AND_L2_SEMANTIC_BASELINE","2026-09-21"
"F15.18","F15","Human Resources / Human Capital","Absence management","3","NTE-028","NTE-002;NTE-003;NTE-004;NTE-005;NTE-007;NTE-008;NTE-009","FUNCTION_AND_L2_SEMANTIC_BASELINE","2026-09-21"
"F15.19","F15","Human Resources / Human Capital","Offboarding","5","NTE-028","NTE-002;NTE-003;NTE-004;NTE-005;NTE-007;NTE-008;NTE-009","FUNCTION_AND_L2_SEMANTIC_BASELINE","2026-09-21"
"F15.20","F15","Human Resources / Human Capital","HR analytics","6","NTE-028;NTE-033","NTE-002;NTE-003;NTE-004;NTE-005;NTE-007;NTE-008;NTE-009","FUNCTION_AND_L2_SEMANTIC_BASELINE","2026-09-21"
"F16.01","F16","Information Technology","IT strategy","4","NTE-029;NTE-030","NTE-002;NTE-003;NTE-004;NTE-005;NTE-007;NTE-008;NTE-009","FUNCTION_AND_L2_SEMANTIC_BASELINE","2026-09-21"
"F16.02","F16","Information Technology","Enterprise architecture","3","NTE-029;NTE-030","NTE-002;NTE-003;NTE-004;NTE-005;NTE-007;NTE-008;NTE-009","FUNCTION_AND_L2_SEMANTIC_BASELINE","2026-09-21"
"F16.03","F16","Information Technology","Solution architecture","4","NTE-029;NTE-030","NTE-002;NTE-003;NTE-004;NTE-005;NTE-007;NTE-008;NTE-009","FUNCTION_AND_L2_SEMANTIC_BASELINE","2026-09-21"
"F16.04","F16","Information Technology","Application management","6","NTE-029;NTE-030","NTE-002;NTE-003;NTE-004;NTE-005;NTE-007;NTE-008;NTE-009","FUNCTION_AND_L2_SEMANTIC_BASELINE","2026-09-21"
"F16.05","F16","Information Technology","Software development","6","NTE-029;NTE-030","NTE-002;NTE-003;NTE-004;NTE-005;NTE-007;NTE-008;NTE-009","FUNCTION_AND_L2_SEMANTIC_BASELINE","2026-09-21"
"F16.06","F16","Information Technology","DevOps","4","NTE-029;NTE-030","NTE-002;NTE-003;NTE-004;NTE-005;NTE-007;NTE-008;NTE-009","FUNCTION_AND_L2_SEMANTIC_BASELINE","2026-09-21"
"F16.07","F16","Information Technology","Infrastructure","4","NTE-029;NTE-030","NTE-002;NTE-003;NTE-004;NTE-005;NTE-007;NTE-008;NTE-009","FUNCTION_AND_L2_SEMANTIC_BASELINE","2026-09-21"
"F16.08","F16","Information Technology","Cloud management","4","NTE-029;NTE-030","NTE-002;NTE-003;NTE-004;NTE-005;NTE-007;NTE-008;NTE-009","FUNCTION_AND_L2_SEMANTIC_BASELINE","2026-09-21"
"F16.09","F16","Information Technology","Network management","4","NTE-029;NTE-030","NTE-002;NTE-003;NTE-004;NTE-005;NTE-007;NTE-008;NTE-009","FUNCTION_AND_L2_SEMANTIC_BASELINE","2026-09-21"
"F16.10","F16","Information Technology","Endpoint management","5","NTE-029;NTE-030","NTE-002;NTE-003;NTE-004;NTE-005;NTE-007;NTE-008;NTE-009","FUNCTION_AND_L2_SEMANTIC_BASELINE","2026-09-21"
"F16.11","F16","Information Technology","Identity administration","5","NTE-029;NTE-030","NTE-002;NTE-003;NTE-004;NTE-005;NTE-007;NTE-008;NTE-009","FUNCTION_AND_L2_SEMANTIC_BASELINE","2026-09-21"
"F16.12","F16","Information Technology","IT service desk","6","NTE-029;NTE-030","NTE-002;NTE-003;NTE-004;NTE-005;NTE-007;NTE-008;NTE-009","FUNCTION_AND_L2_SEMANTIC_BASELINE","2026-09-21"
"F16.13","F16","Information Technology","Incident management","4","NTE-029;NTE-030","NTE-002;NTE-003;NTE-004;NTE-005;NTE-007;NTE-008;NTE-009","FUNCTION_AND_L2_SEMANTIC_BASELINE","2026-09-21"
"F16.14","F16","Information Technology","Problem management","3","NTE-029;NTE-030","NTE-002;NTE-003;NTE-004;NTE-005;NTE-007;NTE-008;NTE-009","FUNCTION_AND_L2_SEMANTIC_BASELINE","2026-09-21"
"F16.15","F16","Information Technology","Change management","6","NTE-029;NTE-030","NTE-002;NTE-003;NTE-004;NTE-005;NTE-007;NTE-008;NTE-009","FUNCTION_AND_L2_SEMANTIC_BASELINE","2026-09-21"
"F16.16","F16","Information Technology","Release management","5","NTE-029;NTE-030","NTE-002;NTE-003;NTE-004;NTE-005;NTE-007;NTE-008;NTE-009","FUNCTION_AND_L2_SEMANTIC_BASELINE","2026-09-21"
"F16.17","F16","Information Technology","Configuration management","3","NTE-029;NTE-030","NTE-002;NTE-003;NTE-004;NTE-005;NTE-007;NTE-008;NTE-009","FUNCTION_AND_L2_SEMANTIC_BASELINE","2026-09-21"
"F16.18","F16","Information Technology","IT asset management","6","NTE-029;NTE-030","NTE-002;NTE-003;NTE-004;NTE-005;NTE-007;NTE-008;NTE-009","FUNCTION_AND_L2_SEMANTIC_BASELINE","2026-09-21"
"F16.19","F16","Information Technology","Availability/capacity","3","NTE-029;NTE-030","NTE-002;NTE-003;NTE-004;NTE-005;NTE-007;NTE-008;NTE-009","FUNCTION_AND_L2_SEMANTIC_BASELINE","2026-09-21"
"F16.20","F16","Information Technology","Disaster recovery","5","NTE-029;NTE-030","NTE-002;NTE-003;NTE-004;NTE-005;NTE-007;NTE-008;NTE-009","FUNCTION_AND_L2_SEMANTIC_BASELINE","2026-09-21"
"F16.21","F16","Information Technology","Technology vendor management","5","NTE-029;NTE-030","NTE-002;NTE-003;NTE-004;NTE-005;NTE-007;NTE-008;NTE-009","FUNCTION_AND_L2_SEMANTIC_BASELINE","2026-09-21"
"F17.01","F17","Data, Analytics & AI","Data strategy","4","NTE-031;NTE-032;NTE-033;NTE-034","NTE-002;NTE-003;NTE-004;NTE-005;NTE-007;NTE-008;NTE-009","FUNCTION_AND_L2_SEMANTIC_BASELINE","2026-09-21"
"F17.02","F17","Data, Analytics & AI","Data governance","4","NTE-031;NTE-032;NTE-033;NTE-034","NTE-002;NTE-003;NTE-004;NTE-005;NTE-007;NTE-008;NTE-009","FUNCTION_AND_L2_SEMANTIC_BASELINE","2026-09-21"
"F17.03","F17","Data, Analytics & AI","Data architecture","5","NTE-031;NTE-032;NTE-033;NTE-034","NTE-002;NTE-003;NTE-004;NTE-005;NTE-007;NTE-008;NTE-009","FUNCTION_AND_L2_SEMANTIC_BASELINE","2026-09-21"
"F17.04","F17","Data, Analytics & AI","Master data management","6","NTE-031;NTE-032;NTE-033;NTE-034","NTE-002;NTE-003;NTE-004;NTE-005;NTE-007;NTE-008;NTE-009","FUNCTION_AND_L2_SEMANTIC_BASELINE","2026-09-21"
"F17.05","F17","Data, Analytics & AI","Reference data","4","NTE-031;NTE-032;NTE-033;NTE-034","NTE-002;NTE-003;NTE-004;NTE-005;NTE-007;NTE-008;NTE-009","FUNCTION_AND_L2_SEMANTIC_BASELINE","2026-09-21"
"F17.06","F17","Data, Analytics & AI","Data quality","5","NTE-031;NTE-032;NTE-033;NTE-034","NTE-002;NTE-003;NTE-004;NTE-005;NTE-007;NTE-008;NTE-009","FUNCTION_AND_L2_SEMANTIC_BASELINE","2026-09-21"
"F17.07","F17","Data, Analytics & AI","Data engineering","5","NTE-031;NTE-032;NTE-033;NTE-034","NTE-002;NTE-003;NTE-004;NTE-005;NTE-007;NTE-008;NTE-009","FUNCTION_AND_L2_SEMANTIC_BASELINE","2026-09-21"
"F17.08","F17","Data, Analytics & AI","Data platform","3","NTE-031;NTE-032;NTE-033;NTE-034","NTE-002;NTE-003;NTE-004;NTE-005;NTE-007;NTE-008;NTE-009","FUNCTION_AND_L2_SEMANTIC_BASELINE","2026-09-21"
"F17.09","F17","Data, Analytics & AI","BI/reporting","5","NTE-031;NTE-032;NTE-033;NTE-034","NTE-002;NTE-003;NTE-004;NTE-005;NTE-007;NTE-008;NTE-009","FUNCTION_AND_L2_SEMANTIC_BASELINE","2026-09-21"
"F17.10","F17","Data, Analytics & AI","Analytics","4","NTE-031;NTE-032;NTE-033;NTE-034","NTE-002;NTE-003;NTE-004;NTE-005;NTE-007;NTE-008;NTE-009","FUNCTION_AND_L2_SEMANTIC_BASELINE","2026-09-21"
"F17.11","F17","Data, Analytics & AI","Data science","4","NTE-031;NTE-032;NTE-033;NTE-034","NTE-002;NTE-003;NTE-004;NTE-005;NTE-007;NTE-008;NTE-009","FUNCTION_AND_L2_SEMANTIC_BASELINE","2026-09-21"
"F17.12","F17","Data, Analytics & AI","AI development","4","NTE-031;NTE-032;NTE-033;NTE-034","NTE-002;NTE-003;NTE-004;NTE-005;NTE-007;NTE-008;NTE-009","FUNCTION_AND_L2_SEMANTIC_BASELINE","2026-09-21"
"F17.13","F17","Data, Analytics & AI","AI governance","5","NTE-031;NTE-032;NTE-033;NTE-034","NTE-002;NTE-003;NTE-004;NTE-005;NTE-007;NTE-008;NTE-009","FUNCTION_AND_L2_SEMANTIC_BASELINE","2026-09-21"
"F17.14","F17","Data, Analytics & AI","Model operations","5","NTE-031;NTE-032;NTE-033;NTE-034","NTE-002;NTE-003;NTE-004;NTE-005;NTE-007;NTE-008;NTE-009","FUNCTION_AND_L2_SEMANTIC_BASELINE","2026-09-21"
"F17.15","F17","Data, Analytics & AI","Metadata/catalogue","4","NTE-031;NTE-032;NTE-033;NTE-034","NTE-002;NTE-003;NTE-004;NTE-005;NTE-007;NTE-008;NTE-009","FUNCTION_AND_L2_SEMANTIC_BASELINE","2026-09-21"
"F17.16","F17","Data, Analytics & AI","Data access","5","NTE-031;NTE-032;NTE-033;NTE-034","NTE-002;NTE-003;NTE-004;NTE-005;NTE-007;NTE-008;NTE-009","FUNCTION_AND_L2_SEMANTIC_BASELINE","2026-09-21"
"F17.17","F17","Data, Analytics & AI","Data lifecycle","5","NTE-031;NTE-032;NTE-033;NTE-034","NTE-002;NTE-003;NTE-004;NTE-005;NTE-007;NTE-008;NTE-009","FUNCTION_AND_L2_SEMANTIC_BASELINE","2026-09-21"
"F18.01","F18","Cybersecurity & Information Security","Security strategy","4","NTE-035","NTE-002;NTE-003;NTE-004;NTE-005;NTE-007;NTE-008;NTE-009","FUNCTION_AND_L2_SEMANTIC_BASELINE","2026-09-21"
"F18.02","F18","Cybersecurity & Information Security","Security policy","4","NTE-035;NTE-043","NTE-002;NTE-003;NTE-004;NTE-005;NTE-007;NTE-008;NTE-009","FUNCTION_AND_L2_SEMANTIC_BASELINE","2026-09-21"
"F18.03","F18","Cybersecurity & Information Security","Security architecture","3","NTE-035","NTE-002;NTE-003;NTE-004;NTE-005;NTE-007;NTE-008;NTE-009","FUNCTION_AND_L2_SEMANTIC_BASELINE","2026-09-21"
"F18.04","F18","Cybersecurity & Information Security","Identity & access security","4","NTE-035","NTE-002;NTE-003;NTE-004;NTE-005;NTE-007;NTE-008;NTE-009","FUNCTION_AND_L2_SEMANTIC_BASELINE","2026-09-21"
"F18.05","F18","Cybersecurity & Information Security","Vulnerability management","5","NTE-035","NTE-002;NTE-003;NTE-004;NTE-005;NTE-007;NTE-008;NTE-009","FUNCTION_AND_L2_SEMANTIC_BASELINE","2026-09-21"
"F18.06","F18","Cybersecurity & Information Security","Patch security","5","NTE-035","NTE-002;NTE-003;NTE-004;NTE-005;NTE-007;NTE-008;NTE-009","FUNCTION_AND_L2_SEMANTIC_BASELINE","2026-09-21"
"F18.07","F18","Cybersecurity & Information Security","Security monitoring","4","NTE-035","NTE-002;NTE-003;NTE-004;NTE-005;NTE-007;NTE-008;NTE-009","FUNCTION_AND_L2_SEMANTIC_BASELINE","2026-09-21"
"F18.08","F18","Cybersecurity & Information Security","Security incident response","6","NTE-035","NTE-002;NTE-003;NTE-004;NTE-005;NTE-007;NTE-008;NTE-009","FUNCTION_AND_L2_SEMANTIC_BASELINE","2026-09-21"
"F18.09","F18","Cybersecurity & Information Security","Threat intelligence","4","NTE-035","NTE-002;NTE-003;NTE-004;NTE-005;NTE-007;NTE-008;NTE-009","FUNCTION_AND_L2_SEMANTIC_BASELINE","2026-09-21"
"F18.10","F18","Cybersecurity & Information Security","Penetration testing","5","NTE-035","NTE-002;NTE-003;NTE-004;NTE-005;NTE-007;NTE-008;NTE-009","FUNCTION_AND_L2_SEMANTIC_BASELINE","2026-09-21"
"F18.11","F18","Cybersecurity & Information Security","Application security","5","NTE-035","NTE-002;NTE-003;NTE-004;NTE-005;NTE-007;NTE-008;NTE-009","FUNCTION_AND_L2_SEMANTIC_BASELINE","2026-09-21"
"F18.12","F18","Cybersecurity & Information Security","Third-party security","4","NTE-035","NTE-002;NTE-003;NTE-004;NTE-005;NTE-007;NTE-008;NTE-009","FUNCTION_AND_L2_SEMANTIC_BASELINE","2026-09-21"
"F18.13","F18","Cybersecurity & Information Security","Security awareness","3","NTE-035","NTE-002;NTE-003;NTE-004;NTE-005;NTE-007;NTE-008;NTE-009","FUNCTION_AND_L2_SEMANTIC_BASELINE","2026-09-21"
"F18.14","F18","Cybersecurity & Information Security","Cryptography","4","NTE-035","NTE-002;NTE-003;NTE-004;NTE-005;NTE-007;NTE-008;NTE-009","FUNCTION_AND_L2_SEMANTIC_BASELINE","2026-09-21"
"F18.15","F18","Cybersecurity & Information Security","Security compliance","4","NTE-035;NTE-037","NTE-002;NTE-003;NTE-004;NTE-005;NTE-007;NTE-008;NTE-009","FUNCTION_AND_L2_SEMANTIC_BASELINE","2026-09-21"
"F19.01","F19","Legal & Corporate Secretariat","Legal advisory","3","NTE-036","NTE-002;NTE-003;NTE-004;NTE-005;NTE-007;NTE-008;NTE-009","FUNCTION_AND_L2_SEMANTIC_BASELINE","2026-09-21"
"F19.02","F19","Legal & Corporate Secretariat","Contract management","8","NTE-036","NTE-002;NTE-003;NTE-004;NTE-005;NTE-007;NTE-008;NTE-009","FUNCTION_AND_L2_SEMANTIC_BASELINE","2026-09-21"
"F19.03","F19","Legal & Corporate Secretariat","Contract repository","4","NTE-036","NTE-002;NTE-003;NTE-004;NTE-005;NTE-007;NTE-008;NTE-009","FUNCTION_AND_L2_SEMANTIC_BASELINE","2026-09-21"
"F19.04","F19","Legal & Corporate Secretariat","Corporate legal","4","NTE-036","NTE-002;NTE-003;NTE-004;NTE-005;NTE-007;NTE-008;NTE-009","FUNCTION_AND_L2_SEMANTIC_BASELINE","2026-09-21"
"F19.05","F19","Legal & Corporate Secretariat","Company secretariat","4","NTE-036;NTE-043","NTE-002;NTE-003;NTE-004;NTE-005;NTE-007;NTE-008;NTE-009","FUNCTION_AND_L2_SEMANTIC_BASELINE","2026-09-21"
"F19.06","F19","Legal & Corporate Secretariat","Intellectual property","4","NTE-036","NTE-002;NTE-003;NTE-004;NTE-005;NTE-007;NTE-008;NTE-009","FUNCTION_AND_L2_SEMANTIC_BASELINE","2026-09-21"
"F19.07","F19","Legal & Corporate Secretariat","Litigation","5","NTE-036","NTE-002;NTE-003;NTE-004;NTE-005;NTE-007;NTE-008;NTE-009","FUNCTION_AND_L2_SEMANTIC_BASELINE","2026-09-21"
"F19.08","F19","Legal & Corporate Secretariat","Regulatory legal","3","NTE-036","NTE-002;NTE-003;NTE-004;NTE-005;NTE-007;NTE-008;NTE-009","FUNCTION_AND_L2_SEMANTIC_BASELINE","2026-09-21"
"F19.09","F19","Legal & Corporate Secretariat","Employment legal","4","NTE-036","NTE-002;NTE-003;NTE-004;NTE-005;NTE-007;NTE-008;NTE-009","FUNCTION_AND_L2_SEMANTIC_BASELINE","2026-09-21"
"F19.10","F19","Legal & Corporate Secretariat","Legal spend","4","NTE-036","NTE-002;NTE-003;NTE-004;NTE-005;NTE-007;NTE-008;NTE-009","FUNCTION_AND_L2_SEMANTIC_BASELINE","2026-09-21"
"F19.11","F19","Legal & Corporate Secretariat","Legal hold/eDiscovery","5","NTE-036;NTE-043;NTE-038","NTE-002;NTE-003;NTE-004;NTE-005;NTE-007;NTE-008;NTE-009","FUNCTION_AND_L2_SEMANTIC_BASELINE","2026-09-21"
"F19.12","F19","Legal & Corporate Secretariat","Legal obligations","3","NTE-036","NTE-002;NTE-003;NTE-004;NTE-005;NTE-007;NTE-008;NTE-009","FUNCTION_AND_L2_SEMANTIC_BASELINE","2026-09-21"
"F20.01","F20","Risk, Compliance, Internal Control & Audit","Risk framework","4","NTE-037","NTE-002;NTE-003;NTE-004;NTE-005;NTE-007;NTE-008;NTE-009","FUNCTION_AND_L2_SEMANTIC_BASELINE","2026-09-21"
"F20.02","F20","Risk, Compliance, Internal Control & Audit","Risk identification","3","NTE-037","NTE-002;NTE-003;NTE-004;NTE-005;NTE-007;NTE-008;NTE-009","FUNCTION_AND_L2_SEMANTIC_BASELINE","2026-09-21"
"F20.03","F20","Risk, Compliance, Internal Control & Audit","Risk assessment","4","NTE-037","NTE-002;NTE-003;NTE-004;NTE-005;NTE-007;NTE-008;NTE-009","FUNCTION_AND_L2_SEMANTIC_BASELINE","2026-09-21"
"F20.04","F20","Risk, Compliance, Internal Control & Audit","Risk treatment","5","NTE-037","NTE-002;NTE-003;NTE-004;NTE-005;NTE-007;NTE-008;NTE-009","FUNCTION_AND_L2_SEMANTIC_BASELINE","2026-09-21"
"F20.05","F20","Risk, Compliance, Internal Control & Audit","Risk monitoring","4","NTE-037","NTE-002;NTE-003;NTE-004;NTE-005;NTE-007;NTE-008;NTE-009","FUNCTION_AND_L2_SEMANTIC_BASELINE","2026-09-21"
"F20.06","F20","Risk, Compliance, Internal Control & Audit","Regulatory compliance","4","NTE-037","NTE-002;NTE-003;NTE-004;NTE-005;NTE-007;NTE-008;NTE-009","FUNCTION_AND_L2_SEMANTIC_BASELINE","2026-09-21"
"F20.07","F20","Risk, Compliance, Internal Control & Audit","Compliance monitoring","4","NTE-037","NTE-002;NTE-003;NTE-004;NTE-005;NTE-007;NTE-008;NTE-009","FUNCTION_AND_L2_SEMANTIC_BASELINE","2026-09-21"
"F20.08","F20","Risk, Compliance, Internal Control & Audit","Control management","4","NTE-037","NTE-002;NTE-003;NTE-004;NTE-005;NTE-007;NTE-008;NTE-009","FUNCTION_AND_L2_SEMANTIC_BASELINE","2026-09-21"
"F20.09","F20","Risk, Compliance, Internal Control & Audit","Control testing","4","NTE-037","NTE-002;NTE-003;NTE-004;NTE-005;NTE-007;NTE-008;NTE-009","FUNCTION_AND_L2_SEMANTIC_BASELINE","2026-09-21"
"F20.10","F20","Risk, Compliance, Internal Control & Audit","Internal audit planning","3","NTE-037","NTE-002;NTE-003;NTE-004;NTE-005;NTE-007;NTE-008;NTE-009","FUNCTION_AND_L2_SEMANTIC_BASELINE","2026-09-21"
"F20.11","F20","Risk, Compliance, Internal Control & Audit","Audit execution","5","NTE-037","NTE-002;NTE-003;NTE-004;NTE-005;NTE-007;NTE-008;NTE-009","FUNCTION_AND_L2_SEMANTIC_BASELINE","2026-09-21"
"F20.12","F20","Risk, Compliance, Internal Control & Audit","Audit reporting","4","NTE-037;NTE-033","NTE-002;NTE-003;NTE-004;NTE-005;NTE-007;NTE-008;NTE-009","FUNCTION_AND_L2_SEMANTIC_BASELINE","2026-09-21"
"F20.13","F20","Risk, Compliance, Internal Control & Audit","Issue/remediation","5","NTE-037","NTE-002;NTE-003;NTE-004;NTE-005;NTE-007;NTE-008;NTE-009","FUNCTION_AND_L2_SEMANTIC_BASELINE","2026-09-21"
"F20.14","F20","Risk, Compliance, Internal Control & Audit","Fraud risk","3","NTE-037","NTE-002;NTE-003;NTE-004;NTE-005;NTE-007;NTE-008;NTE-009","FUNCTION_AND_L2_SEMANTIC_BASELINE","2026-09-21"
"F20.15","F20","Risk, Compliance, Internal Control & Audit","Ethics & conduct","4","NTE-037","NTE-002;NTE-003;NTE-004;NTE-005;NTE-007;NTE-008;NTE-009","FUNCTION_AND_L2_SEMANTIC_BASELINE","2026-09-21"
"F20.16","F20","Risk, Compliance, Internal Control & Audit","Assurance coordination","3","NTE-037","NTE-002;NTE-003;NTE-004;NTE-005;NTE-007;NTE-008;NTE-009","FUNCTION_AND_L2_SEMANTIC_BASELINE","2026-09-21"
"F21.01","F21","Privacy & Information Governance","Privacy governance","3","NTE-038","NTE-002;NTE-003;NTE-004;NTE-005;NTE-007;NTE-008;NTE-009","FUNCTION_AND_L2_SEMANTIC_BASELINE","2026-09-21"
"F21.02","F21","Privacy & Information Governance","Processing inventory","5","NTE-038","NTE-002;NTE-003;NTE-004;NTE-005;NTE-007;NTE-008;NTE-009","FUNCTION_AND_L2_SEMANTIC_BASELINE","2026-09-21"
"F21.03","F21","Privacy & Information Governance","Privacy impact assessment","4","NTE-038","NTE-002;NTE-003;NTE-004;NTE-005;NTE-007;NTE-008;NTE-009","FUNCTION_AND_L2_SEMANTIC_BASELINE","2026-09-21"
"F21.04","F21","Privacy & Information Governance","Consent/preferences","3","NTE-038","NTE-002;NTE-003;NTE-004;NTE-005;NTE-007;NTE-008;NTE-009","FUNCTION_AND_L2_SEMANTIC_BASELINE","2026-09-21"
"F21.05","F21","Privacy & Information Governance","Data subject rights","5","NTE-038","NTE-002;NTE-003;NTE-004;NTE-005;NTE-007;NTE-008;NTE-009","FUNCTION_AND_L2_SEMANTIC_BASELINE","2026-09-21"
"F21.06","F21","Privacy & Information Governance","Privacy incidents","4","NTE-038","NTE-002;NTE-003;NTE-004;NTE-005;NTE-007;NTE-008;NTE-009","FUNCTION_AND_L2_SEMANTIC_BASELINE","2026-09-21"
"F21.07","F21","Privacy & Information Governance","International transfers","3","NTE-038","NTE-002;NTE-003;NTE-004;NTE-005;NTE-007;NTE-008;NTE-009","FUNCTION_AND_L2_SEMANTIC_BASELINE","2026-09-21"
"F21.08","F21","Privacy & Information Governance","Retention","3","NTE-038","NTE-002;NTE-003;NTE-004;NTE-005;NTE-007;NTE-008;NTE-009","FUNCTION_AND_L2_SEMANTIC_BASELINE","2026-09-21"
"F21.09","F21","Privacy & Information Governance","Privacy assurance","3","NTE-038;NTE-037","NTE-002;NTE-003;NTE-004;NTE-005;NTE-007;NTE-008;NTE-009","FUNCTION_AND_L2_SEMANTIC_BASELINE","2026-09-21"
"F22.01","F22","Property, Facilities & Physical Assets","Asset strategy","3","NTE-039","NTE-002;NTE-003;NTE-004;NTE-005;NTE-007;NTE-008;NTE-009","FUNCTION_AND_L2_SEMANTIC_BASELINE","2026-09-21"
"F22.02","F22","Property, Facilities & Physical Assets","Capital planning","3","NTE-039","NTE-002;NTE-003;NTE-004;NTE-005;NTE-007;NTE-008;NTE-009","FUNCTION_AND_L2_SEMANTIC_BASELINE","2026-09-21"
"F22.03","F22","Property, Facilities & Physical Assets","Asset acquisition","5","NTE-039","NTE-002;NTE-003;NTE-004;NTE-005;NTE-007;NTE-008;NTE-009","FUNCTION_AND_L2_SEMANTIC_BASELINE","2026-09-21"
"F22.04","F22","Property, Facilities & Physical Assets","Property acquisition","4","NTE-039","NTE-002;NTE-003;NTE-004;NTE-005;NTE-007;NTE-008;NTE-009","FUNCTION_AND_L2_SEMANTIC_BASELINE","2026-09-21"
"F22.05","F22","Property, Facilities & Physical Assets","Construction/project delivery","6","NTE-039","NTE-002;NTE-003;NTE-004;NTE-005;NTE-007;NTE-008;NTE-009","FUNCTION_AND_L2_SEMANTIC_BASELINE","2026-09-21"
"F22.06","F22","Property, Facilities & Physical Assets","Asset register","5","NTE-039","NTE-002;NTE-003;NTE-004;NTE-005;NTE-007;NTE-008;NTE-009","FUNCTION_AND_L2_SEMANTIC_BASELINE","2026-09-21"
"F22.07","F22","Property, Facilities & Physical Assets","Preventive maintenance","4","NTE-039","NTE-002;NTE-003;NTE-004;NTE-005;NTE-007;NTE-008;NTE-009","FUNCTION_AND_L2_SEMANTIC_BASELINE","2026-09-21"
"F22.08","F22","Property, Facilities & Physical Assets","Reactive maintenance","5","NTE-039","NTE-002;NTE-003;NTE-004;NTE-005;NTE-007;NTE-008;NTE-009","FUNCTION_AND_L2_SEMANTIC_BASELINE","2026-09-21"
"F22.09","F22","Property, Facilities & Physical Assets","Reliability","3","NTE-039","NTE-002;NTE-003;NTE-004;NTE-005;NTE-007;NTE-008;NTE-009","FUNCTION_AND_L2_SEMANTIC_BASELINE","2026-09-21"
"F22.10","F22","Property, Facilities & Physical Assets","Facilities operations","5","NTE-039","NTE-002;NTE-003;NTE-004;NTE-005;NTE-007;NTE-008;NTE-009","FUNCTION_AND_L2_SEMANTIC_BASELINE","2026-09-21"
"F22.11","F22","Property, Facilities & Physical Assets","Space management","3","NTE-039","NTE-002;NTE-003;NTE-004;NTE-005;NTE-007;NTE-008;NTE-009","FUNCTION_AND_L2_SEMANTIC_BASELINE","2026-09-21"
"F22.12","F22","Property, Facilities & Physical Assets","Lease management","4","NTE-039","NTE-002;NTE-003;NTE-004;NTE-005;NTE-007;NTE-008;NTE-009","FUNCTION_AND_L2_SEMANTIC_BASELINE","2026-09-21"
"F22.13","F22","Property, Facilities & Physical Assets","Utilities management","3","NTE-039","NTE-002;NTE-003;NTE-004;NTE-005;NTE-007;NTE-008;NTE-009","FUNCTION_AND_L2_SEMANTIC_BASELINE","2026-09-21"
"F22.14","F22","Property, Facilities & Physical Assets","Asset disposal","4","NTE-039","NTE-002;NTE-003;NTE-004;NTE-005;NTE-007;NTE-008;NTE-009","FUNCTION_AND_L2_SEMANTIC_BASELINE","2026-09-21"
"F23.01","F23","Health, Safety, Environment & Sustainability","H&S management","4","NTE-040","NTE-002;NTE-003;NTE-004;NTE-005;NTE-007;NTE-008;NTE-009","FUNCTION_AND_L2_SEMANTIC_BASELINE","2026-09-21"
"F23.02","F23","Health, Safety, Environment & Sustainability","Hazard identification","3","NTE-040","NTE-002;NTE-003;NTE-004;NTE-005;NTE-007;NTE-008;NTE-009","FUNCTION_AND_L2_SEMANTIC_BASELINE","2026-09-21"
"F23.03","F23","Health, Safety, Environment & Sustainability","Workplace inspections","4","NTE-040","NTE-002;NTE-003;NTE-004;NTE-005;NTE-007;NTE-008;NTE-009","FUNCTION_AND_L2_SEMANTIC_BASELINE","2026-09-21"
"F23.04","F23","Health, Safety, Environment & Sustainability","Incident management","4","NTE-040","NTE-002;NTE-003;NTE-004;NTE-005;NTE-007;NTE-008;NTE-009","FUNCTION_AND_L2_SEMANTIC_BASELINE","2026-09-21"
"F23.05","F23","Health, Safety, Environment & Sustainability","Occupational health","3","NTE-040","NTE-002;NTE-003;NTE-004;NTE-005;NTE-007;NTE-008;NTE-009","FUNCTION_AND_L2_SEMANTIC_BASELINE","2026-09-21"
"F23.06","F23","Health, Safety, Environment & Sustainability","Permit-to-work","5","NTE-040","NTE-002;NTE-003;NTE-004;NTE-005;NTE-007;NTE-008;NTE-009","FUNCTION_AND_L2_SEMANTIC_BASELINE","2026-09-21"
"F23.07","F23","Health, Safety, Environment & Sustainability","Environmental management","3","NTE-040","NTE-002;NTE-003;NTE-004;NTE-005;NTE-007;NTE-008;NTE-009","FUNCTION_AND_L2_SEMANTIC_BASELINE","2026-09-21"
"F23.08","F23","Health, Safety, Environment & Sustainability","Waste management","6","NTE-040","NTE-002;NTE-003;NTE-004;NTE-005;NTE-007;NTE-008;NTE-009","FUNCTION_AND_L2_SEMANTIC_BASELINE","2026-09-21"
"F23.09","F23","Health, Safety, Environment & Sustainability","Carbon management","4","NTE-040","NTE-002;NTE-003;NTE-004;NTE-005;NTE-007;NTE-008;NTE-009","FUNCTION_AND_L2_SEMANTIC_BASELINE","2026-09-21"
"F23.10","F23","Health, Safety, Environment & Sustainability","Energy management","4","NTE-040","NTE-002;NTE-003;NTE-004;NTE-005;NTE-007;NTE-008;NTE-009","FUNCTION_AND_L2_SEMANTIC_BASELINE","2026-09-21"
"F23.11","F23","Health, Safety, Environment & Sustainability","Sustainability strategy","3","NTE-040","NTE-002;NTE-003;NTE-004;NTE-005;NTE-007;NTE-008;NTE-009","FUNCTION_AND_L2_SEMANTIC_BASELINE","2026-09-21"
"F23.12","F23","Health, Safety, Environment & Sustainability","ESG reporting","5","NTE-040;NTE-033","NTE-002;NTE-003;NTE-004;NTE-005;NTE-007;NTE-008;NTE-009","FUNCTION_AND_L2_SEMANTIC_BASELINE","2026-09-21"
"F23.13","F23","Health, Safety, Environment & Sustainability","Sustainable supply chain","3","NTE-040","NTE-002;NTE-003;NTE-004;NTE-005;NTE-007;NTE-008;NTE-009","FUNCTION_AND_L2_SEMANTIC_BASELINE","2026-09-21"
"F23.14","F23","Health, Safety, Environment & Sustainability","Environmental compliance","4","NTE-040;NTE-037","NTE-002;NTE-003;NTE-004;NTE-005;NTE-007;NTE-008;NTE-009","FUNCTION_AND_L2_SEMANTIC_BASELINE","2026-09-21"
"F24.01","F24","Business Continuity, Crisis & Physical Security","Business continuity governance","4","NTE-041","NTE-002;NTE-003;NTE-004;NTE-005;NTE-007;NTE-008;NTE-009","FUNCTION_AND_L2_SEMANTIC_BASELINE","2026-09-21"
"F24.02","F24","Business Continuity, Crisis & Physical Security","Business impact analysis","4","NTE-041","NTE-002;NTE-003;NTE-004;NTE-005;NTE-007;NTE-008;NTE-009","FUNCTION_AND_L2_SEMANTIC_BASELINE","2026-09-21"
"F24.03","F24","Business Continuity, Crisis & Physical Security","Continuity planning","3","NTE-041","NTE-002;NTE-003;NTE-004;NTE-005;NTE-007;NTE-008;NTE-009","FUNCTION_AND_L2_SEMANTIC_BASELINE","2026-09-21"
"F24.04","F24","Business Continuity, Crisis & Physical Security","Continuity testing","4","NTE-041","NTE-002;NTE-003;NTE-004;NTE-005;NTE-007;NTE-008;NTE-009","FUNCTION_AND_L2_SEMANTIC_BASELINE","2026-09-21"
"F24.05","F24","Business Continuity, Crisis & Physical Security","Crisis management","4","NTE-041","NTE-002;NTE-003;NTE-004;NTE-005;NTE-007;NTE-008;NTE-009","FUNCTION_AND_L2_SEMANTIC_BASELINE","2026-09-21"
"F24.06","F24","Business Continuity, Crisis & Physical Security","Emergency response","4","NTE-041","NTE-002;NTE-003;NTE-004;NTE-005;NTE-007;NTE-008;NTE-009","FUNCTION_AND_L2_SEMANTIC_BASELINE","2026-09-21"
"F24.07","F24","Business Continuity, Crisis & Physical Security","Crisis communications","3","NTE-041","NTE-002;NTE-003;NTE-004;NTE-005;NTE-007;NTE-008;NTE-009","FUNCTION_AND_L2_SEMANTIC_BASELINE","2026-09-21"
"F24.08","F24","Business Continuity, Crisis & Physical Security","Disaster recovery coordination","3","NTE-041","NTE-002;NTE-003;NTE-004;NTE-005;NTE-007;NTE-008;NTE-009","FUNCTION_AND_L2_SEMANTIC_BASELINE","2026-09-21"
"F24.09","F24","Business Continuity, Crisis & Physical Security","Physical security","4","NTE-041","NTE-002;NTE-003;NTE-004;NTE-005;NTE-007;NTE-008;NTE-009","FUNCTION_AND_L2_SEMANTIC_BASELINE","2026-09-21"
"F24.10","F24","Business Continuity, Crisis & Physical Security","Visitor management","4","NTE-041","NTE-002;NTE-003;NTE-004;NTE-005;NTE-007;NTE-008;NTE-009","FUNCTION_AND_L2_SEMANTIC_BASELINE","2026-09-21"
"F24.11","F24","Business Continuity, Crisis & Physical Security","Security investigations","4","NTE-041","NTE-002;NTE-003;NTE-004;NTE-005;NTE-007;NTE-008;NTE-009","FUNCTION_AND_L2_SEMANTIC_BASELINE","2026-09-21"
"F24.12","F24","Business Continuity, Crisis & Physical Security","Travel security","4","NTE-041","NTE-002;NTE-003;NTE-004;NTE-005;NTE-007;NTE-008;NTE-009","FUNCTION_AND_L2_SEMANTIC_BASELINE","2026-09-21"
"F25.01","F25","Communications, Public Affairs & Investor Relations","Corporate communications","3","NTE-042","NTE-002;NTE-003;NTE-004;NTE-005;NTE-007;NTE-008;NTE-009","FUNCTION_AND_L2_SEMANTIC_BASELINE","2026-09-21"
"F25.02","F25","Communications, Public Affairs & Investor Relations","Internal communications","4","NTE-042","NTE-002;NTE-003;NTE-004;NTE-005;NTE-007;NTE-008;NTE-009","FUNCTION_AND_L2_SEMANTIC_BASELINE","2026-09-21"
"F25.03","F25","Communications, Public Affairs & Investor Relations","Media relations","4","NTE-042","NTE-002;NTE-003;NTE-004;NTE-005;NTE-007;NTE-008;NTE-009","FUNCTION_AND_L2_SEMANTIC_BASELINE","2026-09-21"
"F25.04","F25","Communications, Public Affairs & Investor Relations","Public relations","3","NTE-042","NTE-002;NTE-003;NTE-004;NTE-005;NTE-007;NTE-008;NTE-009","FUNCTION_AND_L2_SEMANTIC_BASELINE","2026-09-21"
"F25.05","F25","Communications, Public Affairs & Investor Relations","Reputation management","4","NTE-042","NTE-002;NTE-003;NTE-004;NTE-005;NTE-007;NTE-008;NTE-009","FUNCTION_AND_L2_SEMANTIC_BASELINE","2026-09-21"
"F25.06","F25","Communications, Public Affairs & Investor Relations","Public affairs","3","NTE-042","NTE-002;NTE-003;NTE-004;NTE-005;NTE-007;NTE-008;NTE-009","FUNCTION_AND_L2_SEMANTIC_BASELINE","2026-09-21"
"F25.07","F25","Communications, Public Affairs & Investor Relations","Government relations","4","NTE-042","NTE-002;NTE-003;NTE-004;NTE-005;NTE-007;NTE-008;NTE-009","FUNCTION_AND_L2_SEMANTIC_BASELINE","2026-09-21"
"F25.08","F25","Communications, Public Affairs & Investor Relations","Investor relations","3","NTE-042","NTE-002;NTE-003;NTE-004;NTE-005;NTE-007;NTE-008;NTE-009","FUNCTION_AND_L2_SEMANTIC_BASELINE","2026-09-21"
"F25.09","F25","Communications, Public Affairs & Investor Relations","Annual reporting","5","NTE-042;NTE-033","NTE-002;NTE-003;NTE-004;NTE-005;NTE-007;NTE-008;NTE-009","FUNCTION_AND_L2_SEMANTIC_BASELINE","2026-09-21"
"F25.10","F25","Communications, Public Affairs & Investor Relations","Stakeholder engagement","4","NTE-042","NTE-002;NTE-003;NTE-004;NTE-005;NTE-007;NTE-008;NTE-009","FUNCTION_AND_L2_SEMANTIC_BASELINE","2026-09-21"
"F25.11","F25","Communications, Public Affairs & Investor Relations","Community relations","3","NTE-042","NTE-002;NTE-003;NTE-004;NTE-005;NTE-007;NTE-008;NTE-009","FUNCTION_AND_L2_SEMANTIC_BASELINE","2026-09-21"
"F25.12","F25","Communications, Public Affairs & Investor Relations","Crisis communications","4","NTE-042","NTE-002;NTE-003;NTE-004;NTE-005;NTE-007;NTE-008;NTE-009","FUNCTION_AND_L2_SEMANTIC_BASELINE","2026-09-21"
"F26.01","F26","Knowledge, Document & Records Management","Knowledge strategy","3","NTE-043;NTE-010","NTE-002;NTE-003;NTE-004;NTE-005;NTE-007;NTE-008;NTE-009","FUNCTION_AND_L2_SEMANTIC_BASELINE","2026-09-21"
"F26.02","F26","Knowledge, Document & Records Management","Knowledge capture","4","NTE-043;NTE-010","NTE-002;NTE-003;NTE-004;NTE-005;NTE-007;NTE-008;NTE-009","FUNCTION_AND_L2_SEMANTIC_BASELINE","2026-09-21"
"F26.03","F26","Knowledge, Document & Records Management","Knowledge sharing","4","NTE-043;NTE-010","NTE-002;NTE-003;NTE-004;NTE-005;NTE-007;NTE-008;NTE-009","FUNCTION_AND_L2_SEMANTIC_BASELINE","2026-09-21"
"F26.04","F26","Knowledge, Document & Records Management","Knowledge maintenance","4","NTE-043;NTE-010","NTE-002;NTE-003;NTE-004;NTE-005;NTE-007;NTE-008;NTE-009","FUNCTION_AND_L2_SEMANTIC_BASELINE","2026-09-21"
"F26.05","F26","Knowledge, Document & Records Management","Document management","6","NTE-043;NTE-010","NTE-002;NTE-003;NTE-004;NTE-005;NTE-007;NTE-008;NTE-009","FUNCTION_AND_L2_SEMANTIC_BASELINE","2026-09-21"
"F26.06","F26","Knowledge, Document & Records Management","Records management","5","NTE-043;NTE-010","NTE-002;NTE-003;NTE-004;NTE-005;NTE-007;NTE-008;NTE-009","FUNCTION_AND_L2_SEMANTIC_BASELINE","2026-09-21"
"F26.07","F26","Knowledge, Document & Records Management","Controlled documents","4","NTE-043;NTE-010;NTE-037","NTE-002;NTE-003;NTE-004;NTE-005;NTE-007;NTE-008;NTE-009","FUNCTION_AND_L2_SEMANTIC_BASELINE","2026-09-21"
"F26.08","F26","Knowledge, Document & Records Management","Records retention","4","NTE-043;NTE-010","NTE-002;NTE-003;NTE-004;NTE-005;NTE-007;NTE-008;NTE-009","FUNCTION_AND_L2_SEMANTIC_BASELINE","2026-09-21"
"F26.09","F26","Knowledge, Document & Records Management","Enterprise search","4","NTE-043;NTE-010","NTE-002;NTE-003;NTE-004;NTE-005;NTE-007;NTE-008;NTE-009","FUNCTION_AND_L2_SEMANTIC_BASELINE","2026-09-21"
"F26.10","F26","Knowledge, Document & Records Management","Lessons learned","5","NTE-043;NTE-010","NTE-002;NTE-003;NTE-004;NTE-005;NTE-007;NTE-008;NTE-009","FUNCTION_AND_L2_SEMANTIC_BASELINE","2026-09-21"
"F27.01","F27","Portfolio, Programme & Project Management","Portfolio management","5","NTE-044;NTE-045","NTE-002;NTE-003;NTE-004;NTE-005;NTE-007;NTE-008;NTE-009","FUNCTION_AND_L2_SEMANTIC_BASELINE","2026-09-21"
"F27.02","F27","Portfolio, Programme & Project Management","Investment governance","4","NTE-044;NTE-045","NTE-002;NTE-003;NTE-004;NTE-005;NTE-007;NTE-008;NTE-009","FUNCTION_AND_L2_SEMANTIC_BASELINE","2026-09-21"
"F27.03","F27","Portfolio, Programme & Project Management","Programme management","4","NTE-044;NTE-045","NTE-002;NTE-003;NTE-004;NTE-005;NTE-007;NTE-008;NTE-009","FUNCTION_AND_L2_SEMANTIC_BASELINE","2026-09-21"
"F27.04","F27","Portfolio, Programme & Project Management","Project initiation","5","NTE-044;NTE-045","NTE-002;NTE-003;NTE-004;NTE-005;NTE-007;NTE-008;NTE-009","FUNCTION_AND_L2_SEMANTIC_BASELINE","2026-09-21"
"F27.05","F27","Portfolio, Programme & Project Management","Project planning","4","NTE-044;NTE-045","NTE-002;NTE-003;NTE-004;NTE-005;NTE-007;NTE-008;NTE-009","FUNCTION_AND_L2_SEMANTIC_BASELINE","2026-09-21"
"F27.06","F27","Portfolio, Programme & Project Management","Project execution","4","NTE-044;NTE-045","NTE-002;NTE-003;NTE-004;NTE-005;NTE-007;NTE-008;NTE-009","FUNCTION_AND_L2_SEMANTIC_BASELINE","2026-09-21"
"F27.07","F27","Portfolio, Programme & Project Management","Project control","5","NTE-044;NTE-045;NTE-037","NTE-002;NTE-003;NTE-004;NTE-005;NTE-007;NTE-008;NTE-009","FUNCTION_AND_L2_SEMANTIC_BASELINE","2026-09-21"
"F27.08","F27","Portfolio, Programme & Project Management","Project closure","4","NTE-044;NTE-045","NTE-002;NTE-003;NTE-004;NTE-005;NTE-007;NTE-008;NTE-009","FUNCTION_AND_L2_SEMANTIC_BASELINE","2026-09-21"
"F27.09","F27","Portfolio, Programme & Project Management","PMO","5","NTE-044;NTE-045","NTE-002;NTE-003;NTE-004;NTE-005;NTE-007;NTE-008;NTE-009","FUNCTION_AND_L2_SEMANTIC_BASELINE","2026-09-21"
"F27.10","F27","Portfolio, Programme & Project Management","Resource management","3","NTE-044;NTE-045","NTE-002;NTE-003;NTE-004;NTE-005;NTE-007;NTE-008;NTE-009","FUNCTION_AND_L2_SEMANTIC_BASELINE","2026-09-21"
"F28.01","F28","Change & Transformation Management","Transformation strategy","3","NTE-046","NTE-002;NTE-003;NTE-004;NTE-005;NTE-007;NTE-008;NTE-009","FUNCTION_AND_L2_SEMANTIC_BASELINE","2026-09-21"
"F28.02","F28","Change & Transformation Management","Change impact assessment","4","NTE-046","NTE-002;NTE-003;NTE-004;NTE-005;NTE-007;NTE-008;NTE-009","FUNCTION_AND_L2_SEMANTIC_BASELINE","2026-09-21"
"F28.03","F28","Change & Transformation Management","Stakeholder management","3","NTE-046","NTE-002;NTE-003;NTE-004;NTE-005;NTE-007;NTE-008;NTE-009","FUNCTION_AND_L2_SEMANTIC_BASELINE","2026-09-21"
"F28.04","F28","Change & Transformation Management","Change communications","3","NTE-046","NTE-002;NTE-003;NTE-004;NTE-005;NTE-007;NTE-008;NTE-009","FUNCTION_AND_L2_SEMANTIC_BASELINE","2026-09-21"
"F28.05","F28","Change & Transformation Management","Training/readiness","4","NTE-046","NTE-002;NTE-003;NTE-004;NTE-005;NTE-007;NTE-008;NTE-009","FUNCTION_AND_L2_SEMANTIC_BASELINE","2026-09-21"
"F28.06","F28","Change & Transformation Management","Adoption management","4","NTE-046","NTE-002;NTE-003;NTE-004;NTE-005;NTE-007;NTE-008;NTE-009","FUNCTION_AND_L2_SEMANTIC_BASELINE","2026-09-21"
"F28.07","F28","Change & Transformation Management","Organisational transition","4","NTE-046","NTE-002;NTE-003;NTE-004;NTE-005;NTE-007;NTE-008;NTE-009","FUNCTION_AND_L2_SEMANTIC_BASELINE","2026-09-21"
"F28.08","F28","Change & Transformation Management","Benefits tracking","4","NTE-046;NTE-013","NTE-002;NTE-003;NTE-004;NTE-005;NTE-007;NTE-008;NTE-009","FUNCTION_AND_L2_SEMANTIC_BASELINE","2026-09-21"
"F29.01","F29","Business Process & Continuous Improvement","Process architecture","3","NTE-047;NTE-048","NTE-002;NTE-003;NTE-004;NTE-005;NTE-007;NTE-008;NTE-009","FUNCTION_AND_L2_SEMANTIC_BASELINE","2026-09-21"
"F29.02","F29","Business Process & Continuous Improvement","Process ownership","3","NTE-047;NTE-048","NTE-002;NTE-003;NTE-004;NTE-005;NTE-007;NTE-008;NTE-009","FUNCTION_AND_L2_SEMANTIC_BASELINE","2026-09-21"
"F29.03","F29","Business Process & Continuous Improvement","Process modelling","3","NTE-047;NTE-048","NTE-002;NTE-003;NTE-004;NTE-005;NTE-007;NTE-008;NTE-009","FUNCTION_AND_L2_SEMANTIC_BASELINE","2026-09-21"
"F29.04","F29","Business Process & Continuous Improvement","Process analysis","5","NTE-047;NTE-048","NTE-002;NTE-003;NTE-004;NTE-005;NTE-007;NTE-008;NTE-009","FUNCTION_AND_L2_SEMANTIC_BASELINE","2026-09-21"
"F29.05","F29","Business Process & Continuous Improvement","Process redesign","4","NTE-047;NTE-048","NTE-002;NTE-003;NTE-004;NTE-005;NTE-007;NTE-008;NTE-009","FUNCTION_AND_L2_SEMANTIC_BASELINE","2026-09-21"
"F29.06","F29","Business Process & Continuous Improvement","SOP management","5","NTE-047;NTE-048;NTE-043","NTE-002;NTE-003;NTE-004;NTE-005;NTE-007;NTE-008;NTE-009","FUNCTION_AND_L2_SEMANTIC_BASELINE","2026-09-21"
"F29.07","F29","Business Process & Continuous Improvement","Workflow automation","4","NTE-047;NTE-048","NTE-002;NTE-003;NTE-004;NTE-005;NTE-007;NTE-008;NTE-009","FUNCTION_AND_L2_SEMANTIC_BASELINE","2026-09-21"
"F29.08","F29","Business Process & Continuous Improvement","Continuous improvement","4","NTE-047;NTE-048","NTE-002;NTE-003;NTE-004;NTE-005;NTE-007;NTE-008;NTE-009","FUNCTION_AND_L2_SEMANTIC_BASELINE","2026-09-21"
"F29.09","F29","Business Process & Continuous Improvement","Process compliance","4","NTE-047;NTE-048;NTE-037","NTE-002;NTE-003;NTE-004;NTE-005;NTE-007;NTE-008;NTE-009","FUNCTION_AND_L2_SEMANTIC_BASELINE","2026-09-21"
"F29.10","F29","Business Process & Continuous Improvement","Process performance","4","NTE-047;NTE-048;NTE-033","NTE-002;NTE-003;NTE-004;NTE-005;NTE-007;NTE-008;NTE-009","FUNCTION_AND_L2_SEMANTIC_BASELINE","2026-09-21"
