engine_id,engine_name,engine_class,primary_function_codes,participating_function_codes,canonical_scope,canonical_object_families,implementation_state
"NTE-001","Party, Organisation & Identity","A_PLATFORM_CONTROL","F02;F15","F01-F29","Canonical tenant, Party, Person, Organisation, Organisation Unit, Position, membership and identity management","Tenant; Party; Person; Organisation; Organisation Unit; Position; Membership","IMPLEMENTED_PLATFORM"
"NTE-002","Access, Responsibility & Authority","A_PLATFORM_CONTROL","F02;F16;F18;F20","F01-F29","Permission, scope, responsibility, delegated authority, segregation-of-duties and controlled denial","Permission; Access Role; Responsibility; Authority Definition; Authority Grant; Delegation","IMPLEMENTED_PLATFORM"
"NTE-003","Workflow, Work & Assignment","A_PLATFORM_CONTROL","F29","F01-F29","Workflow definition/execution, work items, assignment, queues, due dates, escalation and My Work","Workflow Definition; Workflow Instance; Work Item; Assignment","IMPLEMENTED_PLATFORM"
"NTE-004","Lifecycle, Decision & Evidence","A_PLATFORM_CONTROL","F02;F13;F20;F26","F01-F29","Lifecycle state control, immutable decisions, approval evidence and audit history","Lifecycle; Decision; Evidence; Audit Entry; Event","IMPLEMENTED_PLATFORM"
"NTE-005","Information, Revision & Representation","A_PLATFORM_CONTROL","F26","F01-F29","Controlled information identity, revision/iteration, representations, issue state and provenance","Information Container; Revision; Iteration; Representation; Document; Record","IMPLEMENTED_PLATFORM"
"NTE-006","Change, Configuration & Baseline","A_PLATFORM_CONTROL","F05;F26","F01-F29","Governed change, affected objects, configuration items, baselines and effectivity","Change; Configuration Item; Configuration; Baseline; Effectivity","IMPLEMENTED_PLATFORM"
"NTE-007","Deliverable, Issue & Acceptance","A_PLATFORM_CONTROL","F27","F01-F29","Deliverable requirements/items, review, issue/transmittal, recipient response, acceptance and rework","Deliverable Requirement; Deliverable Item; Transmittal; Acceptance","IMPLEMENTED_PLATFORM"
"NTE-008","Events, Integration & Portability","A_PLATFORM_CONTROL","F16;F17","F01-F29","Business events, transactional outbox, import/export, provenance, reconciliation and integration jobs","Business Event; Outbox Event; Import/Export Envelope; External Identity; Integration Job","IMPLEMENTED_PLATFORM"
"NTE-009","HCM Position, Deployment & Competence","A_PLATFORM_CONTROL","F15","F01-F29","Deployment of capability to organisation, position, person and operating context with competence gates","Function; Job Profile; Competence Requirement; Competence Evidence; Functional Deployment; Deployment Assignment","IMPLEMENTED_PLATFORM"
"NTE-010","Enterprise Search & Knowledge Retrieval","F_DATA_AUTOMATION_AI","F26","F01-F29","Index canonical information, retrieve governed knowledge, filter by authority and preserve source provenance","Search Index Projection; Knowledge Item; Metadata; Classification","TO_BUILD"
"NTE-011","Strategy, Scenario & Enterprise Planning","C_PLANNING_ANALYTICS","F01","F03;F27;F28","Objectives, scenarios, strategic options, annual/business plans and enterprise initiative alignment","Strategy; Objective; Scenario; Business Plan; Initiative; Strategic Priority","TO_BUILD"
"NTE-012","Board, Committee & Governance","B_TRANSACTION","F02","F19;F20","Board/committee calendars, packs, agendas, minutes, resolutions, actions, governance structures and policy decisions","Board; Committee; Meeting; Agenda; Resolution; Action; Policy","TO_BUILD"
"NTE-013","Performance, KPI & Benefits","C_PLANNING_ANALYTICS","F03","F01;F27;F28;F29","Scorecards, KPIs, targets, variance, benchmarks, benefits and management review","KPI; Target; Scorecard; Performance Result; Variance; Benefit; Benchmark","TO_BUILD"
"NTE-014","Deal, M&A & Corporate Development","B_TRANSACTION","F04","F01;F14;F19;F20","Target/opportunity pipeline, valuation, due diligence, transaction, integration and divestiture","Deal Opportunity; Target; Valuation; Due Diligence Item; Transaction; Integration Plan; Separation Plan","TO_BUILD"
"NTE-015","Product, Service & Innovation Lifecycle","D_PROFESSIONAL_AUTHORING","F05","F01;F13;F19;F26","Portfolio, requirements, ideation, business cases, product/service definition, roadmap and lifecycle control","Product; Service; Requirement; Idea; Concept; Business Case; Roadmap; Product Configuration","TO_BUILD"
"NTE-016","Marketing, Campaign & Brand","B_TRANSACTION","F06","F17;F25","Market/segment intelligence, brand assets, campaigns, content, events, leads and attribution","Market Segment; Brand Asset; Campaign; Content Item; Event; Lead; Attribution Result","TO_BUILD"
"NTE-017","CRM, Opportunity & Account","B_TRANSACTION","F07","F06;F08;F25","Accounts, contacts, opportunities, pipeline stages, relationship plans and sales forecasting","Customer; Account; Contact; Opportunity; Pipeline; Account Plan; Forecast","TO_BUILD"
"NTE-018","Pricing, CPQ, Bid & Sales Order","B_TRANSACTION","F07","F05;F09;F14;F19;F27","Price lists, configuration, quotations, proposals/bids, commercial approvals and sales orders","Price List; Price; Quote; Proposal; Bid; Sales Order; Commercial Approval","TO_BUILD"
"NTE-019","Customer Service, Case & Success","B_TRANSACTION","F08","F07;F12;F13","Onboarding, enquiries, cases, complaints, support, returns, warranty, customer success and SLA","Customer Onboarding; Enquiry; Case; Complaint; Support Incident; Return; Warranty Claim; SLA","TO_BUILD"
"NTE-020","Supplier, Sourcing & Procurement","B_TRANSACTION","F09","F10;F14;F19;F20;F23","Supplier discovery/onboarding, category/spend, RFx, evaluation, negotiation, requisition and purchase order","Supplier; Category; Sourcing Event; RFx; Supplier Response; Evaluation; Requisition; Purchase Order","TO_BUILD"
"NTE-021","Demand, Supply & MRP Planning","C_PLANNING_ANALYTICS","F10","F07;F09;F11","Demand forecast, S&OP, supply planning, material requirements, capacity and inventory targets","Demand Forecast; S&OP Plan; Supply Plan; Material Requirement; Inventory Policy; Capacity Plan","TO_BUILD"
"NTE-022","Inventory, Warehouse & Logistics","B_TRANSACTION","F10","F09;F11;F12;F22","Stock, locations, inbound/outbound, warehouse tasks, physical inventory, transport, distribution and customs","Inventory Item; Stock Position; Warehouse Task; Goods Receipt; Shipment; Load; Inventory Count; Customs Entry","TO_BUILD"
"NTE-023","Manufacturing & Production Execution","E_FIELD_PRODUCTION_ASSURANCE","F11","F05;F10;F13;F22","Production planning/scheduling, work orders, material staging, WIP, process execution, packaging and reporting","Production Plan; Production Schedule; Production Order; Operation; WIP; Material Issue; Production Result","TO_BUILD"
"NTE-024","Service Planning, Dispatch & Field Execution","E_FIELD_PRODUCTION_ASSURANCE","F12","F08;F22;F23;F27","Service demand, scheduling, dispatch, mobile/field execution, evidence, acceptance and service performance","Service Request; Service Order; Appointment; Dispatch; Field Work Record; Service Acceptance","TO_BUILD"
"NTE-025","Quality, Inspection, Test & CAPA","E_FIELD_PRODUCTION_ASSURANCE","F13","F05;F09;F11;F12;F22;F23;F27","Quality planning, inspection/test, audit, non-conformance, root cause, CAPA and supplier quality","Quality Plan; Inspection; Test; Non-Conformance; Defect; CAPA; Audit; Certificate","TO_BUILD"
"NTE-026","Accounting, Ledger & Financial Close","B_TRANSACTION","F14","F07;F09;F10;F11;F22;F27","Chart/accounting, journals, AP, AR, billing, fixed assets, period close, consolidation and statements","Account; Ledger; Journal; Invoice; Credit Note; Payment Allocation; Fixed Asset; Financial Statement","TO_BUILD"
"NTE-027","Treasury, Cash & Tax","B_TRANSACTION","F14","F01;F04;F20","Cash position/forecasting, bank accounts, payments, liquidity, debt/investment, tax determination and compliance","Bank Account; Cash Position; Cash Forecast; Payment; Treasury Deal; Tax Calculation; Tax Return","TO_BUILD"
"NTE-028","Workforce, HCM, Payroll & Talent","B_TRANSACTION","F15","F02;F12;F28","Recruitment, onboarding, workforce records, time/absence, payroll, performance, learning, talent and reward","Worker; Candidate; Requisition; Employment; Time Record; Absence; Payroll Run; Learning Record; Performance Review","TO_BUILD"
"NTE-029","IT Service & Configuration Management","E_FIELD_PRODUCTION_ASSURANCE","F16","F18;F20;F29","Service catalogue, request, incident, problem, change, CMDB, knowledge, SLA and IT operations","IT Service; Service Request; Incident; Problem; IT Change; Configuration Item; CMDB Relationship; SLA","TO_BUILD"
"NTE-030","DevOps, Platform & Endpoint Operations","F_DATA_AUTOMATION_AI","F16","F17;F18","Source/repository, CI/CD, release, environment, cloud/platform, endpoint and software lifecycle operations","Repository; Build; Pipeline; Release; Environment; Endpoint; Software Package; Deployment","TO_BUILD"
"NTE-031","Data Integration, Engineering & Lakehouse","F_DATA_AUTOMATION_AI","F17","F01-F29","Data ingestion, transformation, orchestration, data products, warehouse/lakehouse, quality and lineage","Dataset; Data Product; Pipeline; Transformation; Table; Data Quality Rule; Lineage","TO_BUILD"
"NTE-032","Master Data, Catalogue & Governance","F_DATA_AUTOMATION_AI","F17","F01-F29","Master/reference data, business glossary, catalogue, stewardship, data access and data lifecycle","Master Data Entity; Reference Data Set; Catalogue Entry; Glossary Term; Data Access Request; Stewardship Task","TO_BUILD"
"NTE-033","BI, Semantic Analytics & Reporting","C_PLANNING_ANALYTICS","F17","F01-F29","Semantic metrics, dashboards, self-service analysis, reporting, scheduled distribution and metric lineage","Metric; Semantic Model; Dashboard; Report; Analytical Dataset; Insight","TO_BUILD"
"NTE-034","AI, ML, Agents & Model Governance","F_DATA_AUTOMATION_AI","F17","F16;F18;F20;F29","Model/agent development, evaluation, deployment, monitoring, versioning, risk assessment and governance","AI Use Case; Model; Model Version; Agent; Evaluation; Deployment; Monitoring Result; AI Risk Assessment","TO_BUILD"
"NTE-035","Cybersecurity Operations & Exposure","E_FIELD_PRODUCTION_ASSURANCE","F18","F16;F20","IAM/PAM security, vulnerabilities, patches, SIEM/SOC, threat, security incidents, application security and controls","Security Asset; Identity Entitlement; Vulnerability; Finding; Security Alert; Security Incident; Threat Indicator; Security Control","TO_BUILD"
"NTE-036","Legal Matter, Contract & Entity","B_TRANSACTION","F19","F02;F04;F07;F09;F20;F26","Legal advice/matters, CLM, obligations, legal entities, statutory records, IP, litigation and legal spend","Legal Matter; Contract; Clause; Obligation; Legal Entity; Filing; IP Right; Litigation Matter; Legal Invoice","TO_BUILD"
"NTE-037","Risk, Compliance, Control & Audit","E_FIELD_PRODUCTION_ASSURANCE","F20","F02;F13;F18;F21;F23;F24","Risk taxonomy/assessment/treatment, obligations, controls, testing, audits, findings, remediation and ethics","Risk; Risk Assessment; Obligation; Control; Control Test; Audit; Finding; Issue; Remediation Action; Disclosure","TO_BUILD"
"NTE-038","Privacy & Information Governance","E_FIELD_PRODUCTION_ASSURANCE","F21","F17;F19;F20;F26","RoPA/data mapping, DPIA, consent, rights requests, privacy incidents, international transfers, retention and disposal","Processing Activity; Data Map; DPIA; Consent; Data Subject Request; Privacy Incident; Transfer Assessment; Retention Rule","TO_BUILD"
"NTE-039","Asset, Property, Facilities & Maintenance","E_FIELD_PRODUCTION_ASSURANCE","F22","F12;F14;F23;F27","Asset/property master, capital planning, lease/space, preventive/reactive maintenance, facilities services, utilities and reliability","Asset; Property; Facility; Space; Lease; Maintenance Plan; Work Order; Service Request; Meter; Condition Assessment","TO_BUILD"
"NTE-040","HSE, Permit, Environment & ESG","E_FIELD_PRODUCTION_ASSURANCE","F23","F09;F11;F12;F13;F20;F22;F27","Hazards/risk, inspections, incidents, permits, occupational health, environmental compliance, waste, carbon, energy and ESG","Hazard; HSE Risk Assessment; HSE Incident; Permit; Inspection; Waste Record; Emission; ESG Metric; Sustainability Initiative","TO_BUILD"
"NTE-041","Continuity, Crisis & Physical Security","E_FIELD_PRODUCTION_ASSURANCE","F24","F16;F18;F20;F25","BIA, continuity/recovery plans, exercises, crisis activation, emergency response, mass notification and physical security","BIA; Continuity Plan; Recovery Plan; Exercise; Crisis; Emergency Event; Notification; Access Event; Visitor; Security Incident","TO_BUILD"
"NTE-042","Communications, Media, Public Affairs & IR","B_TRANSACTION","F25","F06;F19;F24;F26","Corporate/internal communications, media relations, PR, reputation, government/stakeholder engagement and investor relations","Communication; Media Contact; Press Release; Media Mention; Stakeholder; Engagement; Investor; IR Event; Disclosure","TO_BUILD"
"NTE-043","Knowledge, Document, Records & CDE","D_PROFESSIONAL_AUTHORING","F26","F05;F13;F19;F21;F27","Knowledge capture/sharing, controlled documents, records, retention/legal hold, technical CDE, review and transmittal","Knowledge Item; Document; Record; Technical Document; Review Package; Transmittal; Retention Schedule; Legal Hold","TO_BUILD"
"NTE-044","Portfolio, Programme, Project & Resource","C_PLANNING_ANALYTICS","F27","F01;F03;F22;F28","Portfolio intake/prioritisation, programme/project definition, WBS, resource/capacity, scope, issues and closure","Portfolio; Programme; Project; WBS; Milestone; Resource Plan; Project Issue; Project Decision","TO_BUILD"
"NTE-045","Project Controls, CPM, 4D & EVM","C_PLANNING_ANALYTICS","F27","F03;F14;F22","CPM schedules, baselines, progress, resource/cost loading, 4D sequence, earned value and forecasting","Project Schedule; Activity; Logic Link; Baseline; Progress Update; Cost Account; EVM Result; Forecast","TO_BUILD"
"NTE-046","Transformation, Change & Adoption","C_PLANNING_ANALYTICS","F28","F01;F03;F15;F25;F27","Transformation roadmap, impact, stakeholders, communications, training/readiness, adoption/friction and benefits","Transformation; Change Impact; Stakeholder Plan; Communication Plan; Training Plan; Readiness Assessment; Adoption Metric","TO_BUILD"
"NTE-047","Process Architecture, BPMN/DMN & Orchestration","D_PROFESSIONAL_AUTHORING","F29","F01-F29","Process hierarchy, BPMN/DMN modelling, governance, executable orchestration, process repository and SOP linkage","Process; Activity Definition; BPMN Model; DMN Model; Process Version; SOP; Automation Definition","TO_BUILD"
"NTE-048","Process Mining & Continuous Improvement","F_DATA_AUTOMATION_AI","F29","F03;F17;F20;F28","Process/event mining, conformance, bottleneck/root-cause analysis, improvement ideas, scenarios and benefits","Event Log; Process Model Discovery; Conformance Result; Improvement Idea; Improvement Initiative; Benefit","TO_BUILD"
"NTE-049","CAD, BIM & Parametric Design Authoring","D_PROFESSIONAL_AUTHORING","F05;F26;F27","F13;F22","Native 2D/3D technical geometry, BIM objects, assemblies, drawings, schedules, parametric/computational design and coordination","Design Model; Model Element; Drawing; View; Detail; Schedule; Parameter; Coordination Issue","TO_BUILD"
"NTE-050","Engineering Analysis & Calculation","D_PROFESSIONAL_AUTHORING","F05;F27","F13;F22;F23","Discipline calculations, simulation, analysis models, design checks, load/capacity, thermal/acoustic/lighting and verification","Analysis Model; Calculation; Simulation; Design Check; Result Set; Engineering Recommendation","TO_BUILD"
"NTE-051","Survey, GIS & Reality Capture","D_PROFESSIONAL_AUTHORING","F22;F27","F05;F13;F26","Survey observations, geospatial features, coordinate systems, point clouds, scans, reality models and measured evidence","Survey; Observation; Coordinate Reference; GIS Feature; Point Cloud; Reality Model; Measurement","TO_BUILD"
"NTE-052","Estimating, Measurement, Cost Planning & BoQ","D_PROFESSIONAL_AUTHORING","F07;F27","F09;F14;F22","Take-off, measurement rules, rate libraries, estimates, cost plans, quantities, BoQ, tender comparison and lifecycle cost","Measurement; Quantity; Rate; Estimate; Cost Plan; BoQ; Tender Comparison; Lifecycle Cost","TO_BUILD"
"NTE-053","Construction Commercial & Contract Administration","B_TRANSACTION","F07;F19;F27","F09;F14;F22","Construction appointments/contracts, instructions, variations, valuations, payment certificates, compensation events and final account","Construction Contract; Instruction; Variation; Valuation; Payment Certificate; Compensation Event; Final Account","TO_BUILD"
"NTE-054","Construction Site Production & Field Evidence","E_FIELD_PRODUCTION_ASSURANCE","F12;F27","F10;F13;F22;F23;F26","Site work packages, daily records, progress, labour/plant/material usage, permits, field evidence, RFIs and punch/defect execution","Work Package; Daily Log; Progress Record; Labour Record; Plant Record; Material Usage; RFI; Field Evidence; Punch Item","TO_BUILD"
"NTE-055","Fabrication & Off-site Production","E_FIELD_PRODUCTION_ASSURANCE","F11;F27","F05;F10;F13;F22","Fabrication definition, nesting/cut lists, production orders, shop-floor execution, traceability and manufactured components","Fabrication Model; Shop Drawing; Cut List; Fabrication Order; Batch; Serialised Component; Traceability Record","TO_BUILD"
"NTE-056","Commissioning, Handover & Asset Information","E_FIELD_PRODUCTION_ASSURANCE","F22;F27","F12;F13;F23;F26","Commissioning plans, test packs, system completion, training, O&M/as-built information, handover and operational asset activation","Commissioning Plan; Test Pack; Commissioning Record; Training Record; O&M Information; As-built Record; Handover Package; Asset Information Requirement","TO_BUILD"
"NTE-057","Digital Twin & Operational Asset Information","F_DATA_AUTOMATION_AI","F22","F17;F26;F27","Federated asset/system information, operational context, telemetry, condition, spatial/model linkage and lifecycle history","Digital Twin; Asset Context; System Model; Sensor/Telemetry Link; Condition State; Operational Relationship","TO_BUILD"
