job_profile_id,canonical_name,delivery_domain_id,participating_function_codes_candidate,lifecycle_stages,specialist_capabilities,primary_structured_records,market_tool_category,representative_current_tools,current_market_work_pattern,nublox_native_requirement,function_mapping_status,tool_research_status,verified_date
CBE-JP-001,Acoustics consultant,D02,F05;F13;F19;F23;F26;F27,Feasibility; Design; Verification,Acoustic surveys; noise and vibration assessment; modelling; design recommendations; compliance evidence,Survey reports; models; recommendations; specifications,Engineering analysis / design / technical information,SoundPLANnoise; DataKustik CadnaA; ODEON Room Acoustics Software; Marshall Day Acoustics INSUL; Autodesk Revit; Bluebeam Revu,"Perform Acoustic surveys; noise and vibration assessment; modelling; design recommendations; compliance evidence using specialist authoring, calculation, field or business systems; create and exchange Survey reports; models; recommendations; specifications.","Provide native job workspace for Acoustic surveys; noise and vibration assessment; modelling; design recommendations; compliance evidence; create/control Survey reports; models; recommendations; specifications as structured governed records; support assignment, revision/status, review/approval, evidence, audit and cross-functional handoff; provide specialist calculations/authoring or governed format interoperability where professional tooling requires it.",RESEARCH_CANDIDATE,DISCOVERY_SEED,2026-09-21
CBE-JP-002,Agricultural contractor,D16,F09;F10;F11;F12;F13;F22;F23;F26;F27,Planning; Delivery; Maintenance,Job planning; field operations; plant allocation; labour; materials; service records,Work orders; field logs; plant records; invoices,Agricultural field operations / plant / service,Trimble Agriculture software; John Deere Operations Center; BigChange; Samsara; ServiceM8; SafetyCulture,"Perform Job planning; field operations; plant allocation; labour; materials; service records using specialist authoring, calculation, field or business systems; create and exchange Work orders; field logs; plant records; invoices.","Provide native job workspace for Job planning; field operations; plant allocation; labour; materials; service records; create/control Work orders; field logs; plant records; invoices as structured governed records; support assignment, revision/status, review/approval, evidence, audit and cross-functional handoff; provide specialist calculations/authoring or governed format interoperability where professional tooling requires it.",RESEARCH_CANDIDATE,DISCOVERY_SEED,2026-09-21
CBE-JP-003,Architect,D01,F05;F13;F19;F23;F26;F27,Brief; Design; Construction; Handover,Briefing; design stages; drawings; specifications; coordination; planning; approvals; site reviews,Drawings; models; specifications; design decisions; inspection records,Design authoring / BIM / technical information,Autodesk Revit; Graphisoft Archicad; Vectorworks Architect; ALLPLAN; AutoCAD; Rhino; Grasshopper; SketchUp; Autodesk Navisworks; Solibri; Bluebeam Revu; Autodesk Docs; Oracle Aconex; NBS Chorus,"Perform Briefing; design stages; drawings; specifications; coordination; planning; approvals; site reviews using specialist authoring, calculation, field or business systems; create and exchange Drawings; models; specifications; design decisions; inspection records.","Provide native job workspace for Briefing; design stages; drawings; specifications; coordination; planning; approvals; site reviews; create/control Drawings; models; specifications; design decisions; inspection records as structured governed records; support assignment, revision/status, review/approval, evidence, audit and cross-functional handoff; provide specialist calculations/authoring or governed format interoperability where professional tooling requires it.",RESEARCH_CANDIDATE,DISCOVERY_SEED,2026-09-21
CBE-JP-004,Architectural technician,D01,F05;F13;F19;F23;F26;F27,Design; Construction,Technical drawings; detailing; schedules; coordination; document production,Drawings; details; schedules; issue sheets,Design authoring / BIM / technical information,Autodesk Revit; Graphisoft Archicad; Vectorworks Architect; ALLPLAN; AutoCAD; Autodesk Navisworks; Solibri; Bluebeam Revu; Autodesk Docs; NBS Chorus,"Perform Technical drawings; detailing; schedules; coordination; document production using specialist authoring, calculation, field or business systems; create and exchange Drawings; details; schedules; issue sheets.","Provide native job workspace for Technical drawings; detailing; schedules; coordination; document production; create/control Drawings; details; schedules; issue sheets as structured governed records; support assignment, revision/status, review/approval, evidence, audit and cross-functional handoff; provide specialist calculations/authoring or governed format interoperability where professional tooling requires it.",RESEARCH_CANDIDATE,DISCOVERY_SEED,2026-09-21
CBE-JP-005,Architectural technologist,D01,F05;F13;F19;F23;F26;F27,Design; Construction; Handover,Technical design management; detailing; compliance; specifications; coordination,Technical designs; specifications; schedules; compliance records,Design authoring / BIM / technical information,Autodesk Revit; Graphisoft Archicad; Vectorworks Architect; ALLPLAN; AutoCAD; Autodesk Navisworks; Solibri; Bluebeam Revu; Autodesk Docs; Oracle Aconex; NBS Chorus,"Perform Technical design management; detailing; compliance; specifications; coordination using specialist authoring, calculation, field or business systems; create and exchange Technical designs; specifications; schedules; compliance records.","Provide native job workspace for Technical design management; detailing; compliance; specifications; coordination; create/control Technical designs; specifications; schedules; compliance records as structured governed records; support assignment, revision/status, review/approval, evidence, audit and cross-functional handoff; provide specialist calculations/authoring or governed format interoperability where professional tooling requires it.",RESEARCH_CANDIDATE,DISCOVERY_SEED,2026-09-21
CBE-JP-006,Bricklayer,D07,F09;F10;F12;F13;F23;F26;F27,Construction,Job planning; setting out; masonry works; materials; progress; quality checks,Work orders; material usage; photos; quality records,Trade field execution / estimating / evidence,Procore; Autodesk Build; Dalux Field; SafetyCulture; Tradify; Fergus; BigChange,"Perform Job planning; setting out; masonry works; materials; progress; quality checks using specialist authoring, calculation, field or business systems; create and exchange Work orders; material usage; photos; quality records.","Provide native job workspace for Job planning; setting out; masonry works; materials; progress; quality checks; create/control Work orders; material usage; photos; quality records as structured governed records; support assignment, revision/status, review/approval, evidence, audit and cross-functional handoff; provide specialist calculations/authoring or governed format interoperability where professional tooling requires it.",RESEARCH_CANDIDATE,DISCOVERY_SEED,2026-09-21
CBE-JP-007,Builders' merchant,D14,F07;F09;F10;F11;F13;F14;F26;F27,Procurement; Supply,Catalogue; stock; quotations; orders; trade accounts; deliveries; returns,Products; stock; quotes; sales orders; delivery notes; invoices,Supply / fabrication / manufacturing,Epicor BisTrack; Kerridge Commercial Systems K8; Sage 200; Microsoft Dynamics 365 Business Central; Oracle NetSuite; Phocas,"Perform Catalogue; stock; quotations; orders; trade accounts; deliveries; returns using specialist authoring, calculation, field or business systems; create and exchange Products; stock; quotes; sales orders; delivery notes; invoices.","Provide native job workspace for Catalogue; stock; quotations; orders; trade accounts; deliveries; returns; create/control Products; stock; quotes; sales orders; delivery notes; invoices as structured governed records; support assignment, revision/status, review/approval, evidence, audit and cross-functional handoff; provide specialist calculations/authoring or governed format interoperability where professional tooling requires it.",RESEARCH_CANDIDATE,DISCOVERY_SEED,2026-09-21
CBE-JP-008,Building control officer,D15,F13;F19;F20;F23;F26;F27,Design; Construction; Completion,Applications; plan assessment; inspections; evidence; defects; decisions,Applications; inspection records; notices; decisions; certificates,Regulatory case management / inspection,Idox Cloud; Idox Uniform; Bluebeam Revu; ArcGIS Field Maps; PlanRadar; Microsoft Power BI,"Perform Applications; plan assessment; inspections; evidence; defects; decisions using specialist authoring, calculation, field or business systems; create and exchange Applications; inspection records; notices; decisions; certificates.","Provide native job workspace for Applications; plan assessment; inspections; evidence; defects; decisions; create/control Applications; inspection records; notices; decisions; certificates as structured governed records; support assignment, revision/status, review/approval, evidence, audit and cross-functional handoff; provide specialist calculations/authoring or governed format interoperability where professional tooling requires it.",RESEARCH_CANDIDATE,DISCOVERY_SEED,2026-09-21
CBE-JP-009,Building services engineer,D02,F05;F13;F19;F23;F26;F27,Design; Construction; Commissioning,MEP design; calculations; equipment schedules; coordination; commissioning requirements,Designs; calculations; specifications; equipment schedules,Engineering analysis / design / technical information,Autodesk Revit; MagiCAD; IES VE 2026; DesignBuilder; Trimble ProDesign; DIALux evo; Autodesk Navisworks; Solibri; Autodesk Docs,"Perform MEP design; calculations; equipment schedules; coordination; commissioning requirements using specialist authoring, calculation, field or business systems; create and exchange Designs; calculations; specifications; equipment schedules.","Provide native job workspace for MEP design; calculations; equipment schedules; coordination; commissioning requirements; create/control Designs; calculations; specifications; equipment schedules as structured governed records; support assignment, revision/status, review/approval, evidence, audit and cross-functional handoff; provide specialist calculations/authoring or governed format interoperability where professional tooling requires it.",RESEARCH_CANDIDATE,DISCOVERY_SEED,2026-09-21
CBE-JP-010,Building surveyor,D03,F05;F07;F14;F19;F22;F26;F27,Survey; Design; Construction; Operations,Condition surveys; defects; schedules; project advice; dilapidations; maintenance planning,Survey reports; defect schedules; photos; scopes; certificates,Survey / property / valuation / evidence,GoReport; PlanRadar; Bluebeam Revu; Matterport; Autodesk ReCap Pro; ArcGIS Field Maps; AutoCAD; Microsoft Power BI,"Perform Condition surveys; defects; schedules; project advice; dilapidations; maintenance planning using specialist authoring, calculation, field or business systems; create and exchange Survey reports; defect schedules; photos; scopes; certificates.","Provide native job workspace for Condition surveys; defects; schedules; project advice; dilapidations; maintenance planning; create/control Survey reports; defect schedules; photos; scopes; certificates as structured governed records; support assignment, revision/status, review/approval, evidence, audit and cross-functional handoff; provide specialist calculations/authoring or governed format interoperability where professional tooling requires it.",RESEARCH_CANDIDATE,DISCOVERY_SEED,2026-09-21
CBE-JP-011,Building technician,D02,F05;F13;F19;F23;F26;F27,Design; Construction,Technical support; drawings; surveys; records; project coordination,Drawings; survey data; schedules; reports,Engineering analysis / design / technical information,AutoCAD; Autodesk Revit; Bluebeam Revu; Autodesk Docs; Autodesk Navisworks; PlanRadar,"Perform Technical support; drawings; surveys; records; project coordination using specialist authoring, calculation, field or business systems; create and exchange Drawings; survey data; schedules; reports.","Provide native job workspace for Technical support; drawings; surveys; records; project coordination; create/control Drawings; survey data; schedules; reports as structured governed records; support assignment, revision/status, review/approval, evidence, audit and cross-functional handoff; provide specialist calculations/authoring or governed format interoperability where professional tooling requires it.",RESEARCH_CANDIDATE,DISCOVERY_SEED,2026-09-21
CBE-JP-012,Caretaker,D10,F08;F09;F12;F13;F14;F22;F23;F26;F27,Operations,Inspections; reactive tasks; access; cleaning/maintenance coordination; incident reporting,Work orders; checks; logs; incident records,Facilities / asset / maintenance operations,Planon IWMS; IBM Maximo Application Suite; Eptura / Archibus; MRI Facilities Management; ServiceNow Field Service Management; SafetyCulture,"Perform Inspections; reactive tasks; access; cleaning/maintenance coordination; incident reporting using specialist authoring, calculation, field or business systems; create and exchange Work orders; checks; logs; incident records.","Provide native job workspace for Inspections; reactive tasks; access; cleaning/maintenance coordination; incident reporting; create/control Work orders; checks; logs; incident records as structured governed records; support assignment, revision/status, review/approval, evidence, audit and cross-functional handoff; provide specialist calculations/authoring or governed format interoperability where professional tooling requires it.",RESEARCH_CANDIDATE,DISCOVERY_SEED,2026-09-21
CBE-JP-013,Carpenter,D07,F09;F10;F12;F13;F23;F26;F27,Construction,Job planning; setting out; fabrication; installation; materials; quality,Work orders; cut lists; material usage; photos,Trade field execution / estimating / evidence,Tradify; Fergus; ServiceM8; BigChange; SketchUp; AutoCAD; Procore; Autodesk Build,"Perform Job planning; setting out; fabrication; installation; materials; quality using specialist authoring, calculation, field or business systems; create and exchange Work orders; cut lists; material usage; photos.","Provide native job workspace for Job planning; setting out; fabrication; installation; materials; quality; create/control Work orders; cut lists; material usage; photos as structured governed records; support assignment, revision/status, review/approval, evidence, audit and cross-functional handoff; provide specialist calculations/authoring or governed format interoperability where professional tooling requires it.",RESEARCH_CANDIDATE,DISCOVERY_SEED,2026-09-21
CBE-JP-014,Carpet fitter and floor layer,D07,F09;F10;F12;F13;F23;F26;F27,Fit-out,Site measure; product selection; preparation; installation; snagging,Measurements; material schedules; work orders; completion records,Trade field execution / estimating / evidence,MeasureSquare; RFMS MeasureMobile; Tradify; ServiceM8; Jobber; BigChange,"Perform Site measure; product selection; preparation; installation; snagging using specialist authoring, calculation, field or business systems; create and exchange Measurements; material schedules; work orders; completion records.","Provide native job workspace for Site measure; product selection; preparation; installation; snagging; create/control Measurements; material schedules; work orders; completion records as structured governed records; support assignment, revision/status, review/approval, evidence, audit and cross-functional handoff; provide specialist calculations/authoring or governed format interoperability where professional tooling requires it.",RESEARCH_CANDIDATE,DISCOVERY_SEED,2026-09-21
CBE-JP-015,Cartographer,D05,F05;F17;F19;F22;F26;F27,Survey; Planning; Design,Spatial data management; map production; revisions; exports,Maps; datasets; layers; metadata,GIS / planning / modelling / case management,Esri ArcGIS Pro; QGIS; Precisely MapInfo Pro; Safe Software FME; Adobe Illustrator,"Perform Spatial data management; map production; revisions; exports using specialist authoring, calculation, field or business systems; create and exchange Maps; datasets; layers; metadata.","Provide native job workspace for Spatial data management; map production; revisions; exports; create/control Maps; datasets; layers; metadata as structured governed records; support assignment, revision/status, review/approval, evidence, audit and cross-functional handoff; provide specialist calculations/authoring or governed format interoperability where professional tooling requires it.",RESEARCH_CANDIDATE,DISCOVERY_SEED,2026-09-21
CBE-JP-016,Cavity insulation installer,D09,F05;F12;F13;F22;F23;F26;F27,Retrofit; Completion,Survey; suitability checks; installation; materials; photos; completion evidence,Survey records; installation records; certificates; photos,Energy assessment / retrofit / field execution,Joblogic; simPRO; BigChange; Tradify; SafetyCulture; PlanRadar,"Perform Survey; suitability checks; installation; materials; photos; completion evidence using specialist authoring, calculation, field or business systems; create and exchange Survey records; installation records; certificates; photos.","Provide native job workspace for Survey; suitability checks; installation; materials; photos; completion evidence; create/control Survey records; installation records; certificates; photos as structured governed records; support assignment, revision/status, review/approval, evidence, audit and cross-functional handoff; provide specialist calculations/authoring or governed format interoperability where professional tooling requires it.",RESEARCH_CANDIDATE,DISCOVERY_SEED,2026-09-21
CBE-JP-017,Ceiling fixer,D07,F09;F10;F12;F13;F23;F26;F27,Fit-out,Take-off; layout; installation; materials; progress; snagging,Work orders; material usage; photos; defects,Trade field execution / estimating / evidence,Procore; Autodesk Build; Dalux Field; SafetyCulture; Tradify; Fergus; Bluebeam Revu,"Perform Take-off; layout; installation; materials; progress; snagging using specialist authoring, calculation, field or business systems; create and exchange Work orders; material usage; photos; defects.","Provide native job workspace for Take-off; layout; installation; materials; progress; snagging; create/control Work orders; material usage; photos; defects as structured governed records; support assignment, revision/status, review/approval, evidence, audit and cross-functional handoff; provide specialist calculations/authoring or governed format interoperability where professional tooling requires it.",RESEARCH_CANDIDATE,DISCOVERY_SEED,2026-09-21
CBE-JP-018,Civil engineer,D02,F05;F13;F19;F23;F26;F27,Feasibility; Design; Construction,Civil design; calculations; specifications; coordination; site queries; inspections,Designs; calculations; specifications; RFIs; inspection records,Engineering analysis / design / technical information,Autodesk Civil 3D; Bentley OpenRoads Designer; 12d Model; Bentley MicroStation; Autodesk InfraWorks; Tekla Tedds; Autodesk Navisworks; Bentley ProjectWise; Bluebeam Revu,"Perform Civil design; calculations; specifications; coordination; site queries; inspections using specialist authoring, calculation, field or business systems; create and exchange Designs; calculations; specifications; RFIs; inspection records.","Provide native job workspace for Civil design; calculations; specifications; coordination; site queries; inspections; create/control Designs; calculations; specifications; RFIs; inspection records as structured governed records; support assignment, revision/status, review/approval, evidence, audit and cross-functional handoff; provide specialist calculations/authoring or governed format interoperability where professional tooling requires it.",RESEARCH_CANDIDATE,DISCOVERY_SEED,2026-09-21
CBE-JP-019,Civil engineering technician,D02,F05;F13;F19;F23;F26;F27,Design; Construction,CAD/BIM support; surveys; calculations; drawings; records,Drawings; models; survey data; schedules,Engineering analysis / design / technical information,Autodesk Civil 3D; Bentley OpenRoads Designer; AutoCAD; Bentley MicroStation; Trimble Business Center; Autodesk Navisworks; Bluebeam Revu,"Perform CAD/BIM support; surveys; calculations; drawings; records using specialist authoring, calculation, field or business systems; create and exchange Drawings; models; survey data; schedules.","Provide native job workspace for CAD/BIM support; surveys; calculations; drawings; records; create/control Drawings; models; survey data; schedules as structured governed records; support assignment, revision/status, review/approval, evidence, audit and cross-functional handoff; provide specialist calculations/authoring or governed format interoperability where professional tooling requires it.",RESEARCH_CANDIDATE,DISCOVERY_SEED,2026-09-21
CBE-JP-020,Commercial energy assessor,D09,F05;F12;F13;F22;F23;F26;F27,Survey; Assessment; Certification,Property data capture; energy assessment; evidence; certificate workflow,Assessment records; evidence; EPC-related outputs,Energy assessment / retrofit / field execution,IES VE 2026; DesignBuilder; Elmhurst SBEM Online; iSBEM; Bentley EnergySimulator,"Perform Property data capture; energy assessment; evidence; certificate workflow using specialist authoring, calculation, field or business systems; create and exchange Assessment records; evidence; EPC-related outputs.","Provide native job workspace for Property data capture; energy assessment; evidence; certificate workflow; create/control Assessment records; evidence; EPC-related outputs as structured governed records; support assignment, revision/status, review/approval, evidence, audit and cross-functional handoff; provide specialist calculations/authoring or governed format interoperability where professional tooling requires it.",RESEARCH_CANDIDATE,DISCOVERY_SEED,2026-09-21
CBE-JP-021,Conservator,D13,F05;F12;F13;F19;F22;F23;F26;F27,Survey; Conservation; Maintenance,Condition assessment; conservation plan; treatment records; provenance/evidence,Condition reports; treatment plans; photos; conservation records,Heritage / landscape / conservation information,Arches; Axiell Collections; Esri ArcGIS Pro; QGIS; Bluebeam Revu; Autodesk ReCap Pro; Agisoft Metashape,"Perform Condition assessment; conservation plan; treatment records; provenance/evidence using specialist authoring, calculation, field or business systems; create and exchange Condition reports; treatment plans; photos; conservation records.","Provide native job workspace for Condition assessment; conservation plan; treatment records; provenance/evidence; create/control Condition reports; treatment plans; photos; conservation records as structured governed records; support assignment, revision/status, review/approval, evidence, audit and cross-functional handoff; provide specialist calculations/authoring or governed format interoperability where professional tooling requires it.",RESEARCH_CANDIDATE,DISCOVERY_SEED,2026-09-21
CBE-JP-022,Construction contracts manager,D04,F07;F09;F14;F19;F20;F26;F27,Pre-contract; Construction; Closeout,Contract register; obligations; notices; change; payment; claims; correspondence,Contracts; notices; instructions; variations; payment records,Estimating / commercial / contract administration,Thinkproject CEMAR; Oracle Primavera Unifier; Oracle Aconex; Asite; Procore; Icertis Contract Intelligence,"Perform Contract register; obligations; notices; change; payment; claims; correspondence using specialist authoring, calculation, field or business systems; create and exchange Contracts; notices; instructions; variations; payment records.","Provide native job workspace for Contract register; obligations; notices; change; payment; claims; correspondence; create/control Contracts; notices; instructions; variations; payment records as structured governed records; support assignment, revision/status, review/approval, evidence, audit and cross-functional handoff; provide specialist calculations/authoring or governed format interoperability where professional tooling requires it.",RESEARCH_CANDIDATE,DISCOVERY_SEED,2026-09-21
CBE-JP-023,Construction labourer,D06,F09;F10;F12;F13;F23;F26;F27,Construction,Task allocation; attendance; inductions; daily work; equipment; safety records,Timesheets; task records; inductions; site diary entries,Construction management / field execution,Procore; Autodesk Build; Dalux Field; SafetyCulture; BigChange; Samsara,"Perform Task allocation; attendance; inductions; daily work; equipment; safety records using specialist authoring, calculation, field or business systems; create and exchange Timesheets; task records; inductions; site diary entries.","Provide native job workspace for Task allocation; attendance; inductions; daily work; equipment; safety records; create/control Timesheets; task records; inductions; site diary entries as structured governed records; support assignment, revision/status, review/approval, evidence, audit and cross-functional handoff; provide specialist calculations/authoring or governed format interoperability where professional tooling requires it.",RESEARCH_CANDIDATE,DISCOVERY_SEED,2026-09-21
CBE-JP-024,Construction manager,D06,F09;F10;F12;F13;F23;F26;F27,Pre-construction; Construction; Handover,Programme; packages; coordination; site diary; labour; plant; quality; safety; progress,Programme; diaries; RFIs; reports; inspections; progress records,Construction management / field execution,Oracle Primavera P6; Asta Powerproject; Procore; Autodesk Build; Oracle Aconex; Asite; Dalux; Trimble Field View; Bluebeam Revu; SafetyCulture,"Perform Programme; packages; coordination; site diary; labour; plant; quality; safety; progress using specialist authoring, calculation, field or business systems; create and exchange Programme; diaries; RFIs; reports; inspections; progress records.","Provide native job workspace for Programme; packages; coordination; site diary; labour; plant; quality; safety; progress; create/control Programme; diaries; RFIs; reports; inspections; progress records as structured governed records; support assignment, revision/status, review/approval, evidence, audit and cross-functional handoff; provide specialist calculations/authoring or governed format interoperability where professional tooling requires it.",RESEARCH_CANDIDATE,DISCOVERY_SEED,2026-09-21
CBE-JP-025,Construction plant mechanic,D11,F09;F10;F11;F12;F13;F22;F23;F26;F27,Construction; Maintenance,Asset register; servicing; defects; inspections; parts; breakdowns,Asset records; service history; defect reports; work orders,Plant / specialist operations / production,HCSS Equipment360; Tenna; Samsara; IBM Maximo Application Suite; Fiix CMMS; SafetyCulture,"Perform Asset register; servicing; defects; inspections; parts; breakdowns using specialist authoring, calculation, field or business systems; create and exchange Asset records; service history; defect reports; work orders.","Provide native job workspace for Asset register; servicing; defects; inspections; parts; breakdowns; create/control Asset records; service history; defect reports; work orders as structured governed records; support assignment, revision/status, review/approval, evidence, audit and cross-functional handoff; provide specialist calculations/authoring or governed format interoperability where professional tooling requires it.",RESEARCH_CANDIDATE,DISCOVERY_SEED,2026-09-21
CBE-JP-026,Construction plant operator,D11,F09;F10;F11;F12;F13;F22;F23;F26;F27,Construction,Plant allocation; pre-use checks; hours; tasks; defects; competencies,Plant checks; utilisation; task logs; defect records,Plant / specialist operations / production,Tenna; Samsara; HCSS Equipment360; Procore; Autodesk Build; SafetyCulture,"Perform Plant allocation; pre-use checks; hours; tasks; defects; competencies using specialist authoring, calculation, field or business systems; create and exchange Plant checks; utilisation; task logs; defect records.","Provide native job workspace for Plant allocation; pre-use checks; hours; tasks; defects; competencies; create/control Plant checks; utilisation; task logs; defect records as structured governed records; support assignment, revision/status, review/approval, evidence, audit and cross-functional handoff; provide specialist calculations/authoring or governed format interoperability where professional tooling requires it.",RESEARCH_CANDIDATE,DISCOVERY_SEED,2026-09-21
CBE-JP-027,Construction site supervisor,D06,F09;F10;F12;F13;F23;F26;F27,Construction,Daily supervision; labour; inspections; permits; quality; progress; safety,Site diary; inspections; permits; progress records,Construction management / field execution,Procore; Autodesk Build; Dalux Field; Trimble Field View; PlanRadar; SafetyCulture; Bluebeam Revu,"Perform Daily supervision; labour; inspections; permits; quality; progress; safety using specialist authoring, calculation, field or business systems; create and exchange Site diary; inspections; permits; progress records.","Provide native job workspace for Daily supervision; labour; inspections; permits; quality; progress; safety; create/control Site diary; inspections; permits; progress records as structured governed records; support assignment, revision/status, review/approval, evidence, audit and cross-functional handoff; provide specialist calculations/authoring or governed format interoperability where professional tooling requires it.",RESEARCH_CANDIDATE,DISCOVERY_SEED,2026-09-21
CBE-JP-028,Crane driver,D11,F09;F10;F11;F12;F13;F22;F23;F26;F27,Construction,Lift allocation; pre-use checks; plant hours; competency; lift records; defects,Checks; lift logs; utilisation; defect records,Plant / specialist operations / production,3D Lift Plan; Liebherr Crane Planner 2.0; Procore; Autodesk Build; SafetyCulture; Tenna,"Perform Lift allocation; pre-use checks; plant hours; competency; lift records; defects using specialist authoring, calculation, field or business systems; create and exchange Checks; lift logs; utilisation; defect records.","Provide native job workspace for Lift allocation; pre-use checks; plant hours; competency; lift records; defects; create/control Checks; lift logs; utilisation; defect records as structured governed records; support assignment, revision/status, review/approval, evidence, audit and cross-functional handoff; provide specialist calculations/authoring or governed format interoperability where professional tooling requires it.",RESEARCH_CANDIDATE,DISCOVERY_SEED,2026-09-21
CBE-JP-029,Demolition operative,D06,F09;F10;F12;F13;F23;F26;F27,Enabling; Demolition,Method/task planning; permits; hazardous materials records; waste; progress,RAMS references; permits; waste records; photos; task logs,Construction management / field execution,Procore; Autodesk Build; Dalux Field; PlanRadar; SafetyCulture; BigChange,"Perform Method/task planning; permits; hazardous materials records; waste; progress using specialist authoring, calculation, field or business systems; create and exchange RAMS references; permits; waste records; photos; task logs.","Provide native job workspace for Method/task planning; permits; hazardous materials records; waste; progress; create/control RAMS references; permits; waste records; photos; task logs as structured governed records; support assignment, revision/status, review/approval, evidence, audit and cross-functional handoff; provide specialist calculations/authoring or governed format interoperability where professional tooling requires it.",RESEARCH_CANDIDATE,DISCOVERY_SEED,2026-09-21
CBE-JP-030,Domestic energy assessor,D09,F05;F12;F13;F22;F23;F26;F27,Survey; Assessment; Certification,Dwelling data capture; energy assessment; evidence; certificate workflow,Assessment records; evidence; EPC-related outputs,Energy assessment / retrofit / field execution,Elmhurst RdSAP Go; Elmhurst RdSAP Online; Quidos iQ-Energy; Elmhurst Design SAP 10,"Perform Dwelling data capture; energy assessment; evidence; certificate workflow using specialist authoring, calculation, field or business systems; create and exchange Assessment records; evidence; EPC-related outputs.","Provide native job workspace for Dwelling data capture; energy assessment; evidence; certificate workflow; create/control Assessment records; evidence; EPC-related outputs as structured governed records; support assignment, revision/status, review/approval, evidence, audit and cross-functional handoff; provide specialist calculations/authoring or governed format interoperability where professional tooling requires it.",RESEARCH_CANDIDATE,DISCOVERY_SEED,2026-09-21
CBE-JP-031,Dryliner,D07,F09;F10;F12;F13;F23;F26;F27,Fit-out,Take-off; layout; installation; materials; progress; defects,Work orders; material usage; photos; snagging,Trade field execution / estimating / evidence,Procore; Autodesk Build; Dalux Field; SafetyCulture; Tradify; Fergus; Bluebeam Revu,"Perform Take-off; layout; installation; materials; progress; defects using specialist authoring, calculation, field or business systems; create and exchange Work orders; material usage; photos; snagging.","Provide native job workspace for Take-off; layout; installation; materials; progress; defects; create/control Work orders; material usage; photos; snagging as structured governed records; support assignment, revision/status, review/approval, evidence, audit and cross-functional handoff; provide specialist calculations/authoring or governed format interoperability where professional tooling requires it.",RESEARCH_CANDIDATE,DISCOVERY_SEED,2026-09-21
CBE-JP-032,Electrician,D08,F09;F10;F12;F13;F22;F23;F26;F27,Design support; Installation; Testing; Maintenance,Survey; estimate; schedule; installation; circuits; testing; defects; certification; maintenance,Quotes; job sheets; circuit/test records; certificates; invoices,Building-services design / field service / certification,Trimble ProDesign; ElectricalOM; DIALux evo; simPRO; Joblogic; Commusoft; ServiceM8; Tradify,"Perform Survey; estimate; schedule; installation; circuits; testing; defects; certification; maintenance using specialist authoring, calculation, field or business systems; create and exchange Quotes; job sheets; circuit/test records; certificates; invoices.","Provide native job workspace for Survey; estimate; schedule; installation; circuits; testing; defects; certification; maintenance; create/control Quotes; job sheets; circuit/test records; certificates; invoices as structured governed records; support assignment, revision/status, review/approval, evidence, audit and cross-functional handoff; provide specialist calculations/authoring or governed format interoperability where professional tooling requires it.",RESEARCH_CANDIDATE,DISCOVERY_SEED,2026-09-21
CBE-JP-033,Engineering construction technician,D02,F05;F13;F19;F23;F26;F27,Design; Installation; Commissioning,Technical support; installation records; commissioning/decommissioning support; drawings,Drawings; technical records; test sheets; schedules,Engineering analysis / design / technical information,AutoCAD; Autodesk Revit; Autodesk Navisworks; Bluebeam Revu; Autodesk Docs; Trimble Connect,"Perform Technical support; installation records; commissioning/decommissioning support; drawings using specialist authoring, calculation, field or business systems; create and exchange Drawings; technical records; test sheets; schedules.","Provide native job workspace for Technical support; installation records; commissioning/decommissioning support; drawings; create/control Drawings; technical records; test sheets; schedules as structured governed records; support assignment, revision/status, review/approval, evidence, audit and cross-functional handoff; provide specialist calculations/authoring or governed format interoperability where professional tooling requires it.",RESEARCH_CANDIDATE,DISCOVERY_SEED,2026-09-21
CBE-JP-034,Estimator,D04,F07;F09;F14;F19;F20;F26;F27,Pre-contract,Take-off; resource build-ups; supplier enquiries; estimates; tender submissions; revisions,Estimates; take-offs; RFQs; tender returns; bid documents,Estimating / commercial / contract administration,RIB CostX; RIB Candy; Causeway Estimating; ConQuest Estimating; Autodesk Takeoff; Bluebeam Revu; Trimble WinEst; Sage Estimating,"Perform Take-off; resource build-ups; supplier enquiries; estimates; tender submissions; revisions using specialist authoring, calculation, field or business systems; create and exchange Estimates; take-offs; RFQs; tender returns; bid documents.","Provide native job workspace for Take-off; resource build-ups; supplier enquiries; estimates; tender submissions; revisions; create/control Estimates; take-offs; RFQs; tender returns; bid documents as structured governed records; support assignment, revision/status, review/approval, evidence, audit and cross-functional handoff; provide specialist calculations/authoring or governed format interoperability where professional tooling requires it.",RESEARCH_CANDIDATE,DISCOVERY_SEED,2026-09-21
CBE-JP-035,Facilities manager,D10,F08;F09;F12;F13;F14;F22;F23;F26;F27,Operations,Property/asset register; PPM; reactive maintenance; compliance; contractors; SLAs; budgets,Assets; work orders; service records; inspections; compliance evidence,Facilities / asset / maintenance operations,IBM Maximo Application Suite; Planon IWMS; MRI Software; Eptura / Archibus; Spacewell; IFS Cloud EAM; HxGN EAM; SAP Asset Management,"Perform Property/asset register; PPM; reactive maintenance; compliance; contractors; SLAs; budgets using specialist authoring, calculation, field or business systems; create and exchange Assets; work orders; service records; inspections; compliance evidence.","Provide native job workspace for Property/asset register; PPM; reactive maintenance; compliance; contractors; SLAs; budgets; create/control Assets; work orders; service records; inspections; compliance evidence as structured governed records; support assignment, revision/status, review/approval, evidence, audit and cross-functional handoff; provide specialist calculations/authoring or governed format interoperability where professional tooling requires it.",RESEARCH_CANDIDATE,DISCOVERY_SEED,2026-09-21
CBE-JP-036,Fence installer,D07,F09;F10;F12;F13;F23;F26;F27,Construction / External works,Survey; estimate; set-out; installation; materials; completion,Quotes; work orders; material usage; photos,Trade field execution / estimating / evidence,Tradify; Fergus; ServiceM8; BigChange; Jobber; SafetyCulture,"Perform Survey; estimate; set-out; installation; materials; completion using specialist authoring, calculation, field or business systems; create and exchange Quotes; work orders; material usage; photos.","Provide native job workspace for Survey; estimate; set-out; installation; materials; completion; create/control Quotes; work orders; material usage; photos as structured governed records; support assignment, revision/status, review/approval, evidence, audit and cross-functional handoff; provide specialist calculations/authoring or governed format interoperability where professional tooling requires it.",RESEARCH_CANDIDATE,DISCOVERY_SEED,2026-09-21
CBE-JP-037,Fire safety engineer,D02,F05;F13;F19;F23;F26;F27,Design; Construction; Operations,Fire strategy; modelling; design review; compliance evidence; inspections,Fire strategies; calculations; reports; design comments,Engineering analysis / design / technical information,Thunderhead Engineering PyroSim; NIST Fire Dynamics Simulator (FDS); Thunderhead Engineering Pathfinder; NIST CFAST; Oasys MassMotion; Autodesk Revit; Bluebeam Revu,"Perform Fire strategy; modelling; design review; compliance evidence; inspections using specialist authoring, calculation, field or business systems; create and exchange Fire strategies; calculations; reports; design comments.","Provide native job workspace for Fire strategy; modelling; design review; compliance evidence; inspections; create/control Fire strategies; calculations; reports; design comments as structured governed records; support assignment, revision/status, review/approval, evidence, audit and cross-functional handoff; provide specialist calculations/authoring or governed format interoperability where professional tooling requires it.",RESEARCH_CANDIDATE,DISCOVERY_SEED,2026-09-21
CBE-JP-038,Formworker,D07,F09;F10;F12;F13;F23;F26;F27,Structural construction,Formwork planning; drawings; material/plant requirements; installation; striking; checks,Work orders; checklists; material records; photos,Trade field execution / estimating / evidence,Tekla Structures; PERI CAD / planning tools; Doka Tipos / planning tools; Autodesk Revit; Procore; Autodesk Build; SafetyCulture,"Perform Formwork planning; drawings; material/plant requirements; installation; striking; checks using specialist authoring, calculation, field or business systems; create and exchange Work orders; checklists; material records; photos.","Provide native job workspace for Formwork planning; drawings; material/plant requirements; installation; striking; checks; create/control Work orders; checklists; material records; photos as structured governed records; support assignment, revision/status, review/approval, evidence, audit and cross-functional handoff; provide specialist calculations/authoring or governed format interoperability where professional tooling requires it.",RESEARCH_CANDIDATE,DISCOVERY_SEED,2026-09-21
CBE-JP-039,Furniture maker,D14,F07;F09;F10;F11;F13;F14;F26;F27,Manufacture; Supply,Design; BOM; production; stock; quality; orders; delivery,Drawings; BOMs; work orders; QC records; sales orders,Supply / fabrication / manufacturing,Hexagon Cabinet Vision; Microvellum; Autodesk Fusion; SOLIDWORKS; Cyncly 3CAD; HOMAG productionManager,"Perform Design; BOM; production; stock; quality; orders; delivery using specialist authoring, calculation, field or business systems; create and exchange Drawings; BOMs; work orders; QC records; sales orders.","Provide native job workspace for Design; BOM; production; stock; quality; orders; delivery; create/control Drawings; BOMs; work orders; QC records; sales orders as structured governed records; support assignment, revision/status, review/approval, evidence, audit and cross-functional handoff; provide specialist calculations/authoring or governed format interoperability where professional tooling requires it.",RESEARCH_CANDIDATE,DISCOVERY_SEED,2026-09-21
CBE-JP-040,Gas mains layer,D12,F09;F10;F12;F13;F22;F23;F26;F27,Infrastructure construction; Maintenance,Work orders; excavation/laying records; materials; pressure/test records; reinstatement; asset location,Job packs; network records; test results; as-builts,Utilities / network / field operations,Esri ArcGIS Utility Network; Bentley OpenUtilities; Trimble Siteworks; IBM Maximo Application Suite; SAP Field Service Management; SafetyCulture,"Perform Work orders; excavation/laying records; materials; pressure/test records; reinstatement; asset location using specialist authoring, calculation, field or business systems; create and exchange Job packs; network records; test results; as-builts.","Provide native job workspace for Work orders; excavation/laying records; materials; pressure/test records; reinstatement; asset location; create/control Job packs; network records; test results; as-builts as structured governed records; support assignment, revision/status, review/approval, evidence, audit and cross-functional handoff; provide specialist calculations/authoring or governed format interoperability where professional tooling requires it.",RESEARCH_CANDIDATE,DISCOVERY_SEED,2026-09-21
CBE-JP-041,Gas service technician,D08,F09;F10;F12;F13;F22;F23;F26;F27,Installation; Maintenance,Jobs; appliances; service schedules; tests; defects; parts; certification,Job sheets; appliance records; test results; service records,Building-services design / field service / certification,Joblogic; simPRO; Commusoft; BigChange; ServiceM8; Tradify,"Perform Jobs; appliances; service schedules; tests; defects; parts; certification using specialist authoring, calculation, field or business systems; create and exchange Job sheets; appliance records; test results; service records.","Provide native job workspace for Jobs; appliances; service schedules; tests; defects; parts; certification; create/control Job sheets; appliance records; test results; service records as structured governed records; support assignment, revision/status, review/approval, evidence, audit and cross-functional handoff; provide specialist calculations/authoring or governed format interoperability where professional tooling requires it.",RESEARCH_CANDIDATE,DISCOVERY_SEED,2026-09-21
CBE-JP-042,General practice surveyor,D03,F05;F07;F14;F19;F22;F26;F27,Acquisition; Development; Operations,Property records; valuations; transactions; leases; development appraisal; client advice,Valuations; property records; instructions; reports,Survey / property / valuation / evidence,ARGUS Enterprise; MRI Horizon; Yardi Voyager; Re-Leased; Esri ArcGIS Pro; Microsoft Power BI,"Perform Property records; valuations; transactions; leases; development appraisal; client advice using specialist authoring, calculation, field or business systems; create and exchange Valuations; property records; instructions; reports.","Provide native job workspace for Property records; valuations; transactions; leases; development appraisal; client advice; create/control Valuations; property records; instructions; reports as structured governed records; support assignment, revision/status, review/approval, evidence, audit and cross-functional handoff; provide specialist calculations/authoring or governed format interoperability where professional tooling requires it.",RESEARCH_CANDIDATE,DISCOVERY_SEED,2026-09-21
CBE-JP-043,Geospatial technician,D05,F05;F17;F19;F22;F26;F27,Survey; Planning; Construction,Data capture; GIS layers; coordinate/reference management; mapping; exports,Spatial datasets; maps; metadata,GIS / planning / modelling / case management,Trimble Business Center; Leica Cyclone; Leica Infinity; Esri ArcGIS Pro; QGIS; Autodesk Civil 3D; Safe Software FME,"Perform Data capture; GIS layers; coordinate/reference management; mapping; exports using specialist authoring, calculation, field or business systems; create and exchange Spatial datasets; maps; metadata.","Provide native job workspace for Data capture; GIS layers; coordinate/reference management; mapping; exports; create/control Spatial datasets; maps; metadata as structured governed records; support assignment, revision/status, review/approval, evidence, audit and cross-functional handoff; provide specialist calculations/authoring or governed format interoperability where professional tooling requires it.",RESEARCH_CANDIDATE,DISCOVERY_SEED,2026-09-21
CBE-JP-044,Glazier,D07,F09;F10;F12;F13;F23;F26;F27,Fit-out; Maintenance,Measure; quote; product/order; installation; repair; completion,Measurements; quotes; work orders; product records; photos,Trade field execution / estimating / evidence,Cyncly Soft Tech; Orgadata Logikal; Tradify; simPRO; BigChange; ServiceM8,"Perform Measure; quote; product/order; installation; repair; completion using specialist authoring, calculation, field or business systems; create and exchange Measurements; quotes; work orders; product records; photos.","Provide native job workspace for Measure; quote; product/order; installation; repair; completion; create/control Measurements; quotes; work orders; product records; photos as structured governed records; support assignment, revision/status, review/approval, evidence, audit and cross-functional handoff; provide specialist calculations/authoring or governed format interoperability where professional tooling requires it.",RESEARCH_CANDIDATE,DISCOVERY_SEED,2026-09-21
CBE-JP-045,Heat pump engineer,D08,F09;F10;F12;F13;F22;F23;F26;F27,Retrofit/Installation; Maintenance,Survey; sizing; estimate; installation; commissioning; servicing; evidence,Survey; calculations; job sheets; commissioning/test records,Building-services design / field service / certification,Heat Engineer Software; IES VE 2026; DesignBuilder; Joblogic; simPRO; Commusoft; Elmhurst Design SAP 10,"Perform Survey; sizing; estimate; installation; commissioning; servicing; evidence using specialist authoring, calculation, field or business systems; create and exchange Survey; calculations; job sheets; commissioning/test records.","Provide native job workspace for Survey; sizing; estimate; installation; commissioning; servicing; evidence; create/control Survey; calculations; job sheets; commissioning/test records as structured governed records; support assignment, revision/status, review/approval, evidence, audit and cross-functional handoff; provide specialist calculations/authoring or governed format interoperability where professional tooling requires it.",RESEARCH_CANDIDATE,DISCOVERY_SEED,2026-09-21
CBE-JP-046,Heating and ventilation engineer,D08,F09;F10;F12;F13;F22;F23;F26;F27,Installation; Commissioning; Maintenance,Survey; design support; installation; commissioning; service; defects,Job sheets; equipment records; test/commissioning sheets,Building-services design / field service / certification,MagiCAD; Autodesk Revit; IES VE 2026; DesignBuilder; Danfoss Coolselector2; Joblogic; simPRO; Commusoft,"Perform Survey; design support; installation; commissioning; service; defects using specialist authoring, calculation, field or business systems; create and exchange Job sheets; equipment records; test/commissioning sheets.","Provide native job workspace for Survey; design support; installation; commissioning; service; defects; create/control Job sheets; equipment records; test/commissioning sheets as structured governed records; support assignment, revision/status, review/approval, evidence, audit and cross-functional handoff; provide specialist calculations/authoring or governed format interoperability where professional tooling requires it.",RESEARCH_CANDIDATE,DISCOVERY_SEED,2026-09-21
CBE-JP-047,Heritage officer,D13,F05;F12;F13;F19;F22;F23;F26;F27,Planning; Conservation; Operations,Heritage asset records; significance assessment; consultations; case management; condition monitoring,Case files; assessments; consultation records; reports,Heritage / landscape / conservation information,Arches; Idox Uniform; Esri ArcGIS Pro; QGIS; Axiell Collections; Microsoft Power BI,"Perform Heritage asset records; significance assessment; consultations; case management; condition monitoring using specialist authoring, calculation, field or business systems; create and exchange Case files; assessments; consultation records; reports.","Provide native job workspace for Heritage asset records; significance assessment; consultations; case management; condition monitoring; create/control Case files; assessments; consultation records; reports as structured governed records; support assignment, revision/status, review/approval, evidence, audit and cross-functional handoff; provide specialist calculations/authoring or governed format interoperability where professional tooling requires it.",RESEARCH_CANDIDATE,DISCOVERY_SEED,2026-09-21
CBE-JP-048,Kitchen and bathroom designer,D01,F05;F13;F19;F23;F26;F27,Sales; Design; Fit-out,Customer brief; survey; layouts; products; quotation; revisions; approvals,Layouts; product schedules; quotes; approvals,Design authoring / BIM / technical information,Cyncly Winner Flex; Cyncly Innoplus; Virtual Worlds; ArtiCAD; 2020 Design Live; Cyncly EQ Flex,"Perform Customer brief; survey; layouts; products; quotation; revisions; approvals using specialist authoring, calculation, field or business systems; create and exchange Layouts; product schedules; quotes; approvals.","Provide native job workspace for Customer brief; survey; layouts; products; quotation; revisions; approvals; create/control Layouts; product schedules; quotes; approvals as structured governed records; support assignment, revision/status, review/approval, evidence, audit and cross-functional handoff; provide specialist calculations/authoring or governed format interoperability where professional tooling requires it.",RESEARCH_CANDIDATE,DISCOVERY_SEED,2026-09-21
CBE-JP-049,Kitchen and bathroom fitter,D07,F09;F10;F12;F13;F23;F26;F27,Fit-out,Survey; schedule; installation tasks; materials; coordination; snagging,Work orders; material lists; photos; completion records,Trade field execution / estimating / evidence,Tradify; Fergus; ServiceM8; BigChange; Procore; Autodesk Build,"Perform Survey; schedule; installation tasks; materials; coordination; snagging using specialist authoring, calculation, field or business systems; create and exchange Work orders; material lists; photos; completion records.","Provide native job workspace for Survey; schedule; installation tasks; materials; coordination; snagging; create/control Work orders; material lists; photos; completion records as structured governed records; support assignment, revision/status, review/approval, evidence, audit and cross-functional handoff; provide specialist calculations/authoring or governed format interoperability where professional tooling requires it.",RESEARCH_CANDIDATE,DISCOVERY_SEED,2026-09-21
CBE-JP-050,Land surveyor,D03,F05;F07;F14;F19;F22;F26;F27,Survey; Design; Construction,Survey planning; observations; control; coordinates; topographical outputs; setting out,Survey files; point data; drawings; reports,Survey / property / valuation / evidence,Trimble Access; Trimble Business Center; Leica Captivate; Leica Infinity; Leica Cyclone; Topcon MAGNET; Autodesk Civil 3D,"Perform Survey planning; observations; control; coordinates; topographical outputs; setting out using specialist authoring, calculation, field or business systems; create and exchange Survey files; point data; drawings; reports.","Provide native job workspace for Survey planning; observations; control; coordinates; topographical outputs; setting out; create/control Survey files; point data; drawings; reports as structured governed records; support assignment, revision/status, review/approval, evidence, audit and cross-functional handoff; provide specialist calculations/authoring or governed format interoperability where professional tooling requires it.",RESEARCH_CANDIDATE,DISCOVERY_SEED,2026-09-21
CBE-JP-051,Landscape architect,D13,F05;F12;F13;F19;F22;F23;F26;F27,Planning; Design; Construction,Brief; site analysis; landscape design; specifications; planting; coordination; inspections,Plans; schedules; specifications; inspection records,Heritage / landscape / conservation information,Vectorworks Landmark; Land F/X; KeySCAPE; AutoCAD; SketchUp; Esri ArcGIS Pro; QGIS,"Perform Brief; site analysis; landscape design; specifications; planting; coordination; inspections using specialist authoring, calculation, field or business systems; create and exchange Plans; schedules; specifications; inspection records.","Provide native job workspace for Brief; site analysis; landscape design; specifications; planting; coordination; inspections; create/control Plans; schedules; specifications; inspection records as structured governed records; support assignment, revision/status, review/approval, evidence, audit and cross-functional handoff; provide specialist calculations/authoring or governed format interoperability where professional tooling requires it.",RESEARCH_CANDIDATE,DISCOVERY_SEED,2026-09-21
CBE-JP-052,Landscaper,D13,F05;F12;F13;F19;F22;F23;F26;F27,External works; Maintenance,Quotes; site works; planting/materials; labour; maintenance schedule,Work orders; material schedules; photos; maintenance records,Heritage / landscape / conservation information,Tradify; Fergus; Jobber; ServiceM8; BigChange; SketchUp; Vectorworks Landmark,"Perform Quotes; site works; planting/materials; labour; maintenance schedule using specialist authoring, calculation, field or business systems; create and exchange Work orders; material schedules; photos; maintenance records.","Provide native job workspace for Quotes; site works; planting/materials; labour; maintenance schedule; create/control Work orders; material schedules; photos; maintenance records as structured governed records; support assignment, revision/status, review/approval, evidence, audit and cross-functional handoff; provide specialist calculations/authoring or governed format interoperability where professional tooling requires it.",RESEARCH_CANDIDATE,DISCOVERY_SEED,2026-09-21
CBE-JP-053,Lighting technician,D11,F09;F10;F11;F12;F13;F22;F23;F26;F27,Installation/Event delivery; Maintenance,Equipment planning; inventory; setup; inspections; operation; maintenance,Equipment lists; checklists; allocation records; faults,Plant / specialist operations / production,Vectorworks Spotlight; Capture; CAST WYSIWYG; Lightwright; grandMA3 onPC,"Perform Equipment planning; inventory; setup; inspections; operation; maintenance using specialist authoring, calculation, field or business systems; create and exchange Equipment lists; checklists; allocation records; faults.","Provide native job workspace for Equipment planning; inventory; setup; inspections; operation; maintenance; create/control Equipment lists; checklists; allocation records; faults as structured governed records; support assignment, revision/status, review/approval, evidence, audit and cross-functional handoff; provide specialist calculations/authoring or governed format interoperability where professional tooling requires it.",RESEARCH_CANDIDATE,DISCOVERY_SEED,2026-09-21
CBE-JP-054,Locksmith,D08,F09;F10;F12;F13;F22;F23;F26;F27,Installation; Maintenance,Callouts; asset/lock register; access hardware; installation; repair; key/control records,Jobs; asset records; key/access records; invoices,Building-services design / field service / certification,Joblogic; simPRO; ServiceM8; BigChange; Tradify; Genetec Security Center; LenelS2 OnGuard,"Perform Callouts; asset/lock register; access hardware; installation; repair; key/control records using specialist authoring, calculation, field or business systems; create and exchange Jobs; asset records; key/access records; invoices.","Provide native job workspace for Callouts; asset/lock register; access hardware; installation; repair; key/control records; create/control Jobs; asset records; key/access records; invoices as structured governed records; support assignment, revision/status, review/approval, evidence, audit and cross-functional handoff; provide specialist calculations/authoring or governed format interoperability where professional tooling requires it.",RESEARCH_CANDIDATE,DISCOVERY_SEED,2026-09-21
CBE-JP-055,Painter and decorator,D07,F09;F10;F12;F13;F23;F26;F27,Finishes,Estimate; area/take-off; materials; schedule; application; completion,Quotes; work orders; material usage; photos,Trade field execution / estimating / evidence,Tradify; Fergus; ServiceM8; Jobber; BigChange; Procore,"Perform Estimate; area/take-off; materials; schedule; application; completion using specialist authoring, calculation, field or business systems; create and exchange Quotes; work orders; material usage; photos.","Provide native job workspace for Estimate; area/take-off; materials; schedule; application; completion; create/control Quotes; work orders; material usage; photos as structured governed records; support assignment, revision/status, review/approval, evidence, audit and cross-functional handoff; provide specialist calculations/authoring or governed format interoperability where professional tooling requires it.",RESEARCH_CANDIDATE,DISCOVERY_SEED,2026-09-21
CBE-JP-056,Pipe fitter,D08,F09;F10;F12;F13;F22;F23;F26;F27,Installation; Testing,Isometrics/work packs; fabrication/installation; weld/test references; materials; QA,Work packs; spool/line records; test records; material traceability,Building-services design / field service / certification,AutoCAD Plant 3D; AVEVA E3D Design; Hexagon Smart 3D; Hexagon Isogen; Autodesk Navisworks; WeldEye,"Perform Isometrics/work packs; fabrication/installation; weld/test references; materials; QA using specialist authoring, calculation, field or business systems; create and exchange Work packs; spool/line records; test records; material traceability.","Provide native job workspace for Isometrics/work packs; fabrication/installation; weld/test references; materials; QA; create/control Work packs; spool/line records; test records; material traceability as structured governed records; support assignment, revision/status, review/approval, evidence, audit and cross-functional handoff; provide specialist calculations/authoring or governed format interoperability where professional tooling requires it.",RESEARCH_CANDIDATE,DISCOVERY_SEED,2026-09-21
CBE-JP-057,Planning and development surveyor,D03,F05;F07;F14;F19;F22;F26;F27,Feasibility; Planning,Site appraisal; development appraisal; planning constraints; valuations; viability; client reports,Appraisals; reports; valuations; planning records,Survey / property / valuation / evidence,ARGUS Enterprise; LandTech; Esri ArcGIS Pro; ArcGIS Urban; Idox Uniform; Microsoft Power BI,"Perform Site appraisal; development appraisal; planning constraints; valuations; viability; client reports using specialist authoring, calculation, field or business systems; create and exchange Appraisals; reports; valuations; planning records.","Provide native job workspace for Site appraisal; development appraisal; planning constraints; valuations; viability; client reports; create/control Appraisals; reports; valuations; planning records as structured governed records; support assignment, revision/status, review/approval, evidence, audit and cross-functional handoff; provide specialist calculations/authoring or governed format interoperability where professional tooling requires it.",RESEARCH_CANDIDATE,DISCOVERY_SEED,2026-09-21
CBE-JP-058,Plasterer,D07,F09;F10;F12;F13;F23;F26;F27,Finishes,Estimate; areas; materials; schedule; application; snagging,Quotes; work orders; material usage; photos,Trade field execution / estimating / evidence,Tradify; Fergus; ServiceM8; Jobber; BigChange; Procore,"Perform Estimate; areas; materials; schedule; application; snagging using specialist authoring, calculation, field or business systems; create and exchange Quotes; work orders; material usage; photos.","Provide native job workspace for Estimate; areas; materials; schedule; application; snagging; create/control Quotes; work orders; material usage; photos as structured governed records; support assignment, revision/status, review/approval, evidence, audit and cross-functional handoff; provide specialist calculations/authoring or governed format interoperability where professional tooling requires it.",RESEARCH_CANDIDATE,DISCOVERY_SEED,2026-09-21
CBE-JP-059,Plumber,D08,F09;F10;F12;F13;F22;F23;F26;F27,Installation; Testing; Maintenance,Survey; quote; schedule; installation; fixtures; testing; callouts; maintenance,Quotes; job sheets; test records; asset/service records; invoices,Building-services design / field service / certification,simPRO; Joblogic; Commusoft; ServiceM8; Tradify; Fergus; BigChange,"Perform Survey; quote; schedule; installation; fixtures; testing; callouts; maintenance using specialist authoring, calculation, field or business systems; create and exchange Quotes; job sheets; test records; asset/service records; invoices.","Provide native job workspace for Survey; quote; schedule; installation; fixtures; testing; callouts; maintenance; create/control Quotes; job sheets; test records; asset/service records; invoices as structured governed records; support assignment, revision/status, review/approval, evidence, audit and cross-functional handoff; provide specialist calculations/authoring or governed format interoperability where professional tooling requires it.",RESEARCH_CANDIDATE,DISCOVERY_SEED,2026-09-21
CBE-JP-060,Quantity surveyor,D04,F07;F09;F14;F19;F20;F26;F27,Feasibility; Design; Construction; Final account,Measurement; cost plans; procurement; tender analysis; valuations; variations; forecasts; final accounts,Cost plans; BoQs; tender analyses; valuations; variations; cost reports,Estimating / commercial / contract administration,RIB CostX; RIB Candy; Causeway Estimating; ConQuest Estimating; Bluebeam Revu; Autodesk Takeoff; Thinkproject CEMAR; Oracle Primavera Unifier; Procore,"Perform Measurement; cost plans; procurement; tender analysis; valuations; variations; forecasts; final accounts using specialist authoring, calculation, field or business systems; create and exchange Cost plans; BoQs; tender analyses; valuations; variations; cost reports.","Provide native job workspace for Measurement; cost plans; procurement; tender analysis; valuations; variations; forecasts; final accounts; create/control Cost plans; BoQs; tender analyses; valuations; variations; cost reports as structured governed records; support assignment, revision/status, review/approval, evidence, audit and cross-functional handoff; provide specialist calculations/authoring or governed format interoperability where professional tooling requires it.",RESEARCH_CANDIDATE,DISCOVERY_SEED,2026-09-21
CBE-JP-061,Quarry engineer,D11,F09;F10;F11;F12;F13;F22;F23;F26;F27,Extraction; Restoration,Site/production planning; extraction records; plant; safety; environmental/restoration records,Plans; production records; inspections; environmental records,Plant / specialist operations / production,AggFlow DM; Command Alkon; Wenco; Hexagon MinePlan; IBM Maximo Application Suite; SafetyCulture,"Perform Site/production planning; extraction records; plant; safety; environmental/restoration records using specialist authoring, calculation, field or business systems; create and exchange Plans; production records; inspections; environmental records.","Provide native job workspace for Site/production planning; extraction records; plant; safety; environmental/restoration records; create/control Plans; production records; inspections; environmental records as structured governed records; support assignment, revision/status, review/approval, evidence, audit and cross-functional handoff; provide specialist calculations/authoring or governed format interoperability where professional tooling requires it.",RESEARCH_CANDIDATE,DISCOVERY_SEED,2026-09-21
CBE-JP-062,Quarry worker,D11,F09;F10;F11;F12;F13;F22;F23;F26;F27,Extraction,Tasks; plant checks; production logs; materials; safety; maintenance defects,Shift logs; plant checks; production records,Plant / specialist operations / production,Command Alkon; Wenco; Hexagon MinePlan; Tenna; Samsara; SafetyCulture,"Perform Tasks; plant checks; production logs; materials; safety; maintenance defects using specialist authoring, calculation, field or business systems; create and exchange Shift logs; plant checks; production records.","Provide native job workspace for Tasks; plant checks; production logs; materials; safety; maintenance defects; create/control Shift logs; plant checks; production records as structured governed records; support assignment, revision/status, review/approval, evidence, audit and cross-functional handoff; provide specialist calculations/authoring or governed format interoperability where professional tooling requires it.",RESEARCH_CANDIDATE,DISCOVERY_SEED,2026-09-21
CBE-JP-063,Refrigeration and air-conditioning installer,D08,F09;F10;F12;F13;F22;F23;F26;F27,Installation; Commissioning; Maintenance,Survey; equipment selection; installation; commissioning; refrigerant/service records; maintenance,Job sheets; equipment records; commissioning/test records; service logs,Building-services design / field service / certification,Danfoss Coolselector2; MagiCAD; Autodesk Revit; Joblogic; simPRO; Commusoft; ServiceM8,"Perform Survey; equipment selection; installation; commissioning; refrigerant/service records; maintenance using specialist authoring, calculation, field or business systems; create and exchange Job sheets; equipment records; commissioning/test records; service logs.","Provide native job workspace for Survey; equipment selection; installation; commissioning; refrigerant/service records; maintenance; create/control Job sheets; equipment records; commissioning/test records; service logs as structured governed records; support assignment, revision/status, review/approval, evidence, audit and cross-functional handoff; provide specialist calculations/authoring or governed format interoperability where professional tooling requires it.",RESEARCH_CANDIDATE,DISCOVERY_SEED,2026-09-21
CBE-JP-064,Road worker,D12,F09;F10;F12;F13;F22;F23;F26;F27,Infrastructure construction; Maintenance,Work packs; traffic-management references; plant; materials; daily progress; inspections,Work orders; daily records; material usage; inspection records,Utilities / network / field operations,Bentley OpenRoads Designer; Autodesk Civil 3D; Trimble Siteworks; ArcGIS Field Maps; Procore; SafetyCulture,"Perform Work packs; traffic-management references; plant; materials; daily progress; inspections using specialist authoring, calculation, field or business systems; create and exchange Work orders; daily records; material usage; inspection records.","Provide native job workspace for Work packs; traffic-management references; plant; materials; daily progress; inspections; create/control Work orders; daily records; material usage; inspection records as structured governed records; support assignment, revision/status, review/approval, evidence, audit and cross-functional handoff; provide specialist calculations/authoring or governed format interoperability where professional tooling requires it.",RESEARCH_CANDIDATE,DISCOVERY_SEED,2026-09-21
CBE-JP-065,Roofer,D07,F09;F10;F12;F13;F23;F26;F27,Envelope construction; Maintenance,Survey; estimate; materials; access; installation/repair; inspections; photos,Quotes; work orders; material schedules; photos,Trade field execution / estimating / evidence,Tradify; Fergus; Jobber; ServiceM8; BigChange; PlanRadar; SafetyCulture,"Perform Survey; estimate; materials; access; installation/repair; inspections; photos using specialist authoring, calculation, field or business systems; create and exchange Quotes; work orders; material schedules; photos.","Provide native job workspace for Survey; estimate; materials; access; installation/repair; inspections; photos; create/control Quotes; work orders; material schedules; photos as structured governed records; support assignment, revision/status, review/approval, evidence, audit and cross-functional handoff; provide specialist calculations/authoring or governed format interoperability where professional tooling requires it.",RESEARCH_CANDIDATE,DISCOVERY_SEED,2026-09-21
CBE-JP-066,Rural surveyor,D03,F05;F07;F14;F19;F22;F26;F27,Acquisition; Management,Land/property records; valuations; tenancy/estate work; land management; inspections,Valuations; plans; property records; reports,Survey / property / valuation / evidence,Esri ArcGIS Pro; QGIS; MRI Horizon; Re-Leased; LandTech; Microsoft Power BI,"Perform Land/property records; valuations; tenancy/estate work; land management; inspections using specialist authoring, calculation, field or business systems; create and exchange Valuations; plans; property records; reports.","Provide native job workspace for Land/property records; valuations; tenancy/estate work; land management; inspections; create/control Valuations; plans; property records; reports as structured governed records; support assignment, revision/status, review/approval, evidence, audit and cross-functional handoff; provide specialist calculations/authoring or governed format interoperability where professional tooling requires it.",RESEARCH_CANDIDATE,DISCOVERY_SEED,2026-09-21
CBE-JP-067,Scaffolder,D11,F09;F10;F11;F12;F13;F22;F23;F26;F27,Construction enabling works,Scaffold design/reference; erection; inspection; handover; tagging; alterations; dismantle,Scaffold register; inspection records; handover certificates,Plant / specialist operations / production,SMART Scaffolder; Avontus Scaffold Designer; Avontus Quantify; Procore; SafetyCulture; PlanRadar,"Perform Scaffold design/reference; erection; inspection; handover; tagging; alterations; dismantle using specialist authoring, calculation, field or business systems; create and exchange Scaffold register; inspection records; handover certificates.","Provide native job workspace for Scaffold design/reference; erection; inspection; handover; tagging; alterations; dismantle; create/control Scaffold register; inspection records; handover certificates as structured governed records; support assignment, revision/status, review/approval, evidence, audit and cross-functional handoff; provide specialist calculations/authoring or governed format interoperability where professional tooling requires it.",RESEARCH_CANDIDATE,DISCOVERY_SEED,2026-09-21
CBE-JP-068,Security systems installer,D08,F09;F10;F12;F13;F22;F23;F26;F27,Installation; Commissioning; Maintenance,Survey; quote; device/system design; installation; testing; commissioning; maintenance,Quotes; device registers; test results; commissioning/service records,Building-services design / field service / certification,JVSG IP Video System Design Tool; System Surveyor; AutoCAD; Genetec Security Center; LenelS2 OnGuard; simPRO; Joblogic,"Perform Survey; quote; device/system design; installation; testing; commissioning; maintenance using specialist authoring, calculation, field or business systems; create and exchange Quotes; device registers; test results; commissioning/service records.","Provide native job workspace for Survey; quote; device/system design; installation; testing; commissioning; maintenance; create/control Quotes; device registers; test results; commissioning/service records as structured governed records; support assignment, revision/status, review/approval, evidence, audit and cross-functional handoff; provide specialist calculations/authoring or governed format interoperability where professional tooling requires it.",RESEARCH_CANDIDATE,DISCOVERY_SEED,2026-09-21
CBE-JP-069,Shopfitter,D07,F09;F10;F12;F13;F23;F26;F27,Fit-out,Survey; programme; fabrication/install coordination; materials; snagging; handover,Work orders; drawings; material schedules; snagging records,Trade field execution / estimating / evidence,AutoCAD; Autodesk Revit; SketchUp; Procore; Autodesk Build; Bluebeam Revu; Tradify,"Perform Survey; programme; fabrication/install coordination; materials; snagging; handover using specialist authoring, calculation, field or business systems; create and exchange Work orders; drawings; material schedules; snagging records.","Provide native job workspace for Survey; programme; fabrication/install coordination; materials; snagging; handover; create/control Work orders; drawings; material schedules; snagging records as structured governed records; support assignment, revision/status, review/approval, evidence, audit and cross-functional handoff; provide specialist calculations/authoring or governed format interoperability where professional tooling requires it.",RESEARCH_CANDIDATE,DISCOVERY_SEED,2026-09-21
CBE-JP-070,Solar panel installer,D09,F05;F12;F13;F22;F23;F26;F27,Retrofit/Installation; Maintenance,Survey; system sizing/design inputs; quote; installation; testing; commissioning; maintenance,Survey; quotes; equipment records; commissioning/test records,Energy assessment / retrofit / field execution,OpenSolar; Valentin PV*SOL premium; SolarEdge Designer; PVcase; simPRO; Joblogic; ServiceM8,"Perform Survey; system sizing/design inputs; quote; installation; testing; commissioning; maintenance using specialist authoring, calculation, field or business systems; create and exchange Survey; quotes; equipment records; commissioning/test records.","Provide native job workspace for Survey; system sizing/design inputs; quote; installation; testing; commissioning; maintenance; create/control Survey; quotes; equipment records; commissioning/test records as structured governed records; support assignment, revision/status, review/approval, evidence, audit and cross-functional handoff; provide specialist calculations/authoring or governed format interoperability where professional tooling requires it.",RESEARCH_CANDIDATE,DISCOVERY_SEED,2026-09-21
CBE-JP-071,Steel erector,D07,F09;F10;F12;F13;F23;F26;F27,Structural construction,Work packs; lifts; sequence; members; bolts/connections; inspections; progress,Work packs; member records; inspection records; photos,Trade field execution / estimating / evidence,Tekla Structures; Trimble Connect; Procore; Autodesk Build; Bluebeam Revu; SafetyCulture,"Perform Work packs; lifts; sequence; members; bolts/connections; inspections; progress using specialist authoring, calculation, field or business systems; create and exchange Work packs; member records; inspection records; photos.","Provide native job workspace for Work packs; lifts; sequence; members; bolts/connections; inspections; progress; create/control Work packs; member records; inspection records; photos as structured governed records; support assignment, revision/status, review/approval, evidence, audit and cross-functional handoff; provide specialist calculations/authoring or governed format interoperability where professional tooling requires it.",RESEARCH_CANDIDATE,DISCOVERY_SEED,2026-09-21
CBE-JP-072,Steel fixer,D07,F09;F10;F12;F13;F23;F26;F27,Structural construction,Bar schedules/reference; work areas; installation; checks; progress,Work orders; reinforcement records; inspections; photos,Trade field execution / estimating / evidence,Tekla Structures; ALLPLAN; RebarCAD; AutoCAD; Trimble Connect; Procore; SafetyCulture,"Perform Bar schedules/reference; work areas; installation; checks; progress using specialist authoring, calculation, field or business systems; create and exchange Work orders; reinforcement records; inspections; photos.","Provide native job workspace for Bar schedules/reference; work areas; installation; checks; progress; create/control Work orders; reinforcement records; inspections; photos as structured governed records; support assignment, revision/status, review/approval, evidence, audit and cross-functional handoff; provide specialist calculations/authoring or governed format interoperability where professional tooling requires it.",RESEARCH_CANDIDATE,DISCOVERY_SEED,2026-09-21
CBE-JP-073,Steeplejack,D11,F09;F10;F11;F12;F13;F22;F23;F26;F27,Maintenance / Specialist works,Access planning; inspection; repair; maintenance; lightning protection records; photos,Inspection reports; work orders; test records; photos,Plant / specialist operations / production,SafetyCulture; PlanRadar; ArcGIS Field Maps; Matterport; Autodesk ReCap Pro; BigChange,"Perform Access planning; inspection; repair; maintenance; lightning protection records; photos using specialist authoring, calculation, field or business systems; create and exchange Inspection reports; work orders; test records; photos.","Provide native job workspace for Access planning; inspection; repair; maintenance; lightning protection records; photos; create/control Inspection reports; work orders; test records; photos as structured governed records; support assignment, revision/status, review/approval, evidence, audit and cross-functional handoff; provide specialist calculations/authoring or governed format interoperability where professional tooling requires it.",RESEARCH_CANDIDATE,DISCOVERY_SEED,2026-09-21
CBE-JP-074,Stonemason,D13,F05;F12;F13;F19;F22;F23;F26;F27,Construction; Conservation,Survey/template; fabrication; installation; conservation repair; material traceability,Templates; work orders; material records; photos,Heritage / landscape / conservation information,AutoCAD; Rhino; SketchUp; Agisoft Metashape; Autodesk ReCap Pro; Tradify; Procore,"Perform Survey/template; fabrication; installation; conservation repair; material traceability using specialist authoring, calculation, field or business systems; create and exchange Templates; work orders; material records; photos.","Provide native job workspace for Survey/template; fabrication; installation; conservation repair; material traceability; create/control Templates; work orders; material records; photos as structured governed records; support assignment, revision/status, review/approval, evidence, audit and cross-functional handoff; provide specialist calculations/authoring or governed format interoperability where professional tooling requires it.",RESEARCH_CANDIDATE,DISCOVERY_SEED,2026-09-21
CBE-JP-075,Structural engineer,D02,F05;F13;F19;F23;F26;F27,Design; Construction,Structural analysis; calculations; drawings; specifications; design changes; inspections,Calculations; models; drawings; specifications; inspection records,Engineering analysis / design / technical information,Tekla Structural Designer 2026; Tekla Tedds 2026; ETABS; SAP2000; STAAD.Pro; Autodesk Robot Structural Analysis; SCIA Engineer; Dlubal RFEM; Autodesk Revit; Tekla Structures,"Perform Structural analysis; calculations; drawings; specifications; design changes; inspections using specialist authoring, calculation, field or business systems; create and exchange Calculations; models; drawings; specifications; inspection records.","Provide native job workspace for Structural analysis; calculations; drawings; specifications; design changes; inspections; create/control Calculations; models; drawings; specifications; inspection records as structured governed records; support assignment, revision/status, review/approval, evidence, audit and cross-functional handoff; provide specialist calculations/authoring or governed format interoperability where professional tooling requires it.",RESEARCH_CANDIDATE,DISCOVERY_SEED,2026-09-21
CBE-JP-076,Surveying technician,D03,F05;F07;F14;F19;F22;F26;F27,Survey; Design; Construction,Survey support; site data; measurements; drawings; records; inspections,Survey data; drawings; schedules; reports,Survey / property / valuation / evidence,Trimble Business Center; Trimble Access; Leica Infinity; Leica Cyclone; Topcon MAGNET; AutoCAD; ArcGIS Field Maps,"Perform Survey support; site data; measurements; drawings; records; inspections using specialist authoring, calculation, field or business systems; create and exchange Survey data; drawings; schedules; reports.","Provide native job workspace for Survey support; site data; measurements; drawings; records; inspections; create/control Survey data; drawings; schedules; reports as structured governed records; support assignment, revision/status, review/approval, evidence, audit and cross-functional handoff; provide specialist calculations/authoring or governed format interoperability where professional tooling requires it.",RESEARCH_CANDIDATE,DISCOVERY_SEED,2026-09-21
CBE-JP-077,Thermal insulation engineer,D09,F05;F12;F13;F22;F23;F26;F27,Installation; Completion,Take-off; materials; installation; quality checks; completion evidence,Work orders; material usage; inspection records; photos,Energy assessment / retrofit / field execution,RIB CostX; Bluebeam Revu; Procore; Autodesk Build; SafetyCulture; Joblogic,"Perform Take-off; materials; installation; quality checks; completion evidence using specialist authoring, calculation, field or business systems; create and exchange Work orders; material usage; inspection records; photos.","Provide native job workspace for Take-off; materials; installation; quality checks; completion evidence; create/control Work orders; material usage; inspection records; photos as structured governed records; support assignment, revision/status, review/approval, evidence, audit and cross-functional handoff; provide specialist calculations/authoring or governed format interoperability where professional tooling requires it.",RESEARCH_CANDIDATE,DISCOVERY_SEED,2026-09-21
CBE-JP-078,Tiler,D07,F09;F10;F12;F13;F23;F26;F27,Finishes,Measure; estimate; layout; materials; installation; snagging,Quotes; work orders; material usage; photos,Trade field execution / estimating / evidence,Tradify; Fergus; ServiceM8; Jobber; BigChange; MeasureSquare,"Perform Measure; estimate; layout; materials; installation; snagging using specialist authoring, calculation, field or business systems; create and exchange Quotes; work orders; material usage; photos.","Provide native job workspace for Measure; estimate; layout; materials; installation; snagging; create/control Quotes; work orders; material usage; photos as structured governed records; support assignment, revision/status, review/approval, evidence, audit and cross-functional handoff; provide specialist calculations/authoring or governed format interoperability where professional tooling requires it.",RESEARCH_CANDIDATE,DISCOVERY_SEED,2026-09-21
CBE-JP-079,Town planner,D05,F05;F17;F19;F22;F26;F27,Feasibility; Planning,Planning cases; policy/constraints; consultations; site appraisal; reports; decisions tracking,Applications/cases; consultation records; reports; spatial data,GIS / planning / modelling / case management,Idox Cloud; Idox Uniform; ArcGIS Urban; Esri ArcGIS Pro; LandTech; PlanX; Microsoft Power BI,"Perform Planning cases; policy/constraints; consultations; site appraisal; reports; decisions tracking using specialist authoring, calculation, field or business systems; create and exchange Applications/cases; consultation records; reports; spatial data.","Provide native job workspace for Planning cases; policy/constraints; consultations; site appraisal; reports; decisions tracking; create/control Applications/cases; consultation records; reports; spatial data as structured governed records; support assignment, revision/status, review/approval, evidence, audit and cross-functional handoff; provide specialist calculations/authoring or governed format interoperability where professional tooling requires it.",RESEARCH_CANDIDATE,DISCOVERY_SEED,2026-09-21
CBE-JP-080,Town planning assistant,D05,F05;F17;F19;F22;F26;F27,Planning,Application processing; data gathering; plans; consultations; case administration,Case records; plans; consultation records,GIS / planning / modelling / case management,Idox Cloud; Idox Uniform; Esri ArcGIS Pro; ArcGIS Online; LandTech; Microsoft Power BI,"Perform Application processing; data gathering; plans; consultations; case administration using specialist authoring, calculation, field or business systems; create and exchange Case records; plans; consultation records.","Provide native job workspace for Application processing; data gathering; plans; consultations; case administration; create/control Case records; plans; consultation records as structured governed records; support assignment, revision/status, review/approval, evidence, audit and cross-functional handoff; provide specialist calculations/authoring or governed format interoperability where professional tooling requires it.",RESEARCH_CANDIDATE,DISCOVERY_SEED,2026-09-21
CBE-JP-081,Transport planner,D05,F05;F17;F19;F22;F26;F27,Feasibility; Planning; Design,Demand/network analysis; options; modelling; consultation; reports; programme interfaces,Models; datasets; option reports; plans,GIS / planning / modelling / case management,PTV Visum; Aimsun Next 26; Bentley CUBE; PTV Vissim; SATURN; Esri ArcGIS Pro,"Perform Demand/network analysis; options; modelling; consultation; reports; programme interfaces using specialist authoring, calculation, field or business systems; create and exchange Models; datasets; option reports; plans.","Provide native job workspace for Demand/network analysis; options; modelling; consultation; reports; programme interfaces; create/control Models; datasets; option reports; plans as structured governed records; support assignment, revision/status, review/approval, evidence, audit and cross-functional handoff; provide specialist calculations/authoring or governed format interoperability where professional tooling requires it.",RESEARCH_CANDIDATE,DISCOVERY_SEED,2026-09-21
CBE-JP-082,Water network operative,D12,F09;F10;F12;F13;F22;F23;F26;F27,Infrastructure construction; Maintenance,Work orders; network asset location; repairs; leakage; tests; reinstatement; as-builts,Job packs; network records; test results; as-builts,Utilities / network / field operations,Esri ArcGIS Utility Network; Bentley OpenUtilities; Cityworks; IBM Maximo Application Suite; ArcGIS Field Maps; Trimble Siteworks; SafetyCulture,"Perform Work orders; network asset location; repairs; leakage; tests; reinstatement; as-builts using specialist authoring, calculation, field or business systems; create and exchange Job packs; network records; test results; as-builts.","Provide native job workspace for Work orders; network asset location; repairs; leakage; tests; reinstatement; as-builts; create/control Job packs; network records; test results; as-builts as structured governed records; support assignment, revision/status, review/approval, evidence, audit and cross-functional handoff; provide specialist calculations/authoring or governed format interoperability where professional tooling requires it.",RESEARCH_CANDIDATE,DISCOVERY_SEED,2026-09-21
CBE-JP-083,Welder,D14,F07;F09;F10;F11;F13;F14;F26;F27,Fabrication; Construction,Work packs; weld procedures/references; material traceability; weld logs; inspections; repairs,Weld logs; material records; inspection/NDT references; work orders,Supply / fabrication / manufacturing,WeldEye; WeldTrace; Fronius WeldCube; Tekla PowerFab; EWM Xnet; SafetyCulture,"Perform Work packs; weld procedures/references; material traceability; weld logs; inspections; repairs using specialist authoring, calculation, field or business systems; create and exchange Weld logs; material records; inspection/NDT references; work orders.","Provide native job workspace for Work packs; weld procedures/references; material traceability; weld logs; inspections; repairs; create/control Weld logs; material records; inspection/NDT references; work orders as structured governed records; support assignment, revision/status, review/approval, evidence, audit and cross-functional handoff; provide specialist calculations/authoring or governed format interoperability where professional tooling requires it.",RESEARCH_CANDIDATE,DISCOVERY_SEED,2026-09-21
CBE-JP-084,Wood machinist,D14,F07;F09;F10;F11;F13;F14;F26;F27,Manufacture,Cut lists; machine jobs; BOM/material stock; quality; production output,Cut lists; work orders; material records; QC records,Supply / fabrication / manufacturing,Hexagon Cabinet Vision; Microvellum; HOMAG woodWOP; ALPHACAM; Autodesk Fusion; Cyncly 3CAD,"Perform Cut lists; machine jobs; BOM/material stock; quality; production output using specialist authoring, calculation, field or business systems; create and exchange Cut lists; work orders; material records; QC records.","Provide native job workspace for Cut lists; machine jobs; BOM/material stock; quality; production output; create/control Cut lists; work orders; material records; QC records as structured governed records; support assignment, revision/status, review/approval, evidence, audit and cross-functional handoff; provide specialist calculations/authoring or governed format interoperability where professional tooling requires it.",RESEARCH_CANDIDATE,DISCOVERY_SEED,2026-09-21
