source_record_id,function_code,function_name,tool_product,vendor,classification,canonical_capability_pattern,deep_anchor_products,architecture_treatment,status,verified_date
MTR-0001,F01,Strategy & Enterprise Planning,Planview,Planview,DEEP_VERIFIED_ANCHOR,Representative deep benchmark for this function.,Planview,Use as canonical market anchor to expose operative semantics and derive NuBlox requirements.,DEEP_VERIFIED,2026-09-21
MTR-0002,F01,Strategy & Enterprise Planning,Anaplan,Anaplan,DEEP_VERIFIED_ANCHOR,Representative deep benchmark for this function.,Anaplan,Use as canonical market anchor to expose operative semantics and derive NuBlox requirements.,DEEP_VERIFIED,2026-09-21
MTR-0003,F01,Strategy & Enterprise Planning,Workday Adaptive Planning,Workday,ALTERNATIVE_PRODUCT_PATTERN,Enterprise connected planning / scenario / budgeting / forecasting,Anaplan; Planview,Use as alternative planning evidence; do not create vendor-specific architecture.,ARCHITECTURE_PATTERN_COVERED,2026-09-21
MTR-0004,F01,Strategy & Enterprise Planning,Oracle EPM,Oracle,ALTERNATIVE_PRODUCT_PATTERN,Enterprise connected planning / scenario / budgeting / forecasting,Anaplan; Planview,Use as alternative planning evidence; do not create vendor-specific architecture.,ARCHITECTURE_PATTERN_COVERED,2026-09-21
MTR-0005,F01,Strategy & Enterprise Planning,SAP Analytics Cloud,SAP,ALTERNATIVE_PRODUCT_PATTERN,Enterprise connected planning / scenario / budgeting / forecasting,Anaplan; Planview,Use as alternative planning evidence; do not create vendor-specific architecture.,ARCHITECTURE_PATTERN_COVERED,2026-09-21
MTR-0006,F01,Strategy & Enterprise Planning,Board,Board,ALTERNATIVE_PRODUCT_PATTERN,Enterprise connected planning / scenario / budgeting / forecasting,Anaplan; Planview,Use as alternative planning evidence; do not create vendor-specific architecture.,ARCHITECTURE_PATTERN_COVERED,2026-09-21
MTR-0007,F01,Strategy & Enterprise Planning,IBM Planning Analytics,IBM,ALTERNATIVE_PRODUCT_PATTERN,Enterprise connected planning / scenario / budgeting / forecasting,Anaplan; Planview,Use as alternative planning evidence; do not create vendor-specific architecture.,ARCHITECTURE_PATTERN_COVERED,2026-09-21
MTR-0008,F01,Strategy & Enterprise Planning,Jedox,Jedox,ALTERNATIVE_PRODUCT_PATTERN,Enterprise connected planning / scenario / budgeting / forecasting,Anaplan; Planview,Use as alternative planning evidence; do not create vendor-specific architecture.,ARCHITECTURE_PATTERN_COVERED,2026-09-21
MTR-0009,F01,Strategy & Enterprise Planning,Pigment,Pigment,ALTERNATIVE_PRODUCT_PATTERN,Enterprise connected planning / scenario / budgeting / forecasting,Anaplan; Planview,Use as alternative planning evidence; do not create vendor-specific architecture.,ARCHITECTURE_PATTERN_COVERED,2026-09-21
MTR-0010,F01,Strategy & Enterprise Planning,Cascade,Cascade,ALTERNATIVE_PRODUCT_PATTERN,Strategy execution / objectives / KPI / OKR alignment,Planview,Use as alternative strategy-execution evidence.,ARCHITECTURE_PATTERN_COVERED,2026-09-21
MTR-0011,F02,Corporate Governance,Diligent Boards / Diligent One,Diligent,DEEP_VERIFIED_ANCHOR,Representative deep benchmark for this function.,Diligent Boards / Diligent One,Use as canonical market anchor to expose operative semantics and derive NuBlox requirements.,DEEP_VERIFIED,2026-09-21
MTR-0012,F02,Corporate Governance,Board Intelligence,Board Intelligence,ALTERNATIVE_PRODUCT_PATTERN,Board / committee governance and meeting lifecycle,Diligent Boards / Diligent One,Use as alternative board-governance evidence.,ARCHITECTURE_PATTERN_COVERED,2026-09-21
MTR-0013,F02,Corporate Governance,OnBoard,OnBoard,ALTERNATIVE_PRODUCT_PATTERN,Board / committee governance and meeting lifecycle,Diligent Boards / Diligent One,Use as alternative board-governance evidence.,ARCHITECTURE_PATTERN_COVERED,2026-09-21
MTR-0014,F02,Corporate Governance,Admincontrol,Admincontrol,ALTERNATIVE_PRODUCT_PATTERN,Board / committee governance and meeting lifecycle,Diligent Boards / Diligent One,Use as alternative board-governance evidence.,ARCHITECTURE_PATTERN_COVERED,2026-09-21
MTR-0015,F02,Corporate Governance,Convene,Convene,ALTERNATIVE_PRODUCT_PATTERN,Board / committee governance and meeting lifecycle,Diligent Boards / Diligent One,Use as alternative board-governance evidence.,ARCHITECTURE_PATTERN_COVERED,2026-09-21
MTR-0016,F02,Corporate Governance,Govenda,Govenda,ALTERNATIVE_PRODUCT_PATTERN,Board / committee governance and meeting lifecycle,Diligent Boards / Diligent One,Use as alternative board-governance evidence.,ARCHITECTURE_PATTERN_COVERED,2026-09-21
MTR-0017,F02,Corporate Governance,Workiva,Workiva,DEEP_VERIFIED_ANCHOR,Governance reporting / policies / controls / connected assurance,Workiva,Use as complementary F02 governance anchor alongside Diligent board-governance semantics.,DEEP_VERIFIED,2026-09-21
MTR-0018,F03,Enterprise Performance Management,Oracle EPM,Oracle,DEEP_VERIFIED_ANCHOR,Representative deep benchmark for this function.,Oracle EPM,Use as canonical market anchor to expose operative semantics and derive NuBlox requirements.,DEEP_VERIFIED,2026-09-21
MTR-0019,F03,Enterprise Performance Management,SAP Analytics Cloud,SAP,ALTERNATIVE_PRODUCT_PATTERN,Enterprise performance planning / reporting / consolidation / analytics,Oracle EPM; Workday Adaptive Planning,Use as alternative EPM evidence; preserve material semantic differences without vendor-specific architecture.,ARCHITECTURE_PATTERN_COVERED,2026-09-21
MTR-0020,F03,Enterprise Performance Management,Workday Adaptive Planning,Workday,DEEP_VERIFIED_ANCHOR,Representative deep benchmark for this function.,Workday Adaptive Planning,Use as canonical market anchor to expose operative semantics and derive NuBlox requirements.,DEEP_VERIFIED,2026-09-21
MTR-0021,F03,Enterprise Performance Management,Anaplan,Anaplan,ALTERNATIVE_PRODUCT_PATTERN,Enterprise performance planning / reporting / consolidation / analytics,Oracle EPM; Workday Adaptive Planning,Use as alternative EPM evidence; preserve material semantic differences without vendor-specific architecture.,ARCHITECTURE_PATTERN_COVERED,2026-09-21
MTR-0022,F03,Enterprise Performance Management,Board,Board,ALTERNATIVE_PRODUCT_PATTERN,Enterprise performance planning / reporting / consolidation / analytics,Oracle EPM; Workday Adaptive Planning,Use as alternative EPM evidence; preserve material semantic differences without vendor-specific architecture.,ARCHITECTURE_PATTERN_COVERED,2026-09-21
MTR-0023,F03,Enterprise Performance Management,IBM Planning Analytics,IBM,ALTERNATIVE_PRODUCT_PATTERN,Enterprise performance planning / reporting / consolidation / analytics,Oracle EPM; Workday Adaptive Planning,Use as alternative EPM evidence; preserve material semantic differences without vendor-specific architecture.,ARCHITECTURE_PATTERN_COVERED,2026-09-21
MTR-0024,F03,Enterprise Performance Management,OneStream,OneStream,ALTERNATIVE_PRODUCT_PATTERN,Enterprise performance planning / reporting / consolidation / analytics,Oracle EPM; Workday Adaptive Planning,Use as alternative EPM evidence; preserve material semantic differences without vendor-specific architecture.,ARCHITECTURE_PATTERN_COVERED,2026-09-21
MTR-0025,F03,Enterprise Performance Management,CCH Tagetik,Wolters Kluwer,ALTERNATIVE_PRODUCT_PATTERN,Enterprise performance planning / reporting / consolidation / analytics,Oracle EPM; Workday Adaptive Planning,Use as alternative EPM evidence; preserve material semantic differences without vendor-specific architecture.,ARCHITECTURE_PATTERN_COVERED,2026-09-21
MTR-0026,F03,Enterprise Performance Management,Planful,Planful,ALTERNATIVE_PRODUCT_PATTERN,Enterprise performance planning / reporting / consolidation / analytics,Oracle EPM; Workday Adaptive Planning,Use as alternative EPM evidence; preserve material semantic differences without vendor-specific architecture.,ARCHITECTURE_PATTERN_COVERED,2026-09-21
MTR-0027,F03,Enterprise Performance Management,Prophix,Prophix,ALTERNATIVE_PRODUCT_PATTERN,Enterprise performance planning / reporting / consolidation / analytics,Oracle EPM; Workday Adaptive Planning,Use as alternative EPM evidence; preserve material semantic differences without vendor-specific architecture.,ARCHITECTURE_PATTERN_COVERED,2026-09-21
MTR-0028,F03,Enterprise Performance Management,Jedox,Jedox,ALTERNATIVE_PRODUCT_PATTERN,Enterprise performance planning / reporting / consolidation / analytics,Oracle EPM; Workday Adaptive Planning,Use as alternative EPM evidence; preserve material semantic differences without vendor-specific architecture.,ARCHITECTURE_PATTERN_COVERED,2026-09-21
MTR-0029,F04,Corporate Development & M&A,Datasite,Datasite,DEEP_VERIFIED_ANCHOR,Representative deep benchmark for this function.,Datasite,Use as canonical market anchor to expose operative semantics and derive NuBlox requirements.,DEEP_VERIFIED,2026-09-21
MTR-0030,F04,Corporate Development & M&A,Intralinks,Intralinks,ALTERNATIVE_PRODUCT_PATTERN,M&A virtual data room / due diligence / secure deal execution,Datasite,Use as alternative due-diligence/VDR evidence.,ARCHITECTURE_PATTERN_COVERED,2026-09-21
MTR-0031,F04,Corporate Development & M&A,Midaxo,Midaxo,DEEP_VERIFIED_ANCHOR,Representative deep benchmark for this function.,Midaxo,Use as canonical market anchor to expose operative semantics and derive NuBlox requirements.,DEEP_VERIFIED,2026-09-21
MTR-0032,F04,Corporate Development & M&A,DealRoom,DealRoom,ALTERNATIVE_PRODUCT_PATTERN,M&A virtual data room / due diligence / secure deal execution,Datasite,Use as alternative due-diligence/VDR evidence.,ARCHITECTURE_PATTERN_COVERED,2026-09-21
MTR-0033,F04,Corporate Development & M&A,Ansarada,Ansarada,ALTERNATIVE_PRODUCT_PATTERN,M&A virtual data room / due diligence / secure deal execution,Datasite,Use as alternative due-diligence/VDR evidence.,ARCHITECTURE_PATTERN_COVERED,2026-09-21
MTR-0034,F04,Corporate Development & M&A,DealCloud,DealCloud,ALTERNATIVE_PRODUCT_PATTERN,M&A opportunity pipeline / deal CRM / relationship intelligence,Midaxo,Use as alternative corporate-development pipeline evidence.,ARCHITECTURE_PATTERN_COVERED,2026-09-21
MTR-0035,F04,Corporate Development & M&A,FirmRoom,FirmRoom,ALTERNATIVE_PRODUCT_PATTERN,M&A virtual data room / due diligence / secure deal execution,Datasite,Use as alternative due-diligence/VDR evidence.,ARCHITECTURE_PATTERN_COVERED,2026-09-21
MTR-0036,F04,Corporate Development & M&A,SS&C Intralinks DealCentre AI,Intralinks,ALTERNATIVE_PRODUCT_PATTERN,M&A virtual data room / due diligence / secure deal execution,Datasite,Use as alternative due-diligence/VDR evidence.,ARCHITECTURE_PATTERN_COVERED,2026-09-21
MTR-0037,F05,"Product, Service & Innovation Management",PTC Windchill,PTC,DEEP_VERIFIED_ANCHOR,Representative deep benchmark for this function.,PTC Windchill,Use as canonical market anchor to expose operative semantics and derive NuBlox requirements.,DEEP_VERIFIED,2026-09-21
MTR-0038,F05,"Product, Service & Innovation Management",Siemens Teamcenter,Siemens,ALTERNATIVE_PRODUCT_PATTERN,PLM / product data / BOM / change / configuration / lifecycle,PTC Windchill,Use as alternative PLM evidence; do not mirror vendor object models.,ARCHITECTURE_PATTERN_COVERED,2026-09-21
MTR-0039,F05,"Product, Service & Innovation Management",Dassault Systèmes ENOVIA / 3DEXPERIENCE,Dassault Systèmes,ALTERNATIVE_PRODUCT_PATTERN,PLM / product data / BOM / change / configuration / lifecycle,PTC Windchill,Use as alternative PLM evidence; do not mirror vendor object models.,ARCHITECTURE_PATTERN_COVERED,2026-09-21
MTR-0040,F05,"Product, Service & Innovation Management",Aras Innovator,Aras,ALTERNATIVE_PRODUCT_PATTERN,PLM / product data / BOM / change / configuration / lifecycle,PTC Windchill,Use as alternative PLM evidence; do not mirror vendor object models.,ARCHITECTURE_PATTERN_COVERED,2026-09-21
MTR-0041,F05,"Product, Service & Innovation Management",Autodesk Fusion Manage,Autodesk,ALTERNATIVE_PRODUCT_PATTERN,PLM / product data / BOM / change / configuration / lifecycle,PTC Windchill,Use as alternative PLM evidence; do not mirror vendor object models.,ARCHITECTURE_PATTERN_COVERED,2026-09-21
MTR-0042,F05,"Product, Service & Innovation Management",Oracle Fusion Cloud PLM,Oracle,ALTERNATIVE_PRODUCT_PATTERN,PLM / product data / BOM / change / configuration / lifecycle,PTC Windchill,Use as alternative PLM evidence; do not mirror vendor object models.,ARCHITECTURE_PATTERN_COVERED,2026-09-21
MTR-0043,F05,"Product, Service & Innovation Management",SAP Integrated Product Development,SAP,ALTERNATIVE_PRODUCT_PATTERN,PLM / product data / BOM / change / configuration / lifecycle,PTC Windchill,Use as alternative PLM evidence; do not mirror vendor object models.,ARCHITECTURE_PATTERN_COVERED,2026-09-21
MTR-0044,F05,"Product, Service & Innovation Management",Aha!,Aha!,DEEP_VERIFIED_ANCHOR,Representative deep benchmark for this function.,Aha!,Use as canonical market anchor to expose operative semantics and derive NuBlox requirements.,DEEP_VERIFIED,2026-09-21
MTR-0045,F05,"Product, Service & Innovation Management",Productboard,Productboard,ALTERNATIVE_PRODUCT_PATTERN,Product discovery / feedback / prioritization / roadmap,Aha!; Jira Product Discovery,Use as alternative product-management evidence.,ARCHITECTURE_PATTERN_COVERED,2026-09-21
MTR-0046,F05,"Product, Service & Innovation Management",Jira Product Discovery,Atlassian,DEEP_VERIFIED_ANCHOR,Representative deep benchmark for this function.,Jira Product Discovery,Use as canonical market anchor to expose operative semantics and derive NuBlox requirements.,DEEP_VERIFIED,2026-09-21
MTR-0047,F06,Marketing & Brand,Salesforce Marketing Cloud,Salesforce,DEEP_VERIFIED_ANCHOR,Representative deep benchmark for this function.,Salesforce Marketing Cloud,Use as canonical market anchor to expose operative semantics and derive NuBlox requirements.,DEEP_VERIFIED,2026-09-21
MTR-0048,F06,Marketing & Brand,Adobe Experience Cloud / Marketo Engage,Adobe,DEEP_VERIFIED_ANCHOR,Representative deep benchmark for this function.,Adobe Experience Cloud / Marketo Engage,Use as canonical market anchor to expose operative semantics and derive NuBlox requirements.,DEEP_VERIFIED,2026-09-21
MTR-0049,F06,Marketing & Brand,HubSpot Marketing Hub,HubSpot,ALTERNATIVE_PRODUCT_PATTERN,Marketing automation / lead generation / campaign orchestration,Adobe Experience Cloud / Marketo Engage; Salesforce Marketing Cloud,Use as alternative/equivalence evidence; preserve material semantic differences without creating vendor-specific architecture.,ARCHITECTURE_PATTERN_COVERED,2026-09-21
MTR-0050,F06,Marketing & Brand,Sprinklr,Sprinklr,DEEP_VERIFIED_ANCHOR,Representative deep benchmark for this function.,Sprinklr,Use as canonical market anchor to expose operative semantics and derive NuBlox requirements.,DEEP_VERIFIED,2026-09-21
MTR-0051,F06,Marketing & Brand,Hootsuite,Hootsuite,ALTERNATIVE_PRODUCT_PATTERN,Enterprise social publishing / engagement / monitoring,Sprinklr,Use as alternative/equivalence evidence; preserve material semantic differences without creating vendor-specific architecture.,ARCHITECTURE_PATTERN_COVERED,2026-09-21
MTR-0052,F06,Marketing & Brand,Sprout Social,Sprout Social,ALTERNATIVE_PRODUCT_PATTERN,Enterprise social publishing / engagement / monitoring,Sprinklr,Use as alternative/equivalence evidence; preserve material semantic differences without creating vendor-specific architecture.,ARCHITECTURE_PATTERN_COVERED,2026-09-21
MTR-0053,F06,Marketing & Brand,Semrush,Semrush,DEEP_VERIFIED_ANCHOR,Representative deep benchmark for this function.,Semrush,Use as canonical market anchor to expose operative semantics and derive NuBlox requirements.,DEEP_VERIFIED,2026-09-21
MTR-0054,F06,Marketing & Brand,Brandwatch,Brandwatch,ALTERNATIVE_PRODUCT_PATTERN,Social listening / consumer intelligence / brand monitoring,Sprinklr,Use as alternative/equivalence evidence; preserve material semantic differences without creating vendor-specific architecture.,ARCHITECTURE_PATTERN_COVERED,2026-09-21
MTR-0055,F06,Marketing & Brand,Mailchimp,Mailchimp,ALTERNATIVE_PRODUCT_PATTERN,Email marketing / campaign automation / audience management,Salesforce Marketing Cloud; Adobe Experience Cloud / Marketo Engage,Use as alternative/equivalence evidence; preserve material semantic differences without creating vendor-specific architecture.,ARCHITECTURE_PATTERN_COVERED,2026-09-21
MTR-0056,F06,Marketing & Brand,Canva,Canva,DEEP_VERIFIED_ANCHOR,Representative deep benchmark for this function.,Canva,Use as canonical market anchor to expose operative semantics and derive NuBlox requirements.,DEEP_VERIFIED,2026-09-21
MTR-0057,F07,Sales & Commercial Management,Salesforce Sales Cloud,Salesforce,DEEP_VERIFIED_ANCHOR,Representative deep benchmark for this function.,Salesforce Sales Cloud,Use as canonical market anchor to expose operative semantics and derive NuBlox requirements.,DEEP_VERIFIED,2026-09-21
MTR-0058,F07,Sales & Commercial Management,Microsoft Dynamics 365 Sales,Microsoft,DEEP_VERIFIED_ANCHOR,Representative deep benchmark for this function.,Microsoft Dynamics 365 Sales,Use as canonical market anchor to expose operative semantics and derive NuBlox requirements.,DEEP_VERIFIED,2026-09-21
MTR-0059,F07,Sales & Commercial Management,HubSpot Sales Hub,HubSpot,ALTERNATIVE_PRODUCT_PATTERN,CRM lead / account / opportunity / pipeline / sales activity,Salesforce Sales Cloud; Microsoft Dynamics 365 Sales,Use as alternative/equivalence evidence; preserve material semantic differences without creating vendor-specific architecture.,ARCHITECTURE_PATTERN_COVERED,2026-09-21
MTR-0060,F07,Sales & Commercial Management,SAP Sales Cloud,SAP,ALTERNATIVE_PRODUCT_PATTERN,CRM lead / account / opportunity / pipeline / sales activity,Salesforce Sales Cloud; Microsoft Dynamics 365 Sales,Use as alternative/equivalence evidence; preserve material semantic differences without creating vendor-specific architecture.,ARCHITECTURE_PATTERN_COVERED,2026-09-21
MTR-0061,F07,Sales & Commercial Management,Oracle Sales,Oracle,ALTERNATIVE_PRODUCT_PATTERN,CRM lead / account / opportunity / pipeline / sales activity,Salesforce Sales Cloud; Microsoft Dynamics 365 Sales,Use as alternative/equivalence evidence; preserve material semantic differences without creating vendor-specific architecture.,ARCHITECTURE_PATTERN_COVERED,2026-09-21
MTR-0062,F07,Sales & Commercial Management,Zoho CRM,Zoho,ALTERNATIVE_PRODUCT_PATTERN,CRM lead / account / opportunity / pipeline / sales activity,Salesforce Sales Cloud; Microsoft Dynamics 365 Sales,Use as alternative/equivalence evidence; preserve material semantic differences without creating vendor-specific architecture.,ARCHITECTURE_PATTERN_COVERED,2026-09-21
MTR-0063,F07,Sales & Commercial Management,Pipedrive,Pipedrive,ALTERNATIVE_PRODUCT_PATTERN,CRM opportunity / pipeline / activity management,Salesforce Sales Cloud; Microsoft Dynamics 365 Sales,Use as alternative/equivalence evidence; preserve material semantic differences without creating vendor-specific architecture.,ARCHITECTURE_PATTERN_COVERED,2026-09-21
MTR-0064,F07,Sales & Commercial Management,Procore Preconstruction,Procore,ALTERNATIVE_PRODUCT_PATTERN,Construction preconstruction / bid management / tender pipeline,Autodesk BuildingConnected,Use as alternative/equivalence evidence; preserve material semantic differences without creating vendor-specific architecture.,ARCHITECTURE_PATTERN_COVERED,2026-09-21
MTR-0065,F07,Sales & Commercial Management,Autodesk BuildingConnected,Autodesk,DEEP_VERIFIED_ANCHOR,Representative deep benchmark for this function.,Autodesk BuildingConnected,Use as canonical market anchor to expose operative semantics and derive NuBlox requirements.,DEEP_VERIFIED,2026-09-21
MTR-0066,F07,Sales & Commercial Management,RIB bid / estimating products,RIB,ALTERNATIVE_PRODUCT_PATTERN,Construction estimating / tender / bid management,Autodesk BuildingConnected; RIB CostX; RIB Candy,Use as alternative/equivalence evidence; preserve material semantic differences without creating vendor-specific architecture.,ARCHITECTURE_PATTERN_COVERED,2026-09-21
MTR-0067,F08,"Customer Service, Experience & Success",Salesforce Service Cloud,Salesforce,DEEP_VERIFIED_ANCHOR,Representative deep benchmark for this function.,Salesforce Service Cloud,Use as canonical market anchor to expose operative semantics and derive NuBlox requirements.,DEEP_VERIFIED,2026-09-21
MTR-0068,F08,"Customer Service, Experience & Success",Microsoft Dynamics 365 Customer Service,Microsoft,ALTERNATIVE_PRODUCT_PATTERN,Customer case / omnichannel / knowledge / SLA service management,Salesforce Service Cloud; ServiceNow Customer Service Management,Use as alternative/equivalence evidence; preserve material semantic differences without creating vendor-specific architecture.,ARCHITECTURE_PATTERN_COVERED,2026-09-21
MTR-0069,F08,"Customer Service, Experience & Success",ServiceNow Customer Service Management,ServiceNow,DEEP_VERIFIED_ANCHOR,Representative deep benchmark for this function.,ServiceNow Customer Service Management,Use as canonical market anchor to expose operative semantics and derive NuBlox requirements.,DEEP_VERIFIED,2026-09-21
MTR-0070,F08,"Customer Service, Experience & Success",Zendesk,Zendesk,ALTERNATIVE_PRODUCT_PATTERN,Customer case / omnichannel / knowledge service management,Salesforce Service Cloud; ServiceNow Customer Service Management,Use as alternative/equivalence evidence; preserve material semantic differences without creating vendor-specific architecture.,ARCHITECTURE_PATTERN_COVERED,2026-09-21
MTR-0071,F08,"Customer Service, Experience & Success",Freshworks,Freshworks,ALTERNATIVE_PRODUCT_PATTERN,Customer case / omnichannel / knowledge service management,Salesforce Service Cloud; ServiceNow Customer Service Management,Use as alternative/equivalence evidence; preserve material semantic differences without creating vendor-specific architecture.,ARCHITECTURE_PATTERN_COVERED,2026-09-21
MTR-0072,F08,"Customer Service, Experience & Success",Intercom,Intercom,ALTERNATIVE_PRODUCT_PATTERN,Digital customer messaging / support / self-service,Salesforce Service Cloud; Genesys Cloud CX,Use as alternative/equivalence evidence; preserve material semantic differences without creating vendor-specific architecture.,ARCHITECTURE_PATTERN_COVERED,2026-09-21
MTR-0073,F08,"Customer Service, Experience & Success",Genesys Cloud CX,Genesys,DEEP_VERIFIED_ANCHOR,Representative deep benchmark for this function.,Genesys Cloud CX,Use as canonical market anchor to expose operative semantics and derive NuBlox requirements.,DEEP_VERIFIED,2026-09-21
MTR-0074,F08,"Customer Service, Experience & Success",NICE CXone,NICE,ALTERNATIVE_PRODUCT_PATTERN,Cloud contact centre / routing / workforce / quality management,Genesys Cloud CX,Use as alternative/equivalence evidence; preserve material semantic differences without creating vendor-specific architecture.,ARCHITECTURE_PATTERN_COVERED,2026-09-21
MTR-0075,F08,"Customer Service, Experience & Success",SAP Service Cloud,SAP,ALTERNATIVE_PRODUCT_PATTERN,Customer case / service / omnichannel management,Salesforce Service Cloud; ServiceNow Customer Service Management,Use as alternative/equivalence evidence; preserve material semantic differences without creating vendor-specific architecture.,ARCHITECTURE_PATTERN_COVERED,2026-09-21
MTR-0076,F08,"Customer Service, Experience & Success",Oracle B2B Service,Oracle,ALTERNATIVE_PRODUCT_PATTERN,Customer case / service / knowledge / entitlement management,Salesforce Service Cloud; ServiceNow Customer Service Management,Use as alternative/equivalence evidence; preserve material semantic differences without creating vendor-specific architecture.,ARCHITECTURE_PATTERN_COVERED,2026-09-21
MTR-0077,F09,Procurement & Supplier Management,SAP Ariba,SAP,DEEP_VERIFIED_ANCHOR,Representative deep benchmark for this function.,SAP Ariba,Use as canonical market anchor to expose operative semantics and derive NuBlox requirements.,DEEP_VERIFIED,2026-09-21
MTR-0078,F09,Procurement & Supplier Management,Coupa,Coupa,DEEP_VERIFIED_ANCHOR,Representative deep benchmark for this function.,Coupa,Use as canonical market anchor to expose operative semantics and derive NuBlox requirements.,DEEP_VERIFIED,2026-09-21
MTR-0079,F09,Procurement & Supplier Management,Oracle Procurement,Oracle,ALTERNATIVE_PRODUCT_PATTERN,Source-to-pay / sourcing / purchasing / supplier management,SAP Ariba; Coupa,Use as alternative/equivalence evidence; preserve material semantic differences without creating vendor-specific architecture.,ARCHITECTURE_PATTERN_COVERED,2026-09-21
MTR-0080,F09,Procurement & Supplier Management,Ivalua,Ivalua,ALTERNATIVE_PRODUCT_PATTERN,Source-to-pay / sourcing / purchasing / supplier management,SAP Ariba; Coupa,Use as alternative/equivalence evidence; preserve material semantic differences without creating vendor-specific architecture.,ARCHITECTURE_PATTERN_COVERED,2026-09-21
MTR-0081,F09,Procurement & Supplier Management,JAGGAER,JAGGAER,ALTERNATIVE_PRODUCT_PATTERN,Source-to-pay / sourcing / purchasing / supplier management,SAP Ariba; Coupa,Use as alternative/equivalence evidence; preserve material semantic differences without creating vendor-specific architecture.,ARCHITECTURE_PATTERN_COVERED,2026-09-21
MTR-0082,F09,Procurement & Supplier Management,GEP SMART,GEP,ALTERNATIVE_PRODUCT_PATTERN,Source-to-pay / sourcing / purchasing / supplier management,SAP Ariba; Coupa,Use as alternative/equivalence evidence; preserve material semantic differences without creating vendor-specific architecture.,ARCHITECTURE_PATTERN_COVERED,2026-09-21
MTR-0083,F09,Procurement & Supplier Management,Proactis,Proactis,ALTERNATIVE_PRODUCT_PATTERN,Source-to-pay / sourcing / purchasing / supplier management,SAP Ariba; Coupa,Use as alternative/equivalence evidence; preserve material semantic differences without creating vendor-specific architecture.,ARCHITECTURE_PATTERN_COVERED,2026-09-21
MTR-0084,F09,Procurement & Supplier Management,Zycus,Zycus,ALTERNATIVE_PRODUCT_PATTERN,Source-to-pay / sourcing / purchasing / supplier management,SAP Ariba; Coupa,Use as alternative/equivalence evidence; preserve material semantic differences without creating vendor-specific architecture.,ARCHITECTURE_PATTERN_COVERED,2026-09-21
MTR-0085,F09,Procurement & Supplier Management,Basware,Basware,ALTERNATIVE_PRODUCT_PATTERN,Purchase-to-pay / invoicing / supplier transaction management,Coupa; SAP Ariba,Use as alternative/equivalence evidence; preserve material semantic differences without creating vendor-specific architecture.,ARCHITECTURE_PATTERN_COVERED,2026-09-21
MTR-0086,F09,Procurement & Supplier Management,Autodesk BuildingConnected,Autodesk,DEEP_VERIFIED_ANCHOR,Representative deep benchmark for this function.,Autodesk BuildingConnected,Use as canonical market anchor to expose operative semantics and derive NuBlox requirements.,DEEP_VERIFIED,2026-09-21
MTR-0087,F10,"Demand, Supply Chain & Logistics",SAP Integrated Business Planning / EWM / TM,SAP,DEEP_VERIFIED_ANCHOR,Representative deep benchmark for this function.,SAP Integrated Business Planning / EWM / TM,Use as canonical market anchor to expose operative semantics and derive NuBlox requirements.,DEEP_VERIFIED,2026-09-21
MTR-0088,F10,"Demand, Supply Chain & Logistics",Oracle SCM,Oracle,ALTERNATIVE_PRODUCT_PATTERN,Demand / supply / inventory / warehouse / transport supply-chain management,SAP Integrated Business Planning / EWM / TM; Kinaxis RapidResponse / Maestro,Use as alternative/equivalence evidence; preserve material semantic differences without creating vendor-specific architecture.,ARCHITECTURE_PATTERN_COVERED,2026-09-21
MTR-0089,F10,"Demand, Supply Chain & Logistics",Microsoft Dynamics 365 Supply Chain Management,Microsoft,ALTERNATIVE_PRODUCT_PATTERN,Demand / supply / inventory / warehouse / transport supply-chain management,SAP Integrated Business Planning / EWM / TM; Kinaxis RapidResponse / Maestro,Use as alternative/equivalence evidence; preserve material semantic differences without creating vendor-specific architecture.,ARCHITECTURE_PATTERN_COVERED,2026-09-21
MTR-0090,F10,"Demand, Supply Chain & Logistics",Blue Yonder,Blue Yonder,ALTERNATIVE_PRODUCT_PATTERN,Supply-chain planning / warehouse / fulfillment / transport,SAP Integrated Business Planning / EWM / TM; Kinaxis RapidResponse / Maestro,Use as alternative/equivalence evidence; preserve material semantic differences without creating vendor-specific architecture.,ARCHITECTURE_PATTERN_COVERED,2026-09-21
MTR-0091,F10,"Demand, Supply Chain & Logistics",Kinaxis RapidResponse / Maestro,Kinaxis,DEEP_VERIFIED_ANCHOR,Representative deep benchmark for this function.,Kinaxis RapidResponse / Maestro,Use as canonical market anchor to expose operative semantics and derive NuBlox requirements.,DEEP_VERIFIED,2026-09-21
MTR-0092,F10,"Demand, Supply Chain & Logistics",Manhattan Associates,Manhattan Associates,ALTERNATIVE_PRODUCT_PATTERN,Warehouse / inventory / fulfillment / transportation,SAP Integrated Business Planning / EWM / TM,Use as alternative/equivalence evidence; preserve material semantic differences without creating vendor-specific architecture.,ARCHITECTURE_PATTERN_COVERED,2026-09-21
MTR-0093,F10,"Demand, Supply Chain & Logistics",Infor Supply Chain,Infor,ALTERNATIVE_PRODUCT_PATTERN,Supply-chain planning / warehouse / logistics,SAP Integrated Business Planning / EWM / TM; Kinaxis RapidResponse / Maestro,Use as alternative/equivalence evidence; preserve material semantic differences without creating vendor-specific architecture.,ARCHITECTURE_PATTERN_COVERED,2026-09-21
MTR-0094,F10,"Demand, Supply Chain & Logistics",Körber,Körber,ALTERNATIVE_PRODUCT_PATTERN,Warehouse / logistics execution,SAP Integrated Business Planning / EWM / TM,Use as alternative/equivalence evidence; preserve material semantic differences without creating vendor-specific architecture.,ARCHITECTURE_PATTERN_COVERED,2026-09-21
MTR-0095,F10,"Demand, Supply Chain & Logistics",Descartes,Descartes,ALTERNATIVE_PRODUCT_PATTERN,Transportation / logistics / distribution / trade execution,SAP Integrated Business Planning / EWM / TM,Use as alternative/equivalence evidence; preserve material semantic differences without creating vendor-specific architecture.,ARCHITECTURE_PATTERN_COVERED,2026-09-21
MTR-0096,F10,"Demand, Supply Chain & Logistics",e2open,e2open,ALTERNATIVE_PRODUCT_PATTERN,Supply-chain planning / network / logistics / order orchestration,SAP Integrated Business Planning / EWM / TM; Kinaxis RapidResponse / Maestro,Use as alternative/equivalence evidence; preserve material semantic differences without creating vendor-specific architecture.,ARCHITECTURE_PATTERN_COVERED,2026-09-21
MTR-0097,F11,Manufacturing / Production Operations,SAP Digital Manufacturing,SAP,DEEP_VERIFIED_ANCHOR,Representative deep benchmark for this function.,SAP Digital Manufacturing,Use as canonical market anchor to expose operative semantics and derive NuBlox requirements.,DEEP_VERIFIED,2026-09-21
MTR-0098,F11,Manufacturing / Production Operations,Siemens Opcenter,Siemens,DEEP_VERIFIED_ANCHOR,Representative deep benchmark for this function.,Siemens Opcenter,Use as canonical market anchor to expose operative semantics and derive NuBlox requirements.,DEEP_VERIFIED,2026-09-21
MTR-0099,F11,Manufacturing / Production Operations,Oracle Manufacturing,Oracle,ALTERNATIVE_PRODUCT_PATTERN,Manufacturing execution / production / material / resource control,SAP Digital Manufacturing; Siemens Opcenter,Use as alternative/equivalence evidence; preserve material semantic differences without creating vendor-specific architecture.,ARCHITECTURE_PATTERN_COVERED,2026-09-21
MTR-0100,F11,Manufacturing / Production Operations,Microsoft Dynamics 365 Supply Chain Management,Microsoft,ALTERNATIVE_PRODUCT_PATTERN,Manufacturing execution / production / material / resource control,SAP Digital Manufacturing; Siemens Opcenter,Use as alternative/equivalence evidence; preserve material semantic differences without creating vendor-specific architecture.,ARCHITECTURE_PATTERN_COVERED,2026-09-21
MTR-0101,F11,Manufacturing / Production Operations,Dassault Systèmes DELMIA,Dassault Systèmes,ALTERNATIVE_PRODUCT_PATTERN,Manufacturing operations / execution / work instructions / traceability,Siemens Opcenter; Tulip,Use as alternative/equivalence evidence; preserve material semantic differences without creating vendor-specific architecture.,ARCHITECTURE_PATTERN_COVERED,2026-09-21
MTR-0102,F11,Manufacturing / Production Operations,Rockwell Automation Plex / FactoryTalk,Rockwell Automation,ALTERNATIVE_PRODUCT_PATTERN,MES / connected manufacturing / production execution,SAP Digital Manufacturing; Siemens Opcenter; Tulip,Use as alternative/equivalence evidence; preserve material semantic differences without creating vendor-specific architecture.,ARCHITECTURE_PATTERN_COVERED,2026-09-21
MTR-0103,F11,Manufacturing / Production Operations,Epicor,Epicor,ALTERNATIVE_PRODUCT_PATTERN,ERP-connected manufacturing / production / material / costing operations,SAP Digital Manufacturing; Siemens Opcenter,Use as alternative/equivalence evidence; preserve material semantic differences without creating vendor-specific architecture.,ARCHITECTURE_PATTERN_COVERED,2026-09-21
MTR-0104,F11,Manufacturing / Production Operations,Infor,Infor,ALTERNATIVE_PRODUCT_PATTERN,ERP-connected manufacturing / production / material / scheduling operations,SAP Digital Manufacturing; Siemens Opcenter,Use as alternative/equivalence evidence; preserve material semantic differences without creating vendor-specific architecture.,ARCHITECTURE_PATTERN_COVERED,2026-09-21
MTR-0105,F11,Manufacturing / Production Operations,Tulip,Tulip,DEEP_VERIFIED_ANCHOR,Representative deep benchmark for this function.,Tulip,Use as canonical market anchor to expose operative semantics and derive NuBlox requirements.,DEEP_VERIFIED,2026-09-21
MTR-0106,F11,Manufacturing / Production Operations,Tekla PowerFab,Trimble,ALTERNATIVE_PRODUCT_PATTERN,Steel-fabrication estimating / production control / inventory / purchasing / shipping,Siemens Opcenter; Tulip; existing CBE Tekla PowerFab deep benchmark,Use as alternative/equivalence evidence; preserve material semantic differences without creating vendor-specific architecture.,ARCHITECTURE_PATTERN_COVERED,2026-09-21
MTR-0107,F12,Service Delivery & Field Operations,IFS Cloud,IFS,ALTERNATIVE_PRODUCT_PATTERN,Enterprise field service / scheduling / mobile execution / asset-service operations,Salesforce Field Service; ServiceNow Field Service Management,Use as alternative/equivalence evidence; preserve material semantic differences without creating vendor-specific architecture.,ARCHITECTURE_PATTERN_COVERED,2026-09-21
MTR-0108,F12,Service Delivery & Field Operations,Salesforce Field Service,Salesforce,DEEP_VERIFIED_ANCHOR,Representative deep benchmark for this function.,Salesforce Field Service,Use as canonical market anchor to expose operative semantics and derive NuBlox requirements.,DEEP_VERIFIED,2026-09-21
MTR-0109,F12,Service Delivery & Field Operations,Microsoft Dynamics 365 Field Service,Microsoft,ALTERNATIVE_PRODUCT_PATTERN,Work orders / scheduling / dispatch / mobile / assets / inventory,Salesforce Field Service; ServiceNow Field Service Management,Use as alternative/equivalence evidence; preserve material semantic differences without creating vendor-specific architecture.,ARCHITECTURE_PATTERN_COVERED,2026-09-21
MTR-0110,F12,Service Delivery & Field Operations,ServiceNow Field Service Management,ServiceNow,DEEP_VERIFIED_ANCHOR,Representative deep benchmark for this function.,ServiceNow Field Service Management,Use as canonical market anchor to expose operative semantics and derive NuBlox requirements.,DEEP_VERIFIED,2026-09-21
MTR-0111,F12,Service Delivery & Field Operations,Oracle Field Service,Oracle,ALTERNATIVE_PRODUCT_PATTERN,Field-service scheduling / dispatch / mobile workforce execution,Salesforce Field Service; ServiceNow Field Service Management,Use as alternative/equivalence evidence; preserve material semantic differences without creating vendor-specific architecture.,ARCHITECTURE_PATTERN_COVERED,2026-09-21
MTR-0112,F12,Service Delivery & Field Operations,PTC ServiceMax,PTC,ALTERNATIVE_PRODUCT_PATTERN,Asset-centric field service / work orders / mobile / installed-product service,Salesforce Field Service; ServiceNow Field Service Management,Use as alternative/equivalence evidence; preserve material semantic differences without creating vendor-specific architecture.,ARCHITECTURE_PATTERN_COVERED,2026-09-21
MTR-0113,F12,Service Delivery & Field Operations,IBM Maximo,IBM,ALTERNATIVE_PRODUCT_PATTERN,Asset-centric maintenance / work orders / field execution,ServiceNow Field Service Management; existing CBE IBM Maximo deep benchmark,Use as alternative/equivalence evidence; preserve material semantic differences without creating vendor-specific architecture.,ARCHITECTURE_PATTERN_COVERED,2026-09-21
MTR-0114,F12,Service Delivery & Field Operations,SAP Field Service Management,SAP,ALTERNATIVE_PRODUCT_PATTERN,Field-service scheduling / dispatch / mobile execution,Salesforce Field Service; ServiceNow Field Service Management; existing CBE SAP FSM deep benchmark,Use as alternative/equivalence evidence; preserve material semantic differences without creating vendor-specific architecture.,ARCHITECTURE_PATTERN_COVERED,2026-09-21
MTR-0115,F12,Service Delivery & Field Operations,Skedulo,Skedulo,ALTERNATIVE_PRODUCT_PATTERN,Mobile workforce scheduling / dispatch / field execution,Salesforce Field Service; ServiceNow Field Service Management,Use as alternative/equivalence evidence; preserve material semantic differences without creating vendor-specific architecture.,ARCHITECTURE_PATTERN_COVERED,2026-09-21
MTR-0116,F12,Service Delivery & Field Operations,Simpro,Simpro,ALTERNATIVE_PRODUCT_PATTERN,Trade field-service / quote-to-job / scheduling / mobile / invoice,Salesforce Field Service; existing CBE simPRO deep benchmark,Use as alternative/equivalence evidence; preserve material semantic differences without creating vendor-specific architecture.,ARCHITECTURE_PATTERN_COVERED,2026-09-21
MTR-0117,F13,Quality Management,ETQ Reliance,ETQ,DEEP_VERIFIED_ANCHOR,Representative deep benchmark for this function.,ETQ Reliance,Use as canonical market anchor to expose operative semantics and derive NuBlox requirements.,DEEP_VERIFIED,2026-09-21
MTR-0118,F13,Quality Management,MasterControl,MasterControl,DEEP_VERIFIED_ANCHOR,Representative deep benchmark for this function.,MasterControl,Use as canonical market anchor to expose operative semantics and derive NuBlox requirements.,DEEP_VERIFIED,2026-09-21
MTR-0119,F13,Quality Management,Ideagen Quality Management,Ideagen,ALTERNATIVE_PRODUCT_PATTERN,Enterprise QMS / documents / audits / CAPA / risk / supplier quality,ETQ Reliance; MasterControl,Use as alternative/equivalence evidence; preserve material semantic differences without creating vendor-specific architecture.,ARCHITECTURE_PATTERN_COVERED,2026-09-21
MTR-0120,F13,Quality Management,Intelex Quality Management,Intelex,ALTERNATIVE_PRODUCT_PATTERN,Enterprise QMS / quality events / audits / CAPA / supplier quality,ETQ Reliance; MasterControl,Use as alternative/equivalence evidence; preserve material semantic differences without creating vendor-specific architecture.,ARCHITECTURE_PATTERN_COVERED,2026-09-21
MTR-0121,F13,Quality Management,TrackWise Digital,Honeywell,ALTERNATIVE_PRODUCT_PATTERN,Regulated enterprise eQMS / quality events / CAPA / audit / document control,ETQ Reliance; MasterControl,Use as alternative/equivalence evidence; preserve material semantic differences without creating vendor-specific architecture.,ARCHITECTURE_PATTERN_COVERED,2026-09-21
MTR-0122,F13,Quality Management,SAP Quality Management,SAP,ALTERNATIVE_PRODUCT_PATTERN,ERP-integrated inspections / quality lots / nonconformance / quality control,ETQ Reliance; SAP Digital Manufacturing,Use as alternative/equivalence evidence; preserve material semantic differences without creating vendor-specific architecture.,ARCHITECTURE_PATTERN_COVERED,2026-09-21
MTR-0123,F13,Quality Management,Oracle Quality Management,Oracle,ALTERNATIVE_PRODUCT_PATTERN,ERP/SCM-integrated quality inspection / issue / action control,ETQ Reliance; MasterControl,Use as alternative/equivalence evidence; preserve material semantic differences without creating vendor-specific architecture.,ARCHITECTURE_PATTERN_COVERED,2026-09-21
MTR-0124,F13,Quality Management,Siemens Teamcenter Quality,Siemens,ALTERNATIVE_PRODUCT_PATTERN,PLM-integrated quality planning / issue / compliance control,ETQ Reliance; MasterControl,Use as alternative/equivalence evidence; preserve material semantic differences without creating vendor-specific architecture.,ARCHITECTURE_PATTERN_COVERED,2026-09-21
MTR-0125,F13,Quality Management,Procore Quality & Safety,Procore,ALTERNATIVE_PRODUCT_PATTERN,Construction field inspections / observations / quality actions,ETQ Reliance; existing CBE Procore deep benchmark,Use as alternative/equivalence evidence; preserve material semantic differences without creating vendor-specific architecture.,ARCHITECTURE_PATTERN_COVERED,2026-09-21
MTR-0126,F13,Quality Management,Autodesk Build,Autodesk,ALTERNATIVE_PRODUCT_PATTERN,Construction forms / issues / inspections / field quality evidence,ETQ Reliance; existing CBE Autodesk Build deep benchmark,Use as alternative/equivalence evidence; preserve material semantic differences without creating vendor-specific architecture.,ARCHITECTURE_PATTERN_COVERED,2026-09-21
MTR-0127,F13,Quality Management,Trimble Field View,Trimble,ALTERNATIVE_PRODUCT_PATTERN,Construction field quality / inspection / snagging evidence,ETQ Reliance; existing CBE field-quality patterns,Use as alternative/equivalence evidence; preserve material semantic differences without creating vendor-specific architecture.,ARCHITECTURE_PATTERN_COVERED,2026-09-21
MTR-0128,F13,Quality Management,Dalux Field,Dalux,ALTERNATIVE_PRODUCT_PATTERN,Construction field quality / checklists / tasks / BIM-linked inspection,ETQ Reliance; existing CBE Dalux Field deep benchmark,Use as alternative/equivalence evidence; preserve material semantic differences without creating vendor-specific architecture.,ARCHITECTURE_PATTERN_COVERED,2026-09-21
MTR-0129,F14,"Finance, Accounting, Treasury & Tax",SAP Cloud ERP,SAP,ALTERNATIVE_PRODUCT_PATTERN,Core financial accounting / AP / AR / assets / cash / tax / close,Oracle Fusion Cloud Financials,Use as alternative/equivalence evidence; preserve material semantic differences without creating vendor-specific architecture.,ARCHITECTURE_PATTERN_COVERED,2026-09-21
MTR-0130,F14,"Finance, Accounting, Treasury & Tax",Oracle Fusion Cloud Financials,Oracle,DEEP_VERIFIED_ANCHOR,Representative deep benchmark for this function.,Oracle Fusion Cloud Financials,Use as canonical market anchor to expose operative semantics and derive NuBlox requirements.,DEEP_VERIFIED,2026-09-21
MTR-0131,F14,"Finance, Accounting, Treasury & Tax",Microsoft Dynamics 365 Finance,Microsoft,ALTERNATIVE_PRODUCT_PATTERN,Core financial accounting / AP / AR / assets / cash / tax / close,Oracle Fusion Cloud Financials,Use as alternative/equivalence evidence; preserve material semantic differences without creating vendor-specific architecture.,ARCHITECTURE_PATTERN_COVERED,2026-09-21
MTR-0132,F14,"Finance, Accounting, Treasury & Tax",Workday Financial Management,Workday,ALTERNATIVE_PRODUCT_PATTERN,Core financial accounting / AP / AR / assets / close / reporting,Oracle Fusion Cloud Financials,Use as alternative/equivalence evidence; preserve material semantic differences without creating vendor-specific architecture.,ARCHITECTURE_PATTERN_COVERED,2026-09-21
MTR-0133,F14,"Finance, Accounting, Treasury & Tax",Oracle NetSuite,Oracle,ALTERNATIVE_PRODUCT_PATTERN,Core cloud financial accounting / AP / AR / cash / assets / close,Oracle Fusion Cloud Financials,Use as alternative/equivalence evidence; preserve material semantic differences without creating vendor-specific architecture.,ARCHITECTURE_PATTERN_COVERED,2026-09-21
MTR-0134,F14,"Finance, Accounting, Treasury & Tax",Sage Intacct,Sage,ALTERNATIVE_PRODUCT_PATTERN,Core cloud financial accounting / AP / AR / cash / close,Oracle Fusion Cloud Financials,Use as alternative/equivalence evidence; preserve material semantic differences without creating vendor-specific architecture.,ARCHITECTURE_PATTERN_COVERED,2026-09-21
MTR-0135,F14,"Finance, Accounting, Treasury & Tax",Sage 200,Sage,ALTERNATIVE_PRODUCT_PATTERN,SME/mid-market financial accounting / AP / AR / stock-linked finance,Oracle Fusion Cloud Financials,Use as alternative/equivalence evidence; preserve material semantic differences without creating vendor-specific architecture.,ARCHITECTURE_PATTERN_COVERED,2026-09-21
MTR-0136,F14,"Finance, Accounting, Treasury & Tax",Xero,Xero,ALTERNATIVE_PRODUCT_PATTERN,SME cloud accounting / invoicing / bank reconciliation / expenses,Oracle Fusion Cloud Financials,Use as alternative/equivalence evidence; preserve material semantic differences without creating vendor-specific architecture.,ARCHITECTURE_PATTERN_COVERED,2026-09-21
MTR-0137,F14,"Finance, Accounting, Treasury & Tax",QuickBooks Online,Intuit,ALTERNATIVE_PRODUCT_PATTERN,SME cloud accounting / invoicing / expenses / bank reconciliation,Oracle Fusion Cloud Financials,Use as alternative/equivalence evidence; preserve material semantic differences without creating vendor-specific architecture.,ARCHITECTURE_PATTERN_COVERED,2026-09-21
MTR-0138,F14,"Finance, Accounting, Treasury & Tax",COINS,COINS,ALTERNATIVE_PRODUCT_PATTERN,Construction ERP / job-cost accounting / commercial and project finance,Trimble Viewpoint Vista,Use as alternative/equivalence evidence; preserve material semantic differences without creating vendor-specific architecture.,ARCHITECTURE_PATTERN_COVERED,2026-09-21
MTR-0139,F14,"Finance, Accounting, Treasury & Tax",Trimble Viewpoint Vista,Trimble,DEEP_VERIFIED_ANCHOR,Representative deep benchmark for this function.,Trimble Viewpoint Vista,Use as canonical market anchor to expose operative semantics and derive NuBlox requirements.,DEEP_VERIFIED,2026-09-21
MTR-0140,F14,"Finance, Accounting, Treasury & Tax",Trimble Spectrum,Trimble,ALTERNATIVE_PRODUCT_PATTERN,Construction ERP / job-cost accounting / project finance / payroll,Trimble Viewpoint Vista,Use as alternative/equivalence evidence; preserve material semantic differences without creating vendor-specific architecture.,ARCHITECTURE_PATTERN_COVERED,2026-09-21
MTR-0141,F14,"Finance, Accounting, Treasury & Tax",CMiC,CMiC,ALTERNATIVE_PRODUCT_PATTERN,Construction ERP / job costing / project accounting / commercial finance,Trimble Viewpoint Vista,Use as alternative/equivalence evidence; preserve material semantic differences without creating vendor-specific architecture.,ARCHITECTURE_PATTERN_COVERED,2026-09-21
MTR-0142,F14,"Finance, Accounting, Treasury & Tax",Kyriba,Kyriba,DEEP_VERIFIED_ANCHOR,Representative deep benchmark for this function.,Kyriba,Use as canonical market anchor to expose operative semantics and derive NuBlox requirements.,DEEP_VERIFIED,2026-09-21
MTR-0143,F14,"Finance, Accounting, Treasury & Tax",Avalara,Avalara,DEEP_VERIFIED_ANCHOR,Representative deep benchmark for this function.,Avalara,Use as canonical market anchor to expose operative semantics and derive NuBlox requirements.,DEEP_VERIFIED,2026-09-21
MTR-0144,F15,Human Resources / Human Capital,Workday HCM,Workday,DEEP_VERIFIED_ANCHOR,Representative deep benchmark for this function.,Workday HCM,Use as canonical market anchor to expose operative semantics and derive NuBlox requirements.,DEEP_VERIFIED,2026-09-21
MTR-0145,F15,Human Resources / Human Capital,SAP SuccessFactors,SAP,ALTERNATIVE_PRODUCT_PATTERN,Enterprise HCM / recruiting / talent / learning / core HR,Workday HCM,Use as alternative/equivalence evidence; preserve material semantic differences without creating vendor-specific architecture.,ARCHITECTURE_PATTERN_COVERED,2026-09-21
MTR-0146,F15,Human Resources / Human Capital,Oracle HCM Cloud,Oracle,ALTERNATIVE_PRODUCT_PATTERN,Enterprise HCM / recruiting / talent / learning / core HR,Workday HCM,Use as alternative/equivalence evidence; preserve material semantic differences without creating vendor-specific architecture.,ARCHITECTURE_PATTERN_COVERED,2026-09-21
MTR-0147,F15,Human Resources / Human Capital,UKG Pro,UKG,DEEP_VERIFIED_ANCHOR,Representative deep benchmark for this function.,UKG Pro,Use as canonical market anchor to expose operative semantics and derive NuBlox requirements.,DEEP_VERIFIED,2026-09-21
MTR-0148,F15,Human Resources / Human Capital,Dayforce,Dayforce,ALTERNATIVE_PRODUCT_PATTERN,HCM / payroll / workforce management / time / scheduling,Workday HCM; UKG Pro,Use as alternative/equivalence evidence; preserve material semantic differences without creating vendor-specific architecture.,ARCHITECTURE_PATTERN_COVERED,2026-09-21
MTR-0149,F15,Human Resources / Human Capital,Rippling,Rippling,ALTERNATIVE_PRODUCT_PATTERN,Core HR / payroll / onboarding / workforce administration,Workday HCM; UKG Pro,Use as alternative/equivalence evidence; preserve material semantic differences without creating vendor-specific architecture.,ARCHITECTURE_PATTERN_COVERED,2026-09-21
MTR-0150,F15,Human Resources / Human Capital,HiBob,HiBob,ALTERNATIVE_PRODUCT_PATTERN,Core HR / employee lifecycle / talent / workforce administration,Workday HCM,Use as alternative/equivalence evidence; preserve material semantic differences without creating vendor-specific architecture.,ARCHITECTURE_PATTERN_COVERED,2026-09-21
MTR-0151,F15,Human Resources / Human Capital,BambooHR,BambooHR,ALTERNATIVE_PRODUCT_PATTERN,Core HR / hiring / onboarding / employee administration,Workday HCM,Use as alternative/equivalence evidence; preserve material semantic differences without creating vendor-specific architecture.,ARCHITECTURE_PATTERN_COVERED,2026-09-21
MTR-0152,F15,Human Resources / Human Capital,Deel,Deel,DEEP_VERIFIED_ANCHOR,Representative deep benchmark for this function.,Deel,Use as canonical market anchor to expose operative semantics and derive NuBlox requirements.,DEEP_VERIFIED,2026-09-21
MTR-0153,F15,Human Resources / Human Capital,Personio,Personio,ALTERNATIVE_PRODUCT_PATTERN,Core HR / recruiting / employee lifecycle / payroll-connected administration,Workday HCM,Use as alternative/equivalence evidence; preserve material semantic differences without creating vendor-specific architecture.,ARCHITECTURE_PATTERN_COVERED,2026-09-21
MTR-0154,F15,Human Resources / Human Capital,Sage HR / Payroll,Sage,ALTERNATIVE_PRODUCT_PATTERN,HR administration / payroll / leave / employee records,Workday HCM; UKG Pro,Use as alternative/equivalence evidence; preserve material semantic differences without creating vendor-specific architecture.,ARCHITECTURE_PATTERN_COVERED,2026-09-21
MTR-0155,F15,Human Resources / Human Capital,BrightPay,BrightPay,ALTERNATIVE_PRODUCT_PATTERN,Payroll processing / statutory payroll / employee pay records,UKG Pro,Use as alternative/equivalence evidence; preserve material semantic differences without creating vendor-specific architecture.,ARCHITECTURE_PATTERN_COVERED,2026-09-21
MTR-0156,F16,Information Technology,ServiceNow ITSM,ServiceNow,RESEARCH_PENDING,,,Deep module/task research not yet started for this Function × Product relationship.,RESEARCH_PENDING,2026-09-21
MTR-0157,F16,Information Technology,Jira Service Management,Atlassian,RESEARCH_PENDING,,,Deep module/task research not yet started for this Function × Product relationship.,RESEARCH_PENDING,2026-09-21
MTR-0158,F16,Information Technology,BMC Helix,BMC,RESEARCH_PENDING,,,Deep module/task research not yet started for this Function × Product relationship.,RESEARCH_PENDING,2026-09-21
MTR-0159,F16,Information Technology,Ivanti Neurons,Ivanti,RESEARCH_PENDING,,,Deep module/task research not yet started for this Function × Product relationship.,RESEARCH_PENDING,2026-09-21
MTR-0160,F16,Information Technology,ManageEngine ServiceDesk Plus,ManageEngine,RESEARCH_PENDING,,,Deep module/task research not yet started for this Function × Product relationship.,RESEARCH_PENDING,2026-09-21
MTR-0161,F16,Information Technology,Freshservice,Freshworks,RESEARCH_PENDING,,,Deep module/task research not yet started for this Function × Product relationship.,RESEARCH_PENDING,2026-09-21
MTR-0162,F16,Information Technology,Microsoft Intune,Microsoft,RESEARCH_PENDING,,,Deep module/task research not yet started for this Function × Product relationship.,RESEARCH_PENDING,2026-09-21
MTR-0163,F16,Information Technology,Microsoft Azure,Microsoft,RESEARCH_PENDING,,,Deep module/task research not yet started for this Function × Product relationship.,RESEARCH_PENDING,2026-09-21
MTR-0164,F16,Information Technology,Amazon Web Services,Amazon Web Services,RESEARCH_PENDING,,,Deep module/task research not yet started for this Function × Product relationship.,RESEARCH_PENDING,2026-09-21
MTR-0165,F16,Information Technology,GitHub,GitHub,RESEARCH_PENDING,,,Deep module/task research not yet started for this Function × Product relationship.,RESEARCH_PENDING,2026-09-21
MTR-0166,F16,Information Technology,GitLab,GitLab,RESEARCH_PENDING,,,Deep module/task research not yet started for this Function × Product relationship.,RESEARCH_PENDING,2026-09-21
MTR-0167,F16,Information Technology,Atlassian Jira,Atlassian,RESEARCH_PENDING,,,Deep module/task research not yet started for this Function × Product relationship.,RESEARCH_PENDING,2026-09-21
MTR-0168,F17,"Data, Analytics & AI",Microsoft Fabric / Power BI,Microsoft,RESEARCH_PENDING,,,Deep module/task research not yet started for this Function × Product relationship.,RESEARCH_PENDING,2026-09-21
MTR-0169,F17,"Data, Analytics & AI",Snowflake,Snowflake,RESEARCH_PENDING,,,Deep module/task research not yet started for this Function × Product relationship.,RESEARCH_PENDING,2026-09-21
MTR-0170,F17,"Data, Analytics & AI",Databricks,Databricks,RESEARCH_PENDING,,,Deep module/task research not yet started for this Function × Product relationship.,RESEARCH_PENDING,2026-09-21
MTR-0171,F17,"Data, Analytics & AI",Tableau,Tableau,RESEARCH_PENDING,,,Deep module/task research not yet started for this Function × Product relationship.,RESEARCH_PENDING,2026-09-21
MTR-0172,F17,"Data, Analytics & AI",Qlik,Qlik,RESEARCH_PENDING,,,Deep module/task research not yet started for this Function × Product relationship.,RESEARCH_PENDING,2026-09-21
MTR-0173,F17,"Data, Analytics & AI",Alteryx,Alteryx,RESEARCH_PENDING,,,Deep module/task research not yet started for this Function × Product relationship.,RESEARCH_PENDING,2026-09-21
MTR-0174,F17,"Data, Analytics & AI",Informatica,Infor,RESEARCH_PENDING,,,Deep module/task research not yet started for this Function × Product relationship.,RESEARCH_PENDING,2026-09-21
MTR-0175,F17,"Data, Analytics & AI",Collibra,Collibra,RESEARCH_PENDING,,,Deep module/task research not yet started for this Function × Product relationship.,RESEARCH_PENDING,2026-09-21
MTR-0176,F17,"Data, Analytics & AI",Dataiku,Dataiku,RESEARCH_PENDING,,,Deep module/task research not yet started for this Function × Product relationship.,RESEARCH_PENDING,2026-09-21
MTR-0177,F17,"Data, Analytics & AI",dbt,dbt Labs,RESEARCH_PENDING,,,Deep module/task research not yet started for this Function × Product relationship.,RESEARCH_PENDING,2026-09-21
MTR-0178,F17,"Data, Analytics & AI",Fivetran,Fivetran,RESEARCH_PENDING,,,Deep module/task research not yet started for this Function × Product relationship.,RESEARCH_PENDING,2026-09-21
MTR-0179,F17,"Data, Analytics & AI",Google Looker,Google,RESEARCH_PENDING,,,Deep module/task research not yet started for this Function × Product relationship.,RESEARCH_PENDING,2026-09-21
MTR-0180,F17,"Data, Analytics & AI",SAS Viya,SAS,RESEARCH_PENDING,,,Deep module/task research not yet started for this Function × Product relationship.,RESEARCH_PENDING,2026-09-21
MTR-0181,F17,"Data, Analytics & AI",Palantir Foundry,Palantir,RESEARCH_PENDING,,,Deep module/task research not yet started for this Function × Product relationship.,RESEARCH_PENDING,2026-09-21
MTR-0182,F18,Cybersecurity & Information Security,Microsoft Defender / Sentinel / Entra,Microsoft,RESEARCH_PENDING,,,Deep module/task research not yet started for this Function × Product relationship.,RESEARCH_PENDING,2026-09-21
MTR-0183,F18,Cybersecurity & Information Security,CrowdStrike Falcon,CrowdStrike,RESEARCH_PENDING,,,Deep module/task research not yet started for this Function × Product relationship.,RESEARCH_PENDING,2026-09-21
MTR-0184,F18,Cybersecurity & Information Security,Palo Alto Networks Cortex,Palo Alto Networks,RESEARCH_PENDING,,,Deep module/task research not yet started for this Function × Product relationship.,RESEARCH_PENDING,2026-09-21
MTR-0185,F18,Cybersecurity & Information Security,Splunk Enterprise Security,Splunk,RESEARCH_PENDING,,,Deep module/task research not yet started for this Function × Product relationship.,RESEARCH_PENDING,2026-09-21
MTR-0186,F18,Cybersecurity & Information Security,Wiz,Wiz,RESEARCH_PENDING,,,Deep module/task research not yet started for this Function × Product relationship.,RESEARCH_PENDING,2026-09-21
MTR-0187,F18,Cybersecurity & Information Security,Okta,Okta,RESEARCH_PENDING,,,Deep module/task research not yet started for this Function × Product relationship.,RESEARCH_PENDING,2026-09-21
MTR-0188,F18,Cybersecurity & Information Security,CyberArk,CyberArk,RESEARCH_PENDING,,,Deep module/task research not yet started for this Function × Product relationship.,RESEARCH_PENDING,2026-09-21
MTR-0189,F18,Cybersecurity & Information Security,Tenable,Tenable,RESEARCH_PENDING,,,Deep module/task research not yet started for this Function × Product relationship.,RESEARCH_PENDING,2026-09-21
MTR-0190,F18,Cybersecurity & Information Security,Qualys,Qualys,RESEARCH_PENDING,,,Deep module/task research not yet started for this Function × Product relationship.,RESEARCH_PENDING,2026-09-21
MTR-0191,F18,Cybersecurity & Information Security,Rapid7,Rapid7,RESEARCH_PENDING,,,Deep module/task research not yet started for this Function × Product relationship.,RESEARCH_PENDING,2026-09-21
MTR-0192,F18,Cybersecurity & Information Security,Snyk,Snyk,RESEARCH_PENDING,,,Deep module/task research not yet started for this Function × Product relationship.,RESEARCH_PENDING,2026-09-21
MTR-0193,F18,Cybersecurity & Information Security,Zscaler,Zscaler,RESEARCH_PENDING,,,Deep module/task research not yet started for this Function × Product relationship.,RESEARCH_PENDING,2026-09-21
MTR-0194,F18,Cybersecurity & Information Security,Cloudflare,Cloudflare,RESEARCH_PENDING,,,Deep module/task research not yet started for this Function × Product relationship.,RESEARCH_PENDING,2026-09-21
MTR-0195,F18,Cybersecurity & Information Security,Proofpoint,Proofpoint,RESEARCH_PENDING,,,Deep module/task research not yet started for this Function × Product relationship.,RESEARCH_PENDING,2026-09-21
MTR-0196,F19,Legal & Corporate Secretariat,Icertis Contract Intelligence,Icertis,RESEARCH_PENDING,,,Deep module/task research not yet started for this Function × Product relationship.,RESEARCH_PENDING,2026-09-21
MTR-0197,F19,Legal & Corporate Secretariat,Ironclad,Ironclad,RESEARCH_PENDING,,,Deep module/task research not yet started for this Function × Product relationship.,RESEARCH_PENDING,2026-09-21
MTR-0198,F19,Legal & Corporate Secretariat,DocuSign CLM,DocuSign,RESEARCH_PENDING,,,Deep module/task research not yet started for this Function × Product relationship.,RESEARCH_PENDING,2026-09-21
MTR-0199,F19,Legal & Corporate Secretariat,ContractPodAi,ContractPodAi,RESEARCH_PENDING,,,Deep module/task research not yet started for this Function × Product relationship.,RESEARCH_PENDING,2026-09-21
MTR-0200,F19,Legal & Corporate Secretariat,Agiloft,Agiloft,RESEARCH_PENDING,,,Deep module/task research not yet started for this Function × Product relationship.,RESEARCH_PENDING,2026-09-21
MTR-0201,F19,Legal & Corporate Secretariat,Sirion,Sirion,RESEARCH_PENDING,,,Deep module/task research not yet started for this Function × Product relationship.,RESEARCH_PENDING,2026-09-21
MTR-0202,F19,Legal & Corporate Secretariat,Evisort,Evisort,RESEARCH_PENDING,,,Deep module/task research not yet started for this Function × Product relationship.,RESEARCH_PENDING,2026-09-21
MTR-0203,F19,Legal & Corporate Secretariat,Thomson Reuters HighQ,Thomson Reuters,RESEARCH_PENDING,,,Deep module/task research not yet started for this Function × Product relationship.,RESEARCH_PENDING,2026-09-21
MTR-0204,F19,Legal & Corporate Secretariat,Litera,Litera,RESEARCH_PENDING,,,Deep module/task research not yet started for this Function × Product relationship.,RESEARCH_PENDING,2026-09-21
MTR-0205,F19,Legal & Corporate Secretariat,Diligent Entities,Diligent,RESEARCH_PENDING,,,Deep module/task research not yet started for this Function × Product relationship.,RESEARCH_PENDING,2026-09-21
MTR-0206,F19,Legal & Corporate Secretariat,Athennian,Athennian,RESEARCH_PENDING,,,Deep module/task research not yet started for this Function × Product relationship.,RESEARCH_PENDING,2026-09-21
MTR-0207,F19,Legal & Corporate Secretariat,DocuSign eSignature,DocuSign,RESEARCH_PENDING,,,Deep module/task research not yet started for this Function × Product relationship.,RESEARCH_PENDING,2026-09-21
MTR-0208,F20,"Risk, Compliance, Internal Control & Audit",MetricStream,MetricStream,RESEARCH_PENDING,,,Deep module/task research not yet started for this Function × Product relationship.,RESEARCH_PENDING,2026-09-21
MTR-0209,F20,"Risk, Compliance, Internal Control & Audit",AuditBoard,AuditBoard,RESEARCH_PENDING,,,Deep module/task research not yet started for this Function × Product relationship.,RESEARCH_PENDING,2026-09-21
MTR-0210,F20,"Risk, Compliance, Internal Control & Audit",Diligent One,Diligent,RESEARCH_PENDING,,,Deep module/task research not yet started for this Function × Product relationship.,RESEARCH_PENDING,2026-09-21
MTR-0211,F20,"Risk, Compliance, Internal Control & Audit",ServiceNow Integrated Risk Management,ServiceNow,RESEARCH_PENDING,,,Deep module/task research not yet started for this Function × Product relationship.,RESEARCH_PENDING,2026-09-21
MTR-0212,F20,"Risk, Compliance, Internal Control & Audit",Archer,Archer,RESEARCH_PENDING,,,Deep module/task research not yet started for this Function × Product relationship.,RESEARCH_PENDING,2026-09-21
MTR-0213,F20,"Risk, Compliance, Internal Control & Audit",LogicGate,LogicGate,RESEARCH_PENDING,,,Deep module/task research not yet started for this Function × Product relationship.,RESEARCH_PENDING,2026-09-21
MTR-0214,F20,"Risk, Compliance, Internal Control & Audit",Workiva,Workiva,RESEARCH_PENDING,,,Deep module/task research not yet started for this Function × Product relationship.,RESEARCH_PENDING,2026-09-21
MTR-0215,F20,"Risk, Compliance, Internal Control & Audit",NAVEX One,NAVEX,RESEARCH_PENDING,,,Deep module/task research not yet started for this Function × Product relationship.,RESEARCH_PENDING,2026-09-21
MTR-0216,F20,"Risk, Compliance, Internal Control & Audit",Riskonnect,Riskonnect,RESEARCH_PENDING,,,Deep module/task research not yet started for this Function × Product relationship.,RESEARCH_PENDING,2026-09-21
MTR-0217,F20,"Risk, Compliance, Internal Control & Audit",Resolver,Resolver,RESEARCH_PENDING,,,Deep module/task research not yet started for this Function × Product relationship.,RESEARCH_PENDING,2026-09-21
MTR-0218,F21,Privacy & Information Governance,OneTrust,OneTrust,RESEARCH_PENDING,,,Deep module/task research not yet started for this Function × Product relationship.,RESEARCH_PENDING,2026-09-21
MTR-0219,F21,Privacy & Information Governance,TrustArc,TrustArc,RESEARCH_PENDING,,,Deep module/task research not yet started for this Function × Product relationship.,RESEARCH_PENDING,2026-09-21
MTR-0220,F21,Privacy & Information Governance,BigID,BigID,RESEARCH_PENDING,,,Deep module/task research not yet started for this Function × Product relationship.,RESEARCH_PENDING,2026-09-21
MTR-0221,F21,Privacy & Information Governance,Microsoft Purview,Microsoft,RESEARCH_PENDING,,,Deep module/task research not yet started for this Function × Product relationship.,RESEARCH_PENDING,2026-09-21
MTR-0222,F21,Privacy & Information Governance,Securiti,Securiti,RESEARCH_PENDING,,,Deep module/task research not yet started for this Function × Product relationship.,RESEARCH_PENDING,2026-09-21
MTR-0223,F21,Privacy & Information Governance,Collibra,Collibra,RESEARCH_PENDING,,,Deep module/task research not yet started for this Function × Product relationship.,RESEARCH_PENDING,2026-09-21
MTR-0224,F21,Privacy & Information Governance,Transcend,Transcend,RESEARCH_PENDING,,,Deep module/task research not yet started for this Function × Product relationship.,RESEARCH_PENDING,2026-09-21
MTR-0225,F21,Privacy & Information Governance,DataGrail,DataGrail,RESEARCH_PENDING,,,Deep module/task research not yet started for this Function × Product relationship.,RESEARCH_PENDING,2026-09-21
MTR-0226,F22,"Property, Facilities & Physical Assets",IBM Maximo Application Suite,IBM,RESEARCH_PENDING,,,Deep module/task research not yet started for this Function × Product relationship.,RESEARCH_PENDING,2026-09-21
MTR-0227,F22,"Property, Facilities & Physical Assets",Planon IWMS,Planon,RESEARCH_PENDING,,,Deep module/task research not yet started for this Function × Product relationship.,RESEARCH_PENDING,2026-09-21
MTR-0228,F22,"Property, Facilities & Physical Assets",MRI Software,MRI Software,RESEARCH_PENDING,,,Deep module/task research not yet started for this Function × Product relationship.,RESEARCH_PENDING,2026-09-21
MTR-0229,F22,"Property, Facilities & Physical Assets",Eptura / Archibus,Eptura,RESEARCH_PENDING,,,Deep module/task research not yet started for this Function × Product relationship.,RESEARCH_PENDING,2026-09-21
MTR-0230,F22,"Property, Facilities & Physical Assets",Spacewell,Spacewell,RESEARCH_PENDING,,,Deep module/task research not yet started for this Function × Product relationship.,RESEARCH_PENDING,2026-09-21
MTR-0231,F22,"Property, Facilities & Physical Assets",IFS Cloud / EAM,IFS,RESEARCH_PENDING,,,Deep module/task research not yet started for this Function × Product relationship.,RESEARCH_PENDING,2026-09-21
MTR-0232,F22,"Property, Facilities & Physical Assets",SAP Asset Management,SAP,RESEARCH_PENDING,,,Deep module/task research not yet started for this Function × Product relationship.,RESEARCH_PENDING,2026-09-21
MTR-0233,F22,"Property, Facilities & Physical Assets",Oracle Maintenance,Oracle,RESEARCH_PENDING,,,Deep module/task research not yet started for this Function × Product relationship.,RESEARCH_PENDING,2026-09-21
MTR-0234,F22,"Property, Facilities & Physical Assets",HxGN EAM,Hexagon,RESEARCH_PENDING,,,Deep module/task research not yet started for this Function × Product relationship.,RESEARCH_PENDING,2026-09-21
MTR-0235,F22,"Property, Facilities & Physical Assets",Bentley AssetWise,Bentley Systems,RESEARCH_PENDING,,,Deep module/task research not yet started for this Function × Product relationship.,RESEARCH_PENDING,2026-09-21
MTR-0236,F22,"Property, Facilities & Physical Assets",UpKeep,UpKeep,RESEARCH_PENDING,,,Deep module/task research not yet started for this Function × Product relationship.,RESEARCH_PENDING,2026-09-21
MTR-0237,F22,"Property, Facilities & Physical Assets",Fiix,Fiix,RESEARCH_PENDING,,,Deep module/task research not yet started for this Function × Product relationship.,RESEARCH_PENDING,2026-09-21
MTR-0238,F23,"Health, Safety, Environment & Sustainability",Intelex,Intelex,RESEARCH_PENDING,,,Deep module/task research not yet started for this Function × Product relationship.,RESEARCH_PENDING,2026-09-21
MTR-0239,F23,"Health, Safety, Environment & Sustainability",Enablon,Enablon,RESEARCH_PENDING,,,Deep module/task research not yet started for this Function × Product relationship.,RESEARCH_PENDING,2026-09-21
MTR-0240,F23,"Health, Safety, Environment & Sustainability",Sphera,Sphera,RESEARCH_PENDING,,,Deep module/task research not yet started for this Function × Product relationship.,RESEARCH_PENDING,2026-09-21
MTR-0241,F23,"Health, Safety, Environment & Sustainability",Cority,Cority,RESEARCH_PENDING,,,Deep module/task research not yet started for this Function × Product relationship.,RESEARCH_PENDING,2026-09-21
MTR-0242,F23,"Health, Safety, Environment & Sustainability",EcoOnline,EcoOnline,RESEARCH_PENDING,,,Deep module/task research not yet started for this Function × Product relationship.,RESEARCH_PENDING,2026-09-21
MTR-0243,F23,"Health, Safety, Environment & Sustainability",Quentic,Quentic,RESEARCH_PENDING,,,Deep module/task research not yet started for this Function × Product relationship.,RESEARCH_PENDING,2026-09-21
MTR-0244,F23,"Health, Safety, Environment & Sustainability",VelocityEHS,VelocityEHS,RESEARCH_PENDING,,,Deep module/task research not yet started for this Function × Product relationship.,RESEARCH_PENDING,2026-09-21
MTR-0245,F23,"Health, Safety, Environment & Sustainability",Evotix,Evotix,RESEARCH_PENDING,,,Deep module/task research not yet started for this Function × Product relationship.,RESEARCH_PENDING,2026-09-21
MTR-0246,F23,"Health, Safety, Environment & Sustainability",SafetyCulture,SafetyCulture,RESEARCH_PENDING,,,Deep module/task research not yet started for this Function × Product relationship.,RESEARCH_PENDING,2026-09-21
MTR-0247,F23,"Health, Safety, Environment & Sustainability",SAP Sustainability,SAP,RESEARCH_PENDING,,,Deep module/task research not yet started for this Function × Product relationship.,RESEARCH_PENDING,2026-09-21
MTR-0248,F23,"Health, Safety, Environment & Sustainability",Persefoni,Persefoni,RESEARCH_PENDING,,,Deep module/task research not yet started for this Function × Product relationship.,RESEARCH_PENDING,2026-09-21
MTR-0249,F23,"Health, Safety, Environment & Sustainability",Watershed,Watershed,RESEARCH_PENDING,,,Deep module/task research not yet started for this Function × Product relationship.,RESEARCH_PENDING,2026-09-21
MTR-0250,F23,"Health, Safety, Environment & Sustainability",Sweep,Sweep,RESEARCH_PENDING,,,Deep module/task research not yet started for this Function × Product relationship.,RESEARCH_PENDING,2026-09-21
MTR-0251,F23,"Health, Safety, Environment & Sustainability",One Click LCA,One Click LCA,RESEARCH_PENDING,,,Deep module/task research not yet started for this Function × Product relationship.,RESEARCH_PENDING,2026-09-21
MTR-0252,F24,"Business Continuity, Crisis & Physical Security",Fusion Risk Management,Fusion Risk Management,RESEARCH_PENDING,,,Deep module/task research not yet started for this Function × Product relationship.,RESEARCH_PENDING,2026-09-21
MTR-0253,F24,"Business Continuity, Crisis & Physical Security",Everbridge,Everbridge,RESEARCH_PENDING,,,Deep module/task research not yet started for this Function × Product relationship.,RESEARCH_PENDING,2026-09-21
MTR-0254,F24,"Business Continuity, Crisis & Physical Security",Riskonnect,Riskonnect,RESEARCH_PENDING,,,Deep module/task research not yet started for this Function × Product relationship.,RESEARCH_PENDING,2026-09-21
MTR-0255,F24,"Business Continuity, Crisis & Physical Security",Resolver,Resolver,RESEARCH_PENDING,,,Deep module/task research not yet started for this Function × Product relationship.,RESEARCH_PENDING,2026-09-21
MTR-0256,F24,"Business Continuity, Crisis & Physical Security",Noggin,Noggin,RESEARCH_PENDING,,,Deep module/task research not yet started for this Function × Product relationship.,RESEARCH_PENDING,2026-09-21
MTR-0257,F24,"Business Continuity, Crisis & Physical Security",AlertMedia,AlertMedia,RESEARCH_PENDING,,,Deep module/task research not yet started for this Function × Product relationship.,RESEARCH_PENDING,2026-09-21
MTR-0258,F24,"Business Continuity, Crisis & Physical Security",OnSolve,OnSolve,RESEARCH_PENDING,,,Deep module/task research not yet started for this Function × Product relationship.,RESEARCH_PENDING,2026-09-21
MTR-0259,F24,"Business Continuity, Crisis & Physical Security",Genetec Security Center,Genetec,RESEARCH_PENDING,,,Deep module/task research not yet started for this Function × Product relationship.,RESEARCH_PENDING,2026-09-21
MTR-0260,F24,"Business Continuity, Crisis & Physical Security",LenelS2 OnGuard,LenelS2,RESEARCH_PENDING,,,Deep module/task research not yet started for this Function × Product relationship.,RESEARCH_PENDING,2026-09-21
MTR-0261,F24,"Business Continuity, Crisis & Physical Security",Milestone XProtect,Milestone Systems,RESEARCH_PENDING,,,Deep module/task research not yet started for this Function × Product relationship.,RESEARCH_PENDING,2026-09-21
MTR-0262,F24,"Business Continuity, Crisis & Physical Security",Verkada,Verkada,RESEARCH_PENDING,,,Deep module/task research not yet started for this Function × Product relationship.,RESEARCH_PENDING,2026-09-21
MTR-0263,F25,"Communications, Public Affairs & Investor Relations",Cision,Cision,RESEARCH_PENDING,,,Deep module/task research not yet started for this Function × Product relationship.,RESEARCH_PENDING,2026-09-21
MTR-0264,F25,"Communications, Public Affairs & Investor Relations",Meltwater,Meltwater,RESEARCH_PENDING,,,Deep module/task research not yet started for this Function × Product relationship.,RESEARCH_PENDING,2026-09-21
MTR-0265,F25,"Communications, Public Affairs & Investor Relations",Sprinklr,Sprinklr,RESEARCH_PENDING,,,Deep module/task research not yet started for this Function × Product relationship.,RESEARCH_PENDING,2026-09-21
MTR-0266,F25,"Communications, Public Affairs & Investor Relations",Brandwatch,Brandwatch,RESEARCH_PENDING,,,Deep module/task research not yet started for this Function × Product relationship.,RESEARCH_PENDING,2026-09-21
MTR-0267,F25,"Communications, Public Affairs & Investor Relations",Hootsuite,Hootsuite,RESEARCH_PENDING,,,Deep module/task research not yet started for this Function × Product relationship.,RESEARCH_PENDING,2026-09-21
MTR-0268,F25,"Communications, Public Affairs & Investor Relations",Q4,Q4,RESEARCH_PENDING,,,Deep module/task research not yet started for this Function × Product relationship.,RESEARCH_PENDING,2026-09-21
MTR-0269,F25,"Communications, Public Affairs & Investor Relations",Workiva,Workiva,RESEARCH_PENDING,,,Deep module/task research not yet started for this Function × Product relationship.,RESEARCH_PENDING,2026-09-21
MTR-0270,F25,"Communications, Public Affairs & Investor Relations",Notified,Notified,RESEARCH_PENDING,,,Deep module/task research not yet started for this Function × Product relationship.,RESEARCH_PENDING,2026-09-21
MTR-0271,F25,"Communications, Public Affairs & Investor Relations",Onclusive,Onclusive,RESEARCH_PENDING,,,Deep module/task research not yet started for this Function × Product relationship.,RESEARCH_PENDING,2026-09-21
MTR-0272,F26,"Knowledge, Document & Records Management",Microsoft 365 / SharePoint / Purview,Microsoft,RESEARCH_PENDING,,,Deep module/task research not yet started for this Function × Product relationship.,RESEARCH_PENDING,2026-09-21
MTR-0273,F26,"Knowledge, Document & Records Management",OpenText Content Management,OpenText,RESEARCH_PENDING,,,Deep module/task research not yet started for this Function × Product relationship.,RESEARCH_PENDING,2026-09-21
MTR-0274,F26,"Knowledge, Document & Records Management",M-Files,M-Files,RESEARCH_PENDING,,,Deep module/task research not yet started for this Function × Product relationship.,RESEARCH_PENDING,2026-09-21
MTR-0275,F26,"Knowledge, Document & Records Management",Box,Box,RESEARCH_PENDING,,,Deep module/task research not yet started for this Function × Product relationship.,RESEARCH_PENDING,2026-09-21
MTR-0276,F26,"Knowledge, Document & Records Management",Egnyte,Egnyte,RESEARCH_PENDING,,,Deep module/task research not yet started for this Function × Product relationship.,RESEARCH_PENDING,2026-09-21
MTR-0277,F26,"Knowledge, Document & Records Management",Atlassian Confluence,Atlassian,RESEARCH_PENDING,,,Deep module/task research not yet started for this Function × Product relationship.,RESEARCH_PENDING,2026-09-21
MTR-0278,F26,"Knowledge, Document & Records Management",Google Workspace / Drive,Google,RESEARCH_PENDING,,,Deep module/task research not yet started for this Function × Product relationship.,RESEARCH_PENDING,2026-09-21
MTR-0279,F26,"Knowledge, Document & Records Management",Laserfiche,Laserfiche,RESEARCH_PENDING,,,Deep module/task research not yet started for this Function × Product relationship.,RESEARCH_PENDING,2026-09-21
MTR-0280,F26,"Knowledge, Document & Records Management",Hyland OnBase,Hyland,RESEARCH_PENDING,,,Deep module/task research not yet started for this Function × Product relationship.,RESEARCH_PENDING,2026-09-21
MTR-0281,F26,"Knowledge, Document & Records Management",DocuWare,DocuWare,RESEARCH_PENDING,,,Deep module/task research not yet started for this Function × Product relationship.,RESEARCH_PENDING,2026-09-21
MTR-0282,F26,"Knowledge, Document & Records Management",Autodesk Docs,Autodesk,RESEARCH_PENDING,,,Deep module/task research not yet started for this Function × Product relationship.,RESEARCH_PENDING,2026-09-21
MTR-0283,F26,"Knowledge, Document & Records Management",Oracle Aconex,Oracle,RESEARCH_PENDING,,,Deep module/task research not yet started for this Function × Product relationship.,RESEARCH_PENDING,2026-09-21
MTR-0284,F26,"Knowledge, Document & Records Management",Asite,Asite,RESEARCH_PENDING,,,Deep module/task research not yet started for this Function × Product relationship.,RESEARCH_PENDING,2026-09-21
MTR-0285,F26,"Knowledge, Document & Records Management",Bentley ProjectWise,Bentley Systems,RESEARCH_PENDING,,,Deep module/task research not yet started for this Function × Product relationship.,RESEARCH_PENDING,2026-09-21
MTR-0286,F26,"Knowledge, Document & Records Management",Trimble Connect,Trimble,RESEARCH_PENDING,,,Deep module/task research not yet started for this Function × Product relationship.,RESEARCH_PENDING,2026-09-21
MTR-0287,F26,"Knowledge, Document & Records Management",Viewpoint for Projects,Viewpoint,RESEARCH_PENDING,,,Deep module/task research not yet started for this Function × Product relationship.,RESEARCH_PENDING,2026-09-21
MTR-0288,F26,"Knowledge, Document & Records Management",Dalux Box,Dalux,RESEARCH_PENDING,,,Deep module/task research not yet started for this Function × Product relationship.,RESEARCH_PENDING,2026-09-21
MTR-0289,F27,"Portfolio, Programme & Project Management",Oracle Primavera P6,Oracle,RESEARCH_PENDING,,,Deep module/task research not yet started for this Function × Product relationship.,RESEARCH_PENDING,2026-09-21
MTR-0290,F27,"Portfolio, Programme & Project Management",Oracle Primavera Cloud,Oracle,RESEARCH_PENDING,,,Deep module/task research not yet started for this Function × Product relationship.,RESEARCH_PENDING,2026-09-21
MTR-0291,F27,"Portfolio, Programme & Project Management",Oracle Primavera Unifier,Oracle,RESEARCH_PENDING,,,Deep module/task research not yet started for this Function × Product relationship.,RESEARCH_PENDING,2026-09-21
MTR-0292,F27,"Portfolio, Programme & Project Management",Microsoft Project / Planner,Microsoft,RESEARCH_PENDING,,,Deep module/task research not yet started for this Function × Product relationship.,RESEARCH_PENDING,2026-09-21
MTR-0293,F27,"Portfolio, Programme & Project Management",Planview,Planview,RESEARCH_PENDING,,,Deep module/task research not yet started for this Function × Product relationship.,RESEARCH_PENDING,2026-09-21
MTR-0294,F27,"Portfolio, Programme & Project Management",Smartsheet,Smartsheet,RESEARCH_PENDING,,,Deep module/task research not yet started for this Function × Product relationship.,RESEARCH_PENDING,2026-09-21
MTR-0295,F27,"Portfolio, Programme & Project Management",Procore,Procore,RESEARCH_PENDING,,,Deep module/task research not yet started for this Function × Product relationship.,RESEARCH_PENDING,2026-09-21
MTR-0296,F27,"Portfolio, Programme & Project Management",Autodesk Build,Autodesk,RESEARCH_PENDING,,,Deep module/task research not yet started for this Function × Product relationship.,RESEARCH_PENDING,2026-09-21
MTR-0297,F27,"Portfolio, Programme & Project Management",Asite,Asite,RESEARCH_PENDING,,,Deep module/task research not yet started for this Function × Product relationship.,RESEARCH_PENDING,2026-09-21
MTR-0298,F27,"Portfolio, Programme & Project Management",Trimble ProjectSight,Trimble,RESEARCH_PENDING,,,Deep module/task research not yet started for this Function × Product relationship.,RESEARCH_PENDING,2026-09-21
MTR-0299,F27,"Portfolio, Programme & Project Management",Asta Powerproject,Elecosoft,RESEARCH_PENDING,,,Deep module/task research not yet started for this Function × Product relationship.,RESEARCH_PENDING,2026-09-21
MTR-0300,F27,"Portfolio, Programme & Project Management",Bentley SYNCHRO,Bentley Systems,RESEARCH_PENDING,,,Deep module/task research not yet started for this Function × Product relationship.,RESEARCH_PENDING,2026-09-21
MTR-0301,F27,"Portfolio, Programme & Project Management",Hexagon EcoSys,Hexagon,RESEARCH_PENDING,,,Deep module/task research not yet started for this Function × Product relationship.,RESEARCH_PENDING,2026-09-21
MTR-0302,F27,"Portfolio, Programme & Project Management",Safran Project,Safran,RESEARCH_PENDING,,,Deep module/task research not yet started for this Function × Product relationship.,RESEARCH_PENDING,2026-09-21
MTR-0303,F27,"Portfolio, Programme & Project Management",Deltek Cobra,Deltek,RESEARCH_PENDING,,,Deep module/task research not yet started for this Function × Product relationship.,RESEARCH_PENDING,2026-09-21
MTR-0304,F27,"Portfolio, Programme & Project Management",monday.com,monday.com,RESEARCH_PENDING,,,Deep module/task research not yet started for this Function × Product relationship.,RESEARCH_PENDING,2026-09-21
MTR-0305,F27,"Portfolio, Programme & Project Management",Wrike,Wrike,RESEARCH_PENDING,,,Deep module/task research not yet started for this Function × Product relationship.,RESEARCH_PENDING,2026-09-21
MTR-0306,F28,Change & Transformation Management,Planview,Planview,RESEARCH_PENDING,,,Deep module/task research not yet started for this Function × Product relationship.,RESEARCH_PENDING,2026-09-21
MTR-0307,F28,Change & Transformation Management,ServiceNow Strategic Portfolio Management,ServiceNow,RESEARCH_PENDING,,,Deep module/task research not yet started for this Function × Product relationship.,RESEARCH_PENDING,2026-09-21
MTR-0308,F28,Change & Transformation Management,WalkMe,WalkMe,RESEARCH_PENDING,,,Deep module/task research not yet started for this Function × Product relationship.,RESEARCH_PENDING,2026-09-21
MTR-0309,F28,Change & Transformation Management,Whatfix,Whatfix,RESEARCH_PENDING,,,Deep module/task research not yet started for this Function × Product relationship.,RESEARCH_PENDING,2026-09-21
MTR-0310,F28,Change & Transformation Management,Smartsheet,Smartsheet,RESEARCH_PENDING,,,Deep module/task research not yet started for this Function × Product relationship.,RESEARCH_PENDING,2026-09-21
MTR-0311,F28,Change & Transformation Management,Jira,Atlassian,RESEARCH_PENDING,,,Deep module/task research not yet started for this Function × Product relationship.,RESEARCH_PENDING,2026-09-21
MTR-0312,F28,Change & Transformation Management,monday.com,monday.com,RESEARCH_PENDING,,,Deep module/task research not yet started for this Function × Product relationship.,RESEARCH_PENDING,2026-09-21
MTR-0313,F28,Change & Transformation Management,Miro,Miro,RESEARCH_PENDING,,,Deep module/task research not yet started for this Function × Product relationship.,RESEARCH_PENDING,2026-09-21
MTR-0314,F28,Change & Transformation Management,KaiNexus,KaiNexus,RESEARCH_PENDING,,,Deep module/task research not yet started for this Function × Product relationship.,RESEARCH_PENDING,2026-09-21
MTR-0315,F29,Business Process & Continuous Improvement,SAP Signavio,SAP,RESEARCH_PENDING,,,Deep module/task research not yet started for this Function × Product relationship.,RESEARCH_PENDING,2026-09-21
MTR-0316,F29,Business Process & Continuous Improvement,Celonis,Celonis,RESEARCH_PENDING,,,Deep module/task research not yet started for this Function × Product relationship.,RESEARCH_PENDING,2026-09-21
MTR-0317,F29,Business Process & Continuous Improvement,ARIS,Software AG,RESEARCH_PENDING,,,Deep module/task research not yet started for this Function × Product relationship.,RESEARCH_PENDING,2026-09-21
MTR-0318,F29,Business Process & Continuous Improvement,Nintex,Nintex,RESEARCH_PENDING,,,Deep module/task research not yet started for this Function × Product relationship.,RESEARCH_PENDING,2026-09-21
MTR-0319,F29,Business Process & Continuous Improvement,UiPath Process Mining,UiPath,RESEARCH_PENDING,,,Deep module/task research not yet started for this Function × Product relationship.,RESEARCH_PENDING,2026-09-21
MTR-0320,F29,Business Process & Continuous Improvement,Microsoft Power Automate Process Mining,Microsoft,RESEARCH_PENDING,,,Deep module/task research not yet started for this Function × Product relationship.,RESEARCH_PENDING,2026-09-21
MTR-0321,F29,Business Process & Continuous Improvement,Bizagi,Bizagi,RESEARCH_PENDING,,,Deep module/task research not yet started for this Function × Product relationship.,RESEARCH_PENDING,2026-09-21
MTR-0322,F29,Business Process & Continuous Improvement,Appian,Appian,RESEARCH_PENDING,,,Deep module/task research not yet started for this Function × Product relationship.,RESEARCH_PENDING,2026-09-21
MTR-0323,F29,Business Process & Continuous Improvement,Camunda,Camunda,RESEARCH_PENDING,,,Deep module/task research not yet started for this Function × Product relationship.,RESEARCH_PENDING,2026-09-21
MTR-0324,F29,Business Process & Continuous Improvement,IBM Blueworks Live,IBM,RESEARCH_PENDING,,,Deep module/task research not yet started for this Function × Product relationship.,RESEARCH_PENDING,2026-09-21
MTR-0325,F29,Business Process & Continuous Improvement,ProcessMaker,ProcessMaker,RESEARCH_PENDING,,,Deep module/task research not yet started for this Function × Product relationship.,RESEARCH_PENDING,2026-09-21
MTR-0326,F29,Business Process & Continuous Improvement,Kissflow,Kissflow,RESEARCH_PENDING,,,Deep module/task research not yet started for this Function × Product relationship.,RESEARCH_PENDING,2026-09-21
