record_id,function_code,function_name,market_layer,market_category,vendor,product_or_suite,job_profile_ids,job_tasks,work_products,module_or_tool,source_url,verified_date,research_status
MTR-0001,F01,Strategy & Enterprise Planning,ENTERPRISE_FUNCTION,"Strategic planning, scenario planning, portfolio alignment, goals and KPIs",Planview,Planview,,,,,https://www.planview.com/,2026-09-21,DISCOVERY_SEED
MTR-0002,F01,Strategy & Enterprise Planning,ENTERPRISE_FUNCTION,"Strategic planning, scenario planning, portfolio alignment, goals and KPIs",Anaplan,Anaplan,,,,,https://www.anaplan.com/,2026-09-21,DISCOVERY_SEED
MTR-0003,F01,Strategy & Enterprise Planning,ENTERPRISE_FUNCTION,"Strategic planning, scenario planning, portfolio alignment, goals and KPIs",Workday,Workday Adaptive Planning,,,,,https://www.workday.com/,2026-09-21,DISCOVERY_SEED
MTR-0004,F01,Strategy & Enterprise Planning,ENTERPRISE_FUNCTION,"Strategic planning, scenario planning, portfolio alignment, goals and KPIs",Oracle,Oracle EPM,,,,,https://www.oracle.com/,2026-09-21,DISCOVERY_SEED
MTR-0005,F01,Strategy & Enterprise Planning,ENTERPRISE_FUNCTION,"Strategic planning, scenario planning, portfolio alignment, goals and KPIs",SAP,SAP Analytics Cloud,,,,,https://www.sap.com/products.html,2026-09-21,DISCOVERY_SEED
MTR-0006,F01,Strategy & Enterprise Planning,ENTERPRISE_FUNCTION,"Strategic planning, scenario planning, portfolio alignment, goals and KPIs",Board,Board,,,,,https://www.board.com/,2026-09-21,DISCOVERY_SEED
MTR-0007,F01,Strategy & Enterprise Planning,ENTERPRISE_FUNCTION,"Strategic planning, scenario planning, portfolio alignment, goals and KPIs",IBM,IBM Planning Analytics,,,,,https://www.ibm.com/,2026-09-21,DISCOVERY_SEED
MTR-0008,F01,Strategy & Enterprise Planning,ENTERPRISE_FUNCTION,"Strategic planning, scenario planning, portfolio alignment, goals and KPIs",Jedox,Jedox,,,,,https://www.jedox.com/,2026-09-21,DISCOVERY_SEED
MTR-0009,F01,Strategy & Enterprise Planning,ENTERPRISE_FUNCTION,"Strategic planning, scenario planning, portfolio alignment, goals and KPIs",Pigment,Pigment,,,,,https://www.pigment.com/,2026-09-21,DISCOVERY_SEED
MTR-0010,F01,Strategy & Enterprise Planning,ENTERPRISE_FUNCTION,"Strategic planning, scenario planning, portfolio alignment, goals and KPIs",Cascade,Cascade,,,,,https://www.cascade.app/,2026-09-21,DISCOVERY_SEED
MTR-0011,F02,Corporate Governance,ENTERPRISE_FUNCTION,"Boards, committees, agendas, board packs, minutes, actions, policy and governance oversight",Diligent,Diligent Boards / Diligent One,,,,,https://www.diligent.com/platform/diligent-one,2026-09-21,DISCOVERY_SEED
MTR-0012,F02,Corporate Governance,ENTERPRISE_FUNCTION,"Boards, committees, agendas, board packs, minutes, actions, policy and governance oversight",Board Intelligence,Board Intelligence,,,,,https://www.boardintelligence.com/,2026-09-21,DISCOVERY_SEED
MTR-0013,F02,Corporate Governance,ENTERPRISE_FUNCTION,"Boards, committees, agendas, board packs, minutes, actions, policy and governance oversight",OnBoard,OnBoard,,,,,https://www.onboardmeetings.com/,2026-09-21,DISCOVERY_SEED
MTR-0014,F02,Corporate Governance,ENTERPRISE_FUNCTION,"Boards, committees, agendas, board packs, minutes, actions, policy and governance oversight",Admincontrol,Admincontrol,,,,,https://admincontrol.com/,2026-09-21,DISCOVERY_SEED
MTR-0015,F02,Corporate Governance,ENTERPRISE_FUNCTION,"Boards, committees, agendas, board packs, minutes, actions, policy and governance oversight",Convene,Convene,,,,,https://www.azeusconvene.com/,2026-09-21,DISCOVERY_SEED
MTR-0016,F02,Corporate Governance,ENTERPRISE_FUNCTION,"Boards, committees, agendas, board packs, minutes, actions, policy and governance oversight",Govenda,Govenda,,,,,https://www.govenda.com/,2026-09-21,DISCOVERY_SEED
MTR-0017,F02,Corporate Governance,ENTERPRISE_FUNCTION,"Boards, committees, agendas, board packs, minutes, actions, policy and governance oversight",Workiva,Workiva,,,,,https://www.workiva.com/,2026-09-21,DISCOVERY_SEED
MTR-0018,F03,Enterprise Performance Management,ENTERPRISE_FUNCTION,"Planning, budgeting, forecasting, consolidation, management reporting and performance",Oracle,Oracle EPM,,,,,https://www.oracle.com/,2026-09-21,DISCOVERY_SEED
MTR-0019,F03,Enterprise Performance Management,ENTERPRISE_FUNCTION,"Planning, budgeting, forecasting, consolidation, management reporting and performance",SAP,SAP Analytics Cloud,,,,,https://www.sap.com/products.html,2026-09-21,DISCOVERY_SEED
MTR-0020,F03,Enterprise Performance Management,ENTERPRISE_FUNCTION,"Planning, budgeting, forecasting, consolidation, management reporting and performance",Workday,Workday Adaptive Planning,,,,,https://www.workday.com/,2026-09-21,DISCOVERY_SEED
MTR-0021,F03,Enterprise Performance Management,ENTERPRISE_FUNCTION,"Planning, budgeting, forecasting, consolidation, management reporting and performance",Anaplan,Anaplan,,,,,https://www.anaplan.com/,2026-09-21,DISCOVERY_SEED
MTR-0022,F03,Enterprise Performance Management,ENTERPRISE_FUNCTION,"Planning, budgeting, forecasting, consolidation, management reporting and performance",Board,Board,,,,,https://www.board.com/,2026-09-21,DISCOVERY_SEED
MTR-0023,F03,Enterprise Performance Management,ENTERPRISE_FUNCTION,"Planning, budgeting, forecasting, consolidation, management reporting and performance",IBM,IBM Planning Analytics,,,,,https://www.ibm.com/,2026-09-21,DISCOVERY_SEED
MTR-0024,F03,Enterprise Performance Management,ENTERPRISE_FUNCTION,"Planning, budgeting, forecasting, consolidation, management reporting and performance",OneStream,OneStream,,,,,https://www.onestream.com/,2026-09-21,DISCOVERY_SEED
MTR-0025,F03,Enterprise Performance Management,ENTERPRISE_FUNCTION,"Planning, budgeting, forecasting, consolidation, management reporting and performance",Wolters Kluwer,CCH Tagetik,,,,,https://www.wolterskluwer.com/,2026-09-21,DISCOVERY_SEED
MTR-0026,F03,Enterprise Performance Management,ENTERPRISE_FUNCTION,"Planning, budgeting, forecasting, consolidation, management reporting and performance",Planful,Planful,,,,,https://planful.com/,2026-09-21,DISCOVERY_SEED
MTR-0027,F03,Enterprise Performance Management,ENTERPRISE_FUNCTION,"Planning, budgeting, forecasting, consolidation, management reporting and performance",Prophix,Prophix,,,,,https://www.prophix.com/,2026-09-21,DISCOVERY_SEED
MTR-0028,F03,Enterprise Performance Management,ENTERPRISE_FUNCTION,"Planning, budgeting, forecasting, consolidation, management reporting and performance",Jedox,Jedox,,,,,https://www.jedox.com/,2026-09-21,DISCOVERY_SEED
MTR-0029,F04,Corporate Development & M&A,ENTERPRISE_FUNCTION,"Deal sourcing, valuation, due diligence, virtual data rooms, transaction and integration management",Datasite,Datasite,,,,,https://www.datasite.com/,2026-09-21,DISCOVERY_SEED
MTR-0030,F04,Corporate Development & M&A,ENTERPRISE_FUNCTION,"Deal sourcing, valuation, due diligence, virtual data rooms, transaction and integration management",Intralinks,Intralinks,,,,,https://www.intralinks.com/,2026-09-21,DISCOVERY_SEED
MTR-0031,F04,Corporate Development & M&A,ENTERPRISE_FUNCTION,"Deal sourcing, valuation, due diligence, virtual data rooms, transaction and integration management",Midaxo,Midaxo,,,,,https://www.midaxo.com/,2026-09-21,DISCOVERY_SEED
MTR-0032,F04,Corporate Development & M&A,ENTERPRISE_FUNCTION,"Deal sourcing, valuation, due diligence, virtual data rooms, transaction and integration management",DealRoom,DealRoom,,,,,https://dealroom.net/,2026-09-21,DISCOVERY_SEED
MTR-0033,F04,Corporate Development & M&A,ENTERPRISE_FUNCTION,"Deal sourcing, valuation, due diligence, virtual data rooms, transaction and integration management",Ansarada,Ansarada,,,,,https://www.ansarada.com/,2026-09-21,DISCOVERY_SEED
MTR-0034,F04,Corporate Development & M&A,ENTERPRISE_FUNCTION,"Deal sourcing, valuation, due diligence, virtual data rooms, transaction and integration management",DealCloud,DealCloud,,,,,https://dealcloud.com/,2026-09-21,DISCOVERY_SEED
MTR-0035,F04,Corporate Development & M&A,ENTERPRISE_FUNCTION,"Deal sourcing, valuation, due diligence, virtual data rooms, transaction and integration management",FirmRoom,FirmRoom,,,,,https://firmroom.com/,2026-09-21,DISCOVERY_SEED
MTR-0036,F04,Corporate Development & M&A,ENTERPRISE_FUNCTION,"Deal sourcing, valuation, due diligence, virtual data rooms, transaction and integration management",Intralinks,SS&C Intralinks DealCentre AI,,,,,https://www.intralinks.com/,2026-09-21,DISCOVERY_SEED
MTR-0037,F05,"Product, Service & Innovation Management",ENTERPRISE_FUNCTION,"PLM, requirements, portfolio, ideation, product definition, configuration, change and lifecycle",PTC,PTC Windchill,,,,,https://www.ptc.com/en/products/windchill,2026-09-21,DISCOVERY_SEED
MTR-0038,F05,"Product, Service & Innovation Management",ENTERPRISE_FUNCTION,"PLM, requirements, portfolio, ideation, product definition, configuration, change and lifecycle",Siemens,Siemens Teamcenter,,,,,https://www.siemens.com/,2026-09-21,DISCOVERY_SEED
MTR-0039,F05,"Product, Service & Innovation Management",ENTERPRISE_FUNCTION,"PLM, requirements, portfolio, ideation, product definition, configuration, change and lifecycle",Dassault Systèmes,Dassault Systèmes ENOVIA / 3DEXPERIENCE,,,,,https://www.3ds.com/,2026-09-21,DISCOVERY_SEED
MTR-0040,F05,"Product, Service & Innovation Management",ENTERPRISE_FUNCTION,"PLM, requirements, portfolio, ideation, product definition, configuration, change and lifecycle",Aras,Aras Innovator,,,,,https://www.aras.com/,2026-09-21,DISCOVERY_SEED
MTR-0041,F05,"Product, Service & Innovation Management",ENTERPRISE_FUNCTION,"PLM, requirements, portfolio, ideation, product definition, configuration, change and lifecycle",Autodesk,Autodesk Fusion Manage,,,,,https://www.autodesk.com/,2026-09-21,DISCOVERY_SEED
MTR-0042,F05,"Product, Service & Innovation Management",ENTERPRISE_FUNCTION,"PLM, requirements, portfolio, ideation, product definition, configuration, change and lifecycle",Oracle,Oracle Fusion Cloud PLM,,,,,https://www.oracle.com/,2026-09-21,DISCOVERY_SEED
MTR-0043,F05,"Product, Service & Innovation Management",ENTERPRISE_FUNCTION,"PLM, requirements, portfolio, ideation, product definition, configuration, change and lifecycle",SAP,SAP Integrated Product Development,,,,,https://www.sap.com/products.html,2026-09-21,DISCOVERY_SEED
MTR-0044,F05,"Product, Service & Innovation Management",ENTERPRISE_FUNCTION,"PLM, requirements, portfolio, ideation, product definition, configuration, change and lifecycle",Aha!,Aha!,,,,,https://www.aha.io/,2026-09-21,DISCOVERY_SEED
MTR-0045,F05,"Product, Service & Innovation Management",ENTERPRISE_FUNCTION,"PLM, requirements, portfolio, ideation, product definition, configuration, change and lifecycle",Productboard,Productboard,,,,,https://www.productboard.com/,2026-09-21,DISCOVERY_SEED
MTR-0046,F05,"Product, Service & Innovation Management",ENTERPRISE_FUNCTION,"PLM, requirements, portfolio, ideation, product definition, configuration, change and lifecycle",Atlassian,Jira Product Discovery,,,,,https://www.atlassian.com/,2026-09-21,DISCOVERY_SEED
MTR-0047,F06,Marketing & Brand,ENTERPRISE_FUNCTION,"Market intelligence, brand, campaigns, digital marketing, content, social, events and analytics",Salesforce,Salesforce Marketing Cloud,,,,,https://www.salesforce.com/,2026-09-21,DISCOVERY_SEED
MTR-0048,F06,Marketing & Brand,ENTERPRISE_FUNCTION,"Market intelligence, brand, campaigns, digital marketing, content, social, events and analytics",Adobe,Adobe Experience Cloud / Marketo Engage,,,,,https://www.adobe.com/,2026-09-21,DISCOVERY_SEED
MTR-0049,F06,Marketing & Brand,ENTERPRISE_FUNCTION,"Market intelligence, brand, campaigns, digital marketing, content, social, events and analytics",HubSpot,HubSpot Marketing Hub,,,,,https://www.hubspot.com/,2026-09-21,DISCOVERY_SEED
MTR-0050,F06,Marketing & Brand,ENTERPRISE_FUNCTION,"Market intelligence, brand, campaigns, digital marketing, content, social, events and analytics",Sprinklr,Sprinklr,,,,,https://www.sprinklr.com/,2026-09-21,DISCOVERY_SEED
MTR-0051,F06,Marketing & Brand,ENTERPRISE_FUNCTION,"Market intelligence, brand, campaigns, digital marketing, content, social, events and analytics",Hootsuite,Hootsuite,,,,,https://www.hootsuite.com/,2026-09-21,DISCOVERY_SEED
MTR-0052,F06,Marketing & Brand,ENTERPRISE_FUNCTION,"Market intelligence, brand, campaigns, digital marketing, content, social, events and analytics",Sprout Social,Sprout Social,,,,,https://sproutsocial.com/,2026-09-21,DISCOVERY_SEED
MTR-0053,F06,Marketing & Brand,ENTERPRISE_FUNCTION,"Market intelligence, brand, campaigns, digital marketing, content, social, events and analytics",Semrush,Semrush,,,,,https://www.semrush.com/,2026-09-21,DISCOVERY_SEED
MTR-0054,F06,Marketing & Brand,ENTERPRISE_FUNCTION,"Market intelligence, brand, campaigns, digital marketing, content, social, events and analytics",Brandwatch,Brandwatch,,,,,https://www.brandwatch.com/,2026-09-21,DISCOVERY_SEED
MTR-0055,F06,Marketing & Brand,ENTERPRISE_FUNCTION,"Market intelligence, brand, campaigns, digital marketing, content, social, events and analytics",Mailchimp,Mailchimp,,,,,https://mailchimp.com/,2026-09-21,DISCOVERY_SEED
MTR-0056,F06,Marketing & Brand,ENTERPRISE_FUNCTION,"Market intelligence, brand, campaigns, digital marketing, content, social, events and analytics",Canva,Canva,,,,,https://www.canva.com/,2026-09-21,DISCOVERY_SEED
MTR-0057,F07,Sales & Commercial Management,ENTERPRISE_FUNCTION,"Accounts, opportunities, pipeline, pricing, quotation, bids, proposals, contracts and forecasting",Salesforce,Salesforce Sales Cloud,,,,,https://www.salesforce.com/,2026-09-21,DISCOVERY_SEED
MTR-0058,F07,Sales & Commercial Management,ENTERPRISE_FUNCTION,"Accounts, opportunities, pipeline, pricing, quotation, bids, proposals, contracts and forecasting",Microsoft,Microsoft Dynamics 365 Sales,,,,,https://www.microsoft.com/en-us/dynamics-365,2026-09-21,DISCOVERY_SEED
MTR-0059,F07,Sales & Commercial Management,ENTERPRISE_FUNCTION,"Accounts, opportunities, pipeline, pricing, quotation, bids, proposals, contracts and forecasting",HubSpot,HubSpot Sales Hub,,,,,https://www.hubspot.com/,2026-09-21,DISCOVERY_SEED
MTR-0060,F07,Sales & Commercial Management,ENTERPRISE_FUNCTION,"Accounts, opportunities, pipeline, pricing, quotation, bids, proposals, contracts and forecasting",SAP,SAP Sales Cloud,,,,,https://www.sap.com/products.html,2026-09-21,DISCOVERY_SEED
MTR-0061,F07,Sales & Commercial Management,ENTERPRISE_FUNCTION,"Accounts, opportunities, pipeline, pricing, quotation, bids, proposals, contracts and forecasting",Oracle,Oracle Sales,,,,,https://www.oracle.com/,2026-09-21,DISCOVERY_SEED
MTR-0062,F07,Sales & Commercial Management,ENTERPRISE_FUNCTION,"Accounts, opportunities, pipeline, pricing, quotation, bids, proposals, contracts and forecasting",Zoho,Zoho CRM,,,,,https://www.zoho.com/crm/,2026-09-21,DISCOVERY_SEED
MTR-0063,F07,Sales & Commercial Management,ENTERPRISE_FUNCTION,"Accounts, opportunities, pipeline, pricing, quotation, bids, proposals, contracts and forecasting",Pipedrive,Pipedrive,,,,,https://www.pipedrive.com/,2026-09-21,DISCOVERY_SEED
MTR-0064,F07,Sales & Commercial Management,ENTERPRISE_FUNCTION,"Accounts, opportunities, pipeline, pricing, quotation, bids, proposals, contracts and forecasting",Procore,Procore Preconstruction,,,,,https://www.procore.com/,2026-09-21,DISCOVERY_SEED
MTR-0065,F07,Sales & Commercial Management,ENTERPRISE_FUNCTION,"Accounts, opportunities, pipeline, pricing, quotation, bids, proposals, contracts and forecasting",Autodesk,Autodesk BuildingConnected,,,,,https://www.autodesk.com/,2026-09-21,DISCOVERY_SEED
MTR-0066,F07,Sales & Commercial Management,ENTERPRISE_FUNCTION,"Accounts, opportunities, pipeline, pricing, quotation, bids, proposals, contracts and forecasting",RIB,RIB bid / estimating products,,,,,https://www.rib-software.com/,2026-09-21,DISCOVERY_SEED
MTR-0067,F08,"Customer Service, Experience & Success",ENTERPRISE_FUNCTION,"Onboarding, enquiries, cases, complaints, support, warranty, success and service levels",Salesforce,Salesforce Service Cloud,,,,,https://www.salesforce.com/,2026-09-21,DISCOVERY_SEED
MTR-0068,F08,"Customer Service, Experience & Success",ENTERPRISE_FUNCTION,"Onboarding, enquiries, cases, complaints, support, warranty, success and service levels",Microsoft,Microsoft Dynamics 365 Customer Service,,,,,https://www.microsoft.com/en-us/dynamics-365,2026-09-21,DISCOVERY_SEED
MTR-0069,F08,"Customer Service, Experience & Success",ENTERPRISE_FUNCTION,"Onboarding, enquiries, cases, complaints, support, warranty, success and service levels",ServiceNow,ServiceNow Customer Service Management,,,,,https://www.servicenow.com/,2026-09-21,DISCOVERY_SEED
MTR-0070,F08,"Customer Service, Experience & Success",ENTERPRISE_FUNCTION,"Onboarding, enquiries, cases, complaints, support, warranty, success and service levels",Zendesk,Zendesk,,,,,https://www.zendesk.com/,2026-09-21,DISCOVERY_SEED
MTR-0071,F08,"Customer Service, Experience & Success",ENTERPRISE_FUNCTION,"Onboarding, enquiries, cases, complaints, support, warranty, success and service levels",Freshworks,Freshworks,,,,,https://www.freshworks.com/,2026-09-21,DISCOVERY_SEED
MTR-0072,F08,"Customer Service, Experience & Success",ENTERPRISE_FUNCTION,"Onboarding, enquiries, cases, complaints, support, warranty, success and service levels",Intercom,Intercom,,,,,https://www.intercom.com/,2026-09-21,DISCOVERY_SEED
MTR-0073,F08,"Customer Service, Experience & Success",ENTERPRISE_FUNCTION,"Onboarding, enquiries, cases, complaints, support, warranty, success and service levels",Genesys,Genesys Cloud CX,,,,,https://www.genesys.com/,2026-09-21,DISCOVERY_SEED
MTR-0074,F08,"Customer Service, Experience & Success",ENTERPRISE_FUNCTION,"Onboarding, enquiries, cases, complaints, support, warranty, success and service levels",NICE,NICE CXone,,,,,https://www.nice.com/,2026-09-21,DISCOVERY_SEED
MTR-0075,F08,"Customer Service, Experience & Success",ENTERPRISE_FUNCTION,"Onboarding, enquiries, cases, complaints, support, warranty, success and service levels",SAP,SAP Service Cloud,,,,,https://www.sap.com/products.html,2026-09-21,DISCOVERY_SEED
MTR-0076,F08,"Customer Service, Experience & Success",ENTERPRISE_FUNCTION,"Onboarding, enquiries, cases, complaints, support, warranty, success and service levels",Oracle,Oracle B2B Service,,,,,https://www.oracle.com/,2026-09-21,DISCOVERY_SEED
MTR-0077,F09,Procurement & Supplier Management,ENTERPRISE_FUNCTION,"Category management, sourcing, supplier onboarding, RFx, contracting, requisitioning, purchasing and supplier performance",SAP,SAP Ariba,,,,,https://www.sap.com/products.html,2026-09-21,DISCOVERY_SEED
MTR-0078,F09,Procurement & Supplier Management,ENTERPRISE_FUNCTION,"Category management, sourcing, supplier onboarding, RFx, contracting, requisitioning, purchasing and supplier performance",Coupa,Coupa,,,,,https://www.coupa.com/,2026-09-21,DISCOVERY_SEED
MTR-0079,F09,Procurement & Supplier Management,ENTERPRISE_FUNCTION,"Category management, sourcing, supplier onboarding, RFx, contracting, requisitioning, purchasing and supplier performance",Oracle,Oracle Procurement,,,,,https://www.oracle.com/,2026-09-21,DISCOVERY_SEED
MTR-0080,F09,Procurement & Supplier Management,ENTERPRISE_FUNCTION,"Category management, sourcing, supplier onboarding, RFx, contracting, requisitioning, purchasing and supplier performance",Ivalua,Ivalua,,,,,https://www.ivalua.com/,2026-09-21,DISCOVERY_SEED
MTR-0081,F09,Procurement & Supplier Management,ENTERPRISE_FUNCTION,"Category management, sourcing, supplier onboarding, RFx, contracting, requisitioning, purchasing and supplier performance",JAGGAER,JAGGAER,,,,,https://www.jaggaer.com/,2026-09-21,DISCOVERY_SEED
MTR-0082,F09,Procurement & Supplier Management,ENTERPRISE_FUNCTION,"Category management, sourcing, supplier onboarding, RFx, contracting, requisitioning, purchasing and supplier performance",GEP,GEP SMART,,,,,https://www.gep.com/,2026-09-21,DISCOVERY_SEED
MTR-0083,F09,Procurement & Supplier Management,ENTERPRISE_FUNCTION,"Category management, sourcing, supplier onboarding, RFx, contracting, requisitioning, purchasing and supplier performance",Proactis,Proactis,,,,,https://www.proactis.com/,2026-09-21,DISCOVERY_SEED
MTR-0084,F09,Procurement & Supplier Management,ENTERPRISE_FUNCTION,"Category management, sourcing, supplier onboarding, RFx, contracting, requisitioning, purchasing and supplier performance",Zycus,Zycus,,,,,https://www.zycus.com/,2026-09-21,DISCOVERY_SEED
MTR-0085,F09,Procurement & Supplier Management,ENTERPRISE_FUNCTION,"Category management, sourcing, supplier onboarding, RFx, contracting, requisitioning, purchasing and supplier performance",Basware,Basware,,,,,https://www.basware.com/,2026-09-21,DISCOVERY_SEED
MTR-0086,F09,Procurement & Supplier Management,ENTERPRISE_FUNCTION,"Category management, sourcing, supplier onboarding, RFx, contracting, requisitioning, purchasing and supplier performance",Autodesk,Autodesk BuildingConnected,,,,,https://www.autodesk.com/,2026-09-21,DISCOVERY_SEED
MTR-0087,F10,"Demand, Supply Chain & Logistics",ENTERPRISE_FUNCTION,"Demand and supply planning, inventory, warehouse, transport, distribution and supply-chain risk",SAP,SAP Integrated Business Planning / EWM / TM,,,,,https://www.sap.com/products.html,2026-09-21,DISCOVERY_SEED
MTR-0088,F10,"Demand, Supply Chain & Logistics",ENTERPRISE_FUNCTION,"Demand and supply planning, inventory, warehouse, transport, distribution and supply-chain risk",Oracle,Oracle SCM,,,,,https://www.oracle.com/,2026-09-21,DISCOVERY_SEED
MTR-0089,F10,"Demand, Supply Chain & Logistics",ENTERPRISE_FUNCTION,"Demand and supply planning, inventory, warehouse, transport, distribution and supply-chain risk",Microsoft,Microsoft Dynamics 365 Supply Chain Management,,,,,https://www.microsoft.com/en-us/dynamics-365,2026-09-21,DISCOVERY_SEED
MTR-0090,F10,"Demand, Supply Chain & Logistics",ENTERPRISE_FUNCTION,"Demand and supply planning, inventory, warehouse, transport, distribution and supply-chain risk",Blue Yonder,Blue Yonder,,,,,https://blueyonder.com/,2026-09-21,DISCOVERY_SEED
MTR-0091,F10,"Demand, Supply Chain & Logistics",ENTERPRISE_FUNCTION,"Demand and supply planning, inventory, warehouse, transport, distribution and supply-chain risk",Kinaxis,Kinaxis RapidResponse / Maestro,,,,,https://www.kinaxis.com/,2026-09-21,DISCOVERY_SEED
MTR-0092,F10,"Demand, Supply Chain & Logistics",ENTERPRISE_FUNCTION,"Demand and supply planning, inventory, warehouse, transport, distribution and supply-chain risk",Manhattan Associates,Manhattan Associates,,,,,https://www.manh.com/,2026-09-21,DISCOVERY_SEED
MTR-0093,F10,"Demand, Supply Chain & Logistics",ENTERPRISE_FUNCTION,"Demand and supply planning, inventory, warehouse, transport, distribution and supply-chain risk",Infor,Infor Supply Chain,,,,,https://www.infor.com/,2026-09-21,DISCOVERY_SEED
MTR-0094,F10,"Demand, Supply Chain & Logistics",ENTERPRISE_FUNCTION,"Demand and supply planning, inventory, warehouse, transport, distribution and supply-chain risk",Körber,Körber,,,,,https://www.koerber-supplychain.com/,2026-09-21,DISCOVERY_SEED
MTR-0095,F10,"Demand, Supply Chain & Logistics",ENTERPRISE_FUNCTION,"Demand and supply planning, inventory, warehouse, transport, distribution and supply-chain risk",Descartes,Descartes,,,,,https://www.descartes.com/,2026-09-21,DISCOVERY_SEED
MTR-0096,F10,"Demand, Supply Chain & Logistics",ENTERPRISE_FUNCTION,"Demand and supply planning, inventory, warehouse, transport, distribution and supply-chain risk",e2open,e2open,,,,,https://www.e2open.com/,2026-09-21,DISCOVERY_SEED
MTR-0097,F11,Manufacturing / Production Operations,ENTERPRISE_FUNCTION,"Production planning, scheduling, MES, execution, WIP, capacity, quality and reporting",SAP,SAP Digital Manufacturing,,,,,https://www.sap.com/products.html,2026-09-21,DISCOVERY_SEED
MTR-0098,F11,Manufacturing / Production Operations,ENTERPRISE_FUNCTION,"Production planning, scheduling, MES, execution, WIP, capacity, quality and reporting",Siemens,Siemens Opcenter,,,,,https://www.siemens.com/,2026-09-21,DISCOVERY_SEED
MTR-0099,F11,Manufacturing / Production Operations,ENTERPRISE_FUNCTION,"Production planning, scheduling, MES, execution, WIP, capacity, quality and reporting",Oracle,Oracle Manufacturing,,,,,https://www.oracle.com/,2026-09-21,DISCOVERY_SEED
MTR-0100,F11,Manufacturing / Production Operations,ENTERPRISE_FUNCTION,"Production planning, scheduling, MES, execution, WIP, capacity, quality and reporting",Microsoft,Microsoft Dynamics 365 Supply Chain Management,,,,,https://www.microsoft.com/en-us/dynamics-365,2026-09-21,DISCOVERY_SEED
MTR-0101,F11,Manufacturing / Production Operations,ENTERPRISE_FUNCTION,"Production planning, scheduling, MES, execution, WIP, capacity, quality and reporting",Dassault Systèmes,Dassault Systèmes DELMIA,,,,,https://www.3ds.com/,2026-09-21,DISCOVERY_SEED
MTR-0102,F11,Manufacturing / Production Operations,ENTERPRISE_FUNCTION,"Production planning, scheduling, MES, execution, WIP, capacity, quality and reporting",Rockwell Automation,Rockwell Automation Plex / FactoryTalk,,,,,https://www.rockwellautomation.com/,2026-09-21,DISCOVERY_SEED
MTR-0103,F11,Manufacturing / Production Operations,ENTERPRISE_FUNCTION,"Production planning, scheduling, MES, execution, WIP, capacity, quality and reporting",Epicor,Epicor,,,,,https://www.epicor.com/,2026-09-21,DISCOVERY_SEED
MTR-0104,F11,Manufacturing / Production Operations,ENTERPRISE_FUNCTION,"Production planning, scheduling, MES, execution, WIP, capacity, quality and reporting",Infor,Infor,,,,,https://www.infor.com/,2026-09-21,DISCOVERY_SEED
MTR-0105,F11,Manufacturing / Production Operations,ENTERPRISE_FUNCTION,"Production planning, scheduling, MES, execution, WIP, capacity, quality and reporting",Tulip,Tulip,,,,,https://tulip.co/,2026-09-21,DISCOVERY_SEED
MTR-0106,F11,Manufacturing / Production Operations,ENTERPRISE_FUNCTION,"Production planning, scheduling, MES, execution, WIP, capacity, quality and reporting",Trimble,Tekla PowerFab,,,,,https://www.trimble.com/,2026-09-21,DISCOVERY_SEED
MTR-0107,F12,Service Delivery & Field Operations,ENTERPRISE_FUNCTION,"Service planning, scheduling, dispatch, work orders, mobile field execution, acceptance and service performance",IFS,IFS Cloud,,,,,https://www.ifs.com/,2026-09-21,DISCOVERY_SEED
MTR-0108,F12,Service Delivery & Field Operations,ENTERPRISE_FUNCTION,"Service planning, scheduling, dispatch, work orders, mobile field execution, acceptance and service performance",Salesforce,Salesforce Field Service,,,,,https://www.salesforce.com/,2026-09-21,DISCOVERY_SEED
MTR-0109,F12,Service Delivery & Field Operations,ENTERPRISE_FUNCTION,"Service planning, scheduling, dispatch, work orders, mobile field execution, acceptance and service performance",Microsoft,Microsoft Dynamics 365 Field Service,,,,,https://www.microsoft.com/en-us/dynamics-365,2026-09-21,DISCOVERY_SEED
MTR-0110,F12,Service Delivery & Field Operations,ENTERPRISE_FUNCTION,"Service planning, scheduling, dispatch, work orders, mobile field execution, acceptance and service performance",ServiceNow,ServiceNow Field Service Management,,,,,https://www.servicenow.com/,2026-09-21,DISCOVERY_SEED
MTR-0111,F12,Service Delivery & Field Operations,ENTERPRISE_FUNCTION,"Service planning, scheduling, dispatch, work orders, mobile field execution, acceptance and service performance",Oracle,Oracle Field Service,,,,,https://www.oracle.com/,2026-09-21,DISCOVERY_SEED
MTR-0112,F12,Service Delivery & Field Operations,ENTERPRISE_FUNCTION,"Service planning, scheduling, dispatch, work orders, mobile field execution, acceptance and service performance",PTC,PTC ServiceMax,,,,,https://www.ptc.com/en/products/windchill,2026-09-21,DISCOVERY_SEED
MTR-0113,F12,Service Delivery & Field Operations,ENTERPRISE_FUNCTION,"Service planning, scheduling, dispatch, work orders, mobile field execution, acceptance and service performance",IBM,IBM Maximo,,,,,https://www.ibm.com/,2026-09-21,DISCOVERY_SEED
MTR-0114,F12,Service Delivery & Field Operations,ENTERPRISE_FUNCTION,"Service planning, scheduling, dispatch, work orders, mobile field execution, acceptance and service performance",SAP,SAP Field Service Management,,,,,https://www.sap.com/products.html,2026-09-21,DISCOVERY_SEED
MTR-0115,F12,Service Delivery & Field Operations,ENTERPRISE_FUNCTION,"Service planning, scheduling, dispatch, work orders, mobile field execution, acceptance and service performance",Skedulo,Skedulo,,,,,https://www.skedulo.com/,2026-09-21,DISCOVERY_SEED
MTR-0116,F12,Service Delivery & Field Operations,ENTERPRISE_FUNCTION,"Service planning, scheduling, dispatch, work orders, mobile field execution, acceptance and service performance",Simpro,Simpro,,,,,https://www.simprogroup.com/,2026-09-21,DISCOVERY_SEED
MTR-0117,F13,Quality Management,ENTERPRISE_FUNCTION,"Quality planning, inspections, assurance, NCR, CAPA, supplier quality, documentation and analytics",ETQ,ETQ Reliance,,,,,https://www.etq.com/,2026-09-21,DISCOVERY_SEED
MTR-0118,F13,Quality Management,ENTERPRISE_FUNCTION,"Quality planning, inspections, assurance, NCR, CAPA, supplier quality, documentation and analytics",MasterControl,MasterControl,,,,,https://www.mastercontrol.com/,2026-09-21,DISCOVERY_SEED
MTR-0119,F13,Quality Management,ENTERPRISE_FUNCTION,"Quality planning, inspections, assurance, NCR, CAPA, supplier quality, documentation and analytics",Ideagen,Ideagen Quality Management,,,,,https://www.ideagen.com/,2026-09-21,DISCOVERY_SEED
MTR-0120,F13,Quality Management,ENTERPRISE_FUNCTION,"Quality planning, inspections, assurance, NCR, CAPA, supplier quality, documentation and analytics",Intelex,Intelex Quality Management,,,,,https://www.intelex.com/,2026-09-21,DISCOVERY_SEED
MTR-0121,F13,Quality Management,ENTERPRISE_FUNCTION,"Quality planning, inspections, assurance, NCR, CAPA, supplier quality, documentation and analytics",Honeywell,TrackWise Digital,,,,,https://www.spartasystems.com/,2026-09-21,DISCOVERY_SEED
MTR-0122,F13,Quality Management,ENTERPRISE_FUNCTION,"Quality planning, inspections, assurance, NCR, CAPA, supplier quality, documentation and analytics",SAP,SAP Quality Management,,,,,https://www.sap.com/products.html,2026-09-21,DISCOVERY_SEED
MTR-0123,F13,Quality Management,ENTERPRISE_FUNCTION,"Quality planning, inspections, assurance, NCR, CAPA, supplier quality, documentation and analytics",Oracle,Oracle Quality Management,,,,,https://www.oracle.com/,2026-09-21,DISCOVERY_SEED
MTR-0124,F13,Quality Management,ENTERPRISE_FUNCTION,"Quality planning, inspections, assurance, NCR, CAPA, supplier quality, documentation and analytics",Siemens,Siemens Teamcenter Quality,,,,,https://www.siemens.com/,2026-09-21,DISCOVERY_SEED
MTR-0125,F13,Quality Management,ENTERPRISE_FUNCTION,"Quality planning, inspections, assurance, NCR, CAPA, supplier quality, documentation and analytics",Procore,Procore Quality & Safety,,,,,https://www.procore.com/,2026-09-21,DISCOVERY_SEED
MTR-0126,F13,Quality Management,ENTERPRISE_FUNCTION,"Quality planning, inspections, assurance, NCR, CAPA, supplier quality, documentation and analytics",Autodesk,Autodesk Build,,,,,https://www.autodesk.com/,2026-09-21,DISCOVERY_SEED
MTR-0127,F13,Quality Management,ENTERPRISE_FUNCTION,"Quality planning, inspections, assurance, NCR, CAPA, supplier quality, documentation and analytics",Trimble,Trimble Field View,,,,,https://www.trimble.com/,2026-09-21,DISCOVERY_SEED
MTR-0128,F13,Quality Management,ENTERPRISE_FUNCTION,"Quality planning, inspections, assurance, NCR, CAPA, supplier quality, documentation and analytics",Dalux,Dalux Field,,,,,https://www.dalux.com/,2026-09-21,DISCOVERY_SEED
MTR-0129,F14,"Finance, Accounting, Treasury & Tax",ENTERPRISE_FUNCTION,"GL, AP, AR, expenses, assets, cost accounting, close, consolidation, treasury, tax and project finance",SAP,SAP Cloud ERP,,,,,https://www.sap.com/products.html,2026-09-21,DISCOVERY_SEED
MTR-0130,F14,"Finance, Accounting, Treasury & Tax",ENTERPRISE_FUNCTION,"GL, AP, AR, expenses, assets, cost accounting, close, consolidation, treasury, tax and project finance",Oracle,Oracle Fusion Cloud Financials,,,,,https://www.oracle.com/,2026-09-21,DISCOVERY_SEED
MTR-0131,F14,"Finance, Accounting, Treasury & Tax",ENTERPRISE_FUNCTION,"GL, AP, AR, expenses, assets, cost accounting, close, consolidation, treasury, tax and project finance",Microsoft,Microsoft Dynamics 365 Finance,,,,,https://www.microsoft.com/en-us/dynamics-365,2026-09-21,DISCOVERY_SEED
MTR-0132,F14,"Finance, Accounting, Treasury & Tax",ENTERPRISE_FUNCTION,"GL, AP, AR, expenses, assets, cost accounting, close, consolidation, treasury, tax and project finance",Workday,Workday Financial Management,,,,,https://www.workday.com/,2026-09-21,DISCOVERY_SEED
MTR-0133,F14,"Finance, Accounting, Treasury & Tax",ENTERPRISE_FUNCTION,"GL, AP, AR, expenses, assets, cost accounting, close, consolidation, treasury, tax and project finance",Oracle,Oracle NetSuite,,,,,https://www.oracle.com/,2026-09-21,DISCOVERY_SEED
MTR-0134,F14,"Finance, Accounting, Treasury & Tax",ENTERPRISE_FUNCTION,"GL, AP, AR, expenses, assets, cost accounting, close, consolidation, treasury, tax and project finance",Sage,Sage Intacct,,,,,https://www.sage.com/,2026-09-21,DISCOVERY_SEED
MTR-0135,F14,"Finance, Accounting, Treasury & Tax",ENTERPRISE_FUNCTION,"GL, AP, AR, expenses, assets, cost accounting, close, consolidation, treasury, tax and project finance",Sage,Sage 200,,,,,https://www.sage.com/,2026-09-21,DISCOVERY_SEED
MTR-0136,F14,"Finance, Accounting, Treasury & Tax",ENTERPRISE_FUNCTION,"GL, AP, AR, expenses, assets, cost accounting, close, consolidation, treasury, tax and project finance",Xero,Xero,,,,,https://www.xero.com/,2026-09-21,DISCOVERY_SEED
MTR-0137,F14,"Finance, Accounting, Treasury & Tax",ENTERPRISE_FUNCTION,"GL, AP, AR, expenses, assets, cost accounting, close, consolidation, treasury, tax and project finance",Intuit,QuickBooks Online,,,,,https://quickbooks.intuit.com/,2026-09-21,DISCOVERY_SEED
MTR-0138,F14,"Finance, Accounting, Treasury & Tax",ENTERPRISE_FUNCTION,"GL, AP, AR, expenses, assets, cost accounting, close, consolidation, treasury, tax and project finance",COINS,COINS,,,,,https://www.coins-global.com/,2026-09-21,DISCOVERY_SEED
MTR-0139,F14,"Finance, Accounting, Treasury & Tax",ENTERPRISE_FUNCTION,"GL, AP, AR, expenses, assets, cost accounting, close, consolidation, treasury, tax and project finance",Trimble,Trimble Viewpoint Vista,,,,,https://www.trimble.com/,2026-09-21,DISCOVERY_SEED
MTR-0140,F14,"Finance, Accounting, Treasury & Tax",ENTERPRISE_FUNCTION,"GL, AP, AR, expenses, assets, cost accounting, close, consolidation, treasury, tax and project finance",Trimble,Trimble Spectrum,,,,,https://www.trimble.com/,2026-09-21,DISCOVERY_SEED
MTR-0141,F14,"Finance, Accounting, Treasury & Tax",ENTERPRISE_FUNCTION,"GL, AP, AR, expenses, assets, cost accounting, close, consolidation, treasury, tax and project finance",CMiC,CMiC,,,,,https://cmicglobal.com/,2026-09-21,DISCOVERY_SEED
MTR-0142,F14,"Finance, Accounting, Treasury & Tax",ENTERPRISE_FUNCTION,"GL, AP, AR, expenses, assets, cost accounting, close, consolidation, treasury, tax and project finance",Kyriba,Kyriba,,,,,https://www.kyriba.com/,2026-09-21,DISCOVERY_SEED
MTR-0143,F14,"Finance, Accounting, Treasury & Tax",ENTERPRISE_FUNCTION,"GL, AP, AR, expenses, assets, cost accounting, close, consolidation, treasury, tax and project finance",Avalara,Avalara,,,,,https://www.avalara.com/,2026-09-21,DISCOVERY_SEED
MTR-0144,F15,Human Resources / Human Capital,ENTERPRISE_FUNCTION,"Organisation, job architecture, recruitment, onboarding, time, payroll, compensation, performance, learning and talent",Workday,Workday HCM,,,,,https://www.workday.com/,2026-09-21,DISCOVERY_SEED
MTR-0145,F15,Human Resources / Human Capital,ENTERPRISE_FUNCTION,"Organisation, job architecture, recruitment, onboarding, time, payroll, compensation, performance, learning and talent",SAP,SAP SuccessFactors,,,,,https://www.sap.com/products.html,2026-09-21,DISCOVERY_SEED
MTR-0146,F15,Human Resources / Human Capital,ENTERPRISE_FUNCTION,"Organisation, job architecture, recruitment, onboarding, time, payroll, compensation, performance, learning and talent",Oracle,Oracle HCM Cloud,,,,,https://www.oracle.com/,2026-09-21,DISCOVERY_SEED
MTR-0147,F15,Human Resources / Human Capital,ENTERPRISE_FUNCTION,"Organisation, job architecture, recruitment, onboarding, time, payroll, compensation, performance, learning and talent",UKG,UKG Pro,,,,,https://www.ukg.com/,2026-09-21,DISCOVERY_SEED
MTR-0148,F15,Human Resources / Human Capital,ENTERPRISE_FUNCTION,"Organisation, job architecture, recruitment, onboarding, time, payroll, compensation, performance, learning and talent",Dayforce,Dayforce,,,,,https://www.dayforce.com/,2026-09-21,DISCOVERY_SEED
MTR-0149,F15,Human Resources / Human Capital,ENTERPRISE_FUNCTION,"Organisation, job architecture, recruitment, onboarding, time, payroll, compensation, performance, learning and talent",Rippling,Rippling,,,,,https://www.rippling.com/,2026-09-21,DISCOVERY_SEED
MTR-0150,F15,Human Resources / Human Capital,ENTERPRISE_FUNCTION,"Organisation, job architecture, recruitment, onboarding, time, payroll, compensation, performance, learning and talent",HiBob,HiBob,,,,,https://www.hibob.com/,2026-09-21,DISCOVERY_SEED
MTR-0151,F15,Human Resources / Human Capital,ENTERPRISE_FUNCTION,"Organisation, job architecture, recruitment, onboarding, time, payroll, compensation, performance, learning and talent",BambooHR,BambooHR,,,,,https://www.bamboohr.com/,2026-09-21,DISCOVERY_SEED
MTR-0152,F15,Human Resources / Human Capital,ENTERPRISE_FUNCTION,"Organisation, job architecture, recruitment, onboarding, time, payroll, compensation, performance, learning and talent",Deel,Deel,,,,,https://www.deel.com/,2026-09-21,DISCOVERY_SEED
MTR-0153,F15,Human Resources / Human Capital,ENTERPRISE_FUNCTION,"Organisation, job architecture, recruitment, onboarding, time, payroll, compensation, performance, learning and talent",Personio,Personio,,,,,https://www.personio.com/,2026-09-21,DISCOVERY_SEED
MTR-0154,F15,Human Resources / Human Capital,ENTERPRISE_FUNCTION,"Organisation, job architecture, recruitment, onboarding, time, payroll, compensation, performance, learning and talent",Sage,Sage HR / Payroll,,,,,https://www.sage.com/,2026-09-21,DISCOVERY_SEED
MTR-0155,F15,Human Resources / Human Capital,ENTERPRISE_FUNCTION,"Organisation, job architecture, recruitment, onboarding, time, payroll, compensation, performance, learning and talent",BrightPay,BrightPay,,,,,https://www.brightpay.co.uk/,2026-09-21,DISCOVERY_SEED
MTR-0156,F16,Information Technology,ENTERPRISE_FUNCTION,"IT strategy, architecture, development, DevOps, infrastructure, cloud, service desk, incidents, changes, CMDB and IT assets",ServiceNow,ServiceNow ITSM,,,,,https://www.servicenow.com/,2026-09-21,DISCOVERY_SEED
MTR-0157,F16,Information Technology,ENTERPRISE_FUNCTION,"IT strategy, architecture, development, DevOps, infrastructure, cloud, service desk, incidents, changes, CMDB and IT assets",Atlassian,Jira Service Management,,,,,https://www.atlassian.com/,2026-09-21,DISCOVERY_SEED
MTR-0158,F16,Information Technology,ENTERPRISE_FUNCTION,"IT strategy, architecture, development, DevOps, infrastructure, cloud, service desk, incidents, changes, CMDB and IT assets",BMC,BMC Helix,,,,,https://www.bmc.com/,2026-09-21,DISCOVERY_SEED
MTR-0159,F16,Information Technology,ENTERPRISE_FUNCTION,"IT strategy, architecture, development, DevOps, infrastructure, cloud, service desk, incidents, changes, CMDB and IT assets",Ivanti,Ivanti Neurons,,,,,https://www.ivanti.com/,2026-09-21,DISCOVERY_SEED
MTR-0160,F16,Information Technology,ENTERPRISE_FUNCTION,"IT strategy, architecture, development, DevOps, infrastructure, cloud, service desk, incidents, changes, CMDB and IT assets",ManageEngine,ManageEngine ServiceDesk Plus,,,,,https://www.manageengine.com/,2026-09-21,DISCOVERY_SEED
MTR-0161,F16,Information Technology,ENTERPRISE_FUNCTION,"IT strategy, architecture, development, DevOps, infrastructure, cloud, service desk, incidents, changes, CMDB and IT assets",Freshworks,Freshservice,,,,,https://www.freshworks.com/,2026-09-21,DISCOVERY_SEED
MTR-0162,F16,Information Technology,ENTERPRISE_FUNCTION,"IT strategy, architecture, development, DevOps, infrastructure, cloud, service desk, incidents, changes, CMDB and IT assets",Microsoft,Microsoft Intune,,,,,https://www.microsoft.com/en-us/dynamics-365,2026-09-21,DISCOVERY_SEED
MTR-0163,F16,Information Technology,ENTERPRISE_FUNCTION,"IT strategy, architecture, development, DevOps, infrastructure, cloud, service desk, incidents, changes, CMDB and IT assets",Microsoft,Microsoft Azure,,,,,https://www.microsoft.com/en-us/dynamics-365,2026-09-21,DISCOVERY_SEED
MTR-0164,F16,Information Technology,ENTERPRISE_FUNCTION,"IT strategy, architecture, development, DevOps, infrastructure, cloud, service desk, incidents, changes, CMDB and IT assets",Amazon Web Services,Amazon Web Services,,,,,https://aws.amazon.com/,2026-09-21,DISCOVERY_SEED
MTR-0165,F16,Information Technology,ENTERPRISE_FUNCTION,"IT strategy, architecture, development, DevOps, infrastructure, cloud, service desk, incidents, changes, CMDB and IT assets",GitHub,GitHub,,,,,https://github.com/,2026-09-21,DISCOVERY_SEED
MTR-0166,F16,Information Technology,ENTERPRISE_FUNCTION,"IT strategy, architecture, development, DevOps, infrastructure, cloud, service desk, incidents, changes, CMDB and IT assets",GitLab,GitLab,,,,,https://about.gitlab.com/,2026-09-21,DISCOVERY_SEED
MTR-0167,F16,Information Technology,ENTERPRISE_FUNCTION,"IT strategy, architecture, development, DevOps, infrastructure, cloud, service desk, incidents, changes, CMDB and IT assets",Atlassian,Atlassian Jira,,,,,https://www.atlassian.com/,2026-09-21,DISCOVERY_SEED
MTR-0168,F17,"Data, Analytics & AI",ENTERPRISE_FUNCTION,"Data governance, architecture, MDM, engineering, BI, analytics, data science, AI, catalogues and lifecycle",Microsoft,Microsoft Fabric / Power BI,,,,,https://www.microsoft.com/en-us/dynamics-365,2026-09-21,DISCOVERY_SEED
MTR-0169,F17,"Data, Analytics & AI",ENTERPRISE_FUNCTION,"Data governance, architecture, MDM, engineering, BI, analytics, data science, AI, catalogues and lifecycle",Snowflake,Snowflake,,,,,https://www.snowflake.com/,2026-09-21,DISCOVERY_SEED
MTR-0170,F17,"Data, Analytics & AI",ENTERPRISE_FUNCTION,"Data governance, architecture, MDM, engineering, BI, analytics, data science, AI, catalogues and lifecycle",Databricks,Databricks,,,,,https://www.databricks.com/,2026-09-21,DISCOVERY_SEED
MTR-0171,F17,"Data, Analytics & AI",ENTERPRISE_FUNCTION,"Data governance, architecture, MDM, engineering, BI, analytics, data science, AI, catalogues and lifecycle",Tableau,Tableau,,,,,https://www.tableau.com/,2026-09-21,DISCOVERY_SEED
MTR-0172,F17,"Data, Analytics & AI",ENTERPRISE_FUNCTION,"Data governance, architecture, MDM, engineering, BI, analytics, data science, AI, catalogues and lifecycle",Qlik,Qlik,,,,,https://www.qlik.com/,2026-09-21,DISCOVERY_SEED
MTR-0173,F17,"Data, Analytics & AI",ENTERPRISE_FUNCTION,"Data governance, architecture, MDM, engineering, BI, analytics, data science, AI, catalogues and lifecycle",Alteryx,Alteryx,,,,,https://www.alteryx.com/,2026-09-21,DISCOVERY_SEED
MTR-0174,F17,"Data, Analytics & AI",ENTERPRISE_FUNCTION,"Data governance, architecture, MDM, engineering, BI, analytics, data science, AI, catalogues and lifecycle",Infor,Informatica,,,,,https://www.infor.com/,2026-09-21,DISCOVERY_SEED
MTR-0175,F17,"Data, Analytics & AI",ENTERPRISE_FUNCTION,"Data governance, architecture, MDM, engineering, BI, analytics, data science, AI, catalogues and lifecycle",Collibra,Collibra,,,,,https://www.collibra.com/,2026-09-21,DISCOVERY_SEED
MTR-0176,F17,"Data, Analytics & AI",ENTERPRISE_FUNCTION,"Data governance, architecture, MDM, engineering, BI, analytics, data science, AI, catalogues and lifecycle",Dataiku,Dataiku,,,,,https://www.dataiku.com/,2026-09-21,DISCOVERY_SEED
MTR-0177,F17,"Data, Analytics & AI",ENTERPRISE_FUNCTION,"Data governance, architecture, MDM, engineering, BI, analytics, data science, AI, catalogues and lifecycle",dbt Labs,dbt,,,,,https://www.getdbt.com/,2026-09-21,DISCOVERY_SEED
MTR-0178,F17,"Data, Analytics & AI",ENTERPRISE_FUNCTION,"Data governance, architecture, MDM, engineering, BI, analytics, data science, AI, catalogues and lifecycle",Fivetran,Fivetran,,,,,https://www.fivetran.com/,2026-09-21,DISCOVERY_SEED
MTR-0179,F17,"Data, Analytics & AI",ENTERPRISE_FUNCTION,"Data governance, architecture, MDM, engineering, BI, analytics, data science, AI, catalogues and lifecycle",Google,Google Looker,,,,,https://cloud.google.com/looker,2026-09-21,DISCOVERY_SEED
MTR-0180,F17,"Data, Analytics & AI",ENTERPRISE_FUNCTION,"Data governance, architecture, MDM, engineering, BI, analytics, data science, AI, catalogues and lifecycle",SAS,SAS Viya,,,,,https://www.sas.com/,2026-09-21,DISCOVERY_SEED
MTR-0181,F17,"Data, Analytics & AI",ENTERPRISE_FUNCTION,"Data governance, architecture, MDM, engineering, BI, analytics, data science, AI, catalogues and lifecycle",Palantir,Palantir Foundry,,,,,https://www.palantir.com/,2026-09-21,DISCOVERY_SEED
MTR-0182,F18,Cybersecurity & Information Security,ENTERPRISE_FUNCTION,"Identity, vulnerability, endpoint, monitoring, SIEM, incident response, cloud security, application security and threat intelligence",Microsoft,Microsoft Defender / Sentinel / Entra,,,,,https://www.microsoft.com/en-us/dynamics-365,2026-09-21,DISCOVERY_SEED
MTR-0183,F18,Cybersecurity & Information Security,ENTERPRISE_FUNCTION,"Identity, vulnerability, endpoint, monitoring, SIEM, incident response, cloud security, application security and threat intelligence",CrowdStrike,CrowdStrike Falcon,,,,,https://www.crowdstrike.com/,2026-09-21,DISCOVERY_SEED
MTR-0184,F18,Cybersecurity & Information Security,ENTERPRISE_FUNCTION,"Identity, vulnerability, endpoint, monitoring, SIEM, incident response, cloud security, application security and threat intelligence",Palo Alto Networks,Palo Alto Networks Cortex,,,,,https://www.paloaltonetworks.com/,2026-09-21,DISCOVERY_SEED
MTR-0185,F18,Cybersecurity & Information Security,ENTERPRISE_FUNCTION,"Identity, vulnerability, endpoint, monitoring, SIEM, incident response, cloud security, application security and threat intelligence",Splunk,Splunk Enterprise Security,,,,,https://www.splunk.com/,2026-09-21,DISCOVERY_SEED
MTR-0186,F18,Cybersecurity & Information Security,ENTERPRISE_FUNCTION,"Identity, vulnerability, endpoint, monitoring, SIEM, incident response, cloud security, application security and threat intelligence",Wiz,Wiz,,,,,https://www.wiz.io/,2026-09-21,DISCOVERY_SEED
MTR-0187,F18,Cybersecurity & Information Security,ENTERPRISE_FUNCTION,"Identity, vulnerability, endpoint, monitoring, SIEM, incident response, cloud security, application security and threat intelligence",Okta,Okta,,,,,https://www.okta.com/,2026-09-21,DISCOVERY_SEED
MTR-0188,F18,Cybersecurity & Information Security,ENTERPRISE_FUNCTION,"Identity, vulnerability, endpoint, monitoring, SIEM, incident response, cloud security, application security and threat intelligence",CyberArk,CyberArk,,,,,https://www.cyberark.com/,2026-09-21,DISCOVERY_SEED
MTR-0189,F18,Cybersecurity & Information Security,ENTERPRISE_FUNCTION,"Identity, vulnerability, endpoint, monitoring, SIEM, incident response, cloud security, application security and threat intelligence",Tenable,Tenable,,,,,https://www.tenable.com/,2026-09-21,DISCOVERY_SEED
MTR-0190,F18,Cybersecurity & Information Security,ENTERPRISE_FUNCTION,"Identity, vulnerability, endpoint, monitoring, SIEM, incident response, cloud security, application security and threat intelligence",Qualys,Qualys,,,,,https://www.qualys.com/,2026-09-21,DISCOVERY_SEED
MTR-0191,F18,Cybersecurity & Information Security,ENTERPRISE_FUNCTION,"Identity, vulnerability, endpoint, monitoring, SIEM, incident response, cloud security, application security and threat intelligence",Rapid7,Rapid7,,,,,https://www.rapid7.com/,2026-09-21,DISCOVERY_SEED
MTR-0192,F18,Cybersecurity & Information Security,ENTERPRISE_FUNCTION,"Identity, vulnerability, endpoint, monitoring, SIEM, incident response, cloud security, application security and threat intelligence",Snyk,Snyk,,,,,https://snyk.io/,2026-09-21,DISCOVERY_SEED
MTR-0193,F18,Cybersecurity & Information Security,ENTERPRISE_FUNCTION,"Identity, vulnerability, endpoint, monitoring, SIEM, incident response, cloud security, application security and threat intelligence",Zscaler,Zscaler,,,,,https://www.zscaler.com/,2026-09-21,DISCOVERY_SEED
MTR-0194,F18,Cybersecurity & Information Security,ENTERPRISE_FUNCTION,"Identity, vulnerability, endpoint, monitoring, SIEM, incident response, cloud security, application security and threat intelligence",Cloudflare,Cloudflare,,,,,https://www.cloudflare.com/,2026-09-21,DISCOVERY_SEED
MTR-0195,F18,Cybersecurity & Information Security,ENTERPRISE_FUNCTION,"Identity, vulnerability, endpoint, monitoring, SIEM, incident response, cloud security, application security and threat intelligence",Proofpoint,Proofpoint,,,,,https://www.proofpoint.com/,2026-09-21,DISCOVERY_SEED
MTR-0196,F19,Legal & Corporate Secretariat,ENTERPRISE_FUNCTION,"Contract lifecycle, legal matters, entities, e-signature, obligations, legal knowledge and corporate records",Icertis,Icertis Contract Intelligence,,,,,https://www.icertis.com/,2026-09-21,DISCOVERY_SEED
MTR-0197,F19,Legal & Corporate Secretariat,ENTERPRISE_FUNCTION,"Contract lifecycle, legal matters, entities, e-signature, obligations, legal knowledge and corporate records",Ironclad,Ironclad,,,,,https://ironcladapp.com/,2026-09-21,DISCOVERY_SEED
MTR-0198,F19,Legal & Corporate Secretariat,ENTERPRISE_FUNCTION,"Contract lifecycle, legal matters, entities, e-signature, obligations, legal knowledge and corporate records",DocuSign,DocuSign CLM,,,,,https://www.docusign.com/,2026-09-21,DISCOVERY_SEED
MTR-0199,F19,Legal & Corporate Secretariat,ENTERPRISE_FUNCTION,"Contract lifecycle, legal matters, entities, e-signature, obligations, legal knowledge and corporate records",ContractPodAi,ContractPodAi,,,,,https://contractpodai.com/,2026-09-21,DISCOVERY_SEED
MTR-0200,F19,Legal & Corporate Secretariat,ENTERPRISE_FUNCTION,"Contract lifecycle, legal matters, entities, e-signature, obligations, legal knowledge and corporate records",Agiloft,Agiloft,,,,,https://www.agiloft.com/,2026-09-21,DISCOVERY_SEED
MTR-0201,F19,Legal & Corporate Secretariat,ENTERPRISE_FUNCTION,"Contract lifecycle, legal matters, entities, e-signature, obligations, legal knowledge and corporate records",Sirion,Sirion,,,,,https://www.sirion.ai/,2026-09-21,DISCOVERY_SEED
MTR-0202,F19,Legal & Corporate Secretariat,ENTERPRISE_FUNCTION,"Contract lifecycle, legal matters, entities, e-signature, obligations, legal knowledge and corporate records",Evisort,Evisort,,,,,https://www.evisort.com/,2026-09-21,DISCOVERY_SEED
MTR-0203,F19,Legal & Corporate Secretariat,ENTERPRISE_FUNCTION,"Contract lifecycle, legal matters, entities, e-signature, obligations, legal knowledge and corporate records",Thomson Reuters,Thomson Reuters HighQ,,,,,https://www.thomsonreuters.com/,2026-09-21,DISCOVERY_SEED
MTR-0204,F19,Legal & Corporate Secretariat,ENTERPRISE_FUNCTION,"Contract lifecycle, legal matters, entities, e-signature, obligations, legal knowledge and corporate records",Litera,Litera,,,,,https://www.litera.com/,2026-09-21,DISCOVERY_SEED
MTR-0205,F19,Legal & Corporate Secretariat,ENTERPRISE_FUNCTION,"Contract lifecycle, legal matters, entities, e-signature, obligations, legal knowledge and corporate records",Diligent,Diligent Entities,,,,,https://www.diligent.com/platform/diligent-one,2026-09-21,DISCOVERY_SEED
MTR-0206,F19,Legal & Corporate Secretariat,ENTERPRISE_FUNCTION,"Contract lifecycle, legal matters, entities, e-signature, obligations, legal knowledge and corporate records",Athennian,Athennian,,,,,https://www.athennian.com/,2026-09-21,DISCOVERY_SEED
MTR-0207,F19,Legal & Corporate Secretariat,ENTERPRISE_FUNCTION,"Contract lifecycle, legal matters, entities, e-signature, obligations, legal knowledge and corporate records",DocuSign,DocuSign eSignature,,,,,https://www.docusign.com/,2026-09-21,DISCOVERY_SEED
MTR-0208,F20,"Risk, Compliance, Internal Control & Audit",ENTERPRISE_FUNCTION,"Enterprise risk, compliance, controls, audit, issues, third-party risk, cyber GRC and assurance",MetricStream,MetricStream,,,,,https://www.metricstream.com/,2026-09-21,DISCOVERY_SEED
MTR-0209,F20,"Risk, Compliance, Internal Control & Audit",ENTERPRISE_FUNCTION,"Enterprise risk, compliance, controls, audit, issues, third-party risk, cyber GRC and assurance",AuditBoard,AuditBoard,,,,,https://www.auditboard.com/,2026-09-21,DISCOVERY_SEED
MTR-0210,F20,"Risk, Compliance, Internal Control & Audit",ENTERPRISE_FUNCTION,"Enterprise risk, compliance, controls, audit, issues, third-party risk, cyber GRC and assurance",Diligent,Diligent One,,,,,https://www.diligent.com/platform/diligent-one,2026-09-21,DISCOVERY_SEED
MTR-0211,F20,"Risk, Compliance, Internal Control & Audit",ENTERPRISE_FUNCTION,"Enterprise risk, compliance, controls, audit, issues, third-party risk, cyber GRC and assurance",ServiceNow,ServiceNow Integrated Risk Management,,,,,https://www.servicenow.com/,2026-09-21,DISCOVERY_SEED
MTR-0212,F20,"Risk, Compliance, Internal Control & Audit",ENTERPRISE_FUNCTION,"Enterprise risk, compliance, controls, audit, issues, third-party risk, cyber GRC and assurance",Archer,Archer,,,,,https://www.archerirm.com/,2026-09-21,DISCOVERY_SEED
MTR-0213,F20,"Risk, Compliance, Internal Control & Audit",ENTERPRISE_FUNCTION,"Enterprise risk, compliance, controls, audit, issues, third-party risk, cyber GRC and assurance",LogicGate,LogicGate,,,,,https://www.logicgate.com/,2026-09-21,DISCOVERY_SEED
MTR-0214,F20,"Risk, Compliance, Internal Control & Audit",ENTERPRISE_FUNCTION,"Enterprise risk, compliance, controls, audit, issues, third-party risk, cyber GRC and assurance",Workiva,Workiva,,,,,https://www.workiva.com/,2026-09-21,DISCOVERY_SEED
MTR-0215,F20,"Risk, Compliance, Internal Control & Audit",ENTERPRISE_FUNCTION,"Enterprise risk, compliance, controls, audit, issues, third-party risk, cyber GRC and assurance",NAVEX,NAVEX One,,,,,https://www.navex.com/,2026-09-21,DISCOVERY_SEED
MTR-0216,F20,"Risk, Compliance, Internal Control & Audit",ENTERPRISE_FUNCTION,"Enterprise risk, compliance, controls, audit, issues, third-party risk, cyber GRC and assurance",Riskonnect,Riskonnect,,,,,https://riskonnect.com/,2026-09-21,DISCOVERY_SEED
MTR-0217,F20,"Risk, Compliance, Internal Control & Audit",ENTERPRISE_FUNCTION,"Enterprise risk, compliance, controls, audit, issues, third-party risk, cyber GRC and assurance",Resolver,Resolver,,,,,https://www.resolver.com/,2026-09-21,DISCOVERY_SEED
MTR-0218,F21,Privacy & Information Governance,ENTERPRISE_FUNCTION,"Privacy operations, consent, data mapping, DPIA, DSAR, retention, data-use governance and information protection",OneTrust,OneTrust,,,,,https://www.onetrust.com/products/,2026-09-21,DISCOVERY_SEED
MTR-0219,F21,Privacy & Information Governance,ENTERPRISE_FUNCTION,"Privacy operations, consent, data mapping, DPIA, DSAR, retention, data-use governance and information protection",TrustArc,TrustArc,,,,,https://trustarc.com/,2026-09-21,DISCOVERY_SEED
MTR-0220,F21,Privacy & Information Governance,ENTERPRISE_FUNCTION,"Privacy operations, consent, data mapping, DPIA, DSAR, retention, data-use governance and information protection",BigID,BigID,,,,,https://bigid.com/,2026-09-21,DISCOVERY_SEED
MTR-0221,F21,Privacy & Information Governance,ENTERPRISE_FUNCTION,"Privacy operations, consent, data mapping, DPIA, DSAR, retention, data-use governance and information protection",Microsoft,Microsoft Purview,,,,,https://www.microsoft.com/en-us/dynamics-365,2026-09-21,DISCOVERY_SEED
MTR-0222,F21,Privacy & Information Governance,ENTERPRISE_FUNCTION,"Privacy operations, consent, data mapping, DPIA, DSAR, retention, data-use governance and information protection",Securiti,Securiti,,,,,https://securiti.ai/,2026-09-21,DISCOVERY_SEED
MTR-0223,F21,Privacy & Information Governance,ENTERPRISE_FUNCTION,"Privacy operations, consent, data mapping, DPIA, DSAR, retention, data-use governance and information protection",Collibra,Collibra,,,,,https://www.collibra.com/,2026-09-21,DISCOVERY_SEED
MTR-0224,F21,Privacy & Information Governance,ENTERPRISE_FUNCTION,"Privacy operations, consent, data mapping, DPIA, DSAR, retention, data-use governance and information protection",Transcend,Transcend,,,,,https://transcend.io/,2026-09-21,DISCOVERY_SEED
MTR-0225,F21,Privacy & Information Governance,ENTERPRISE_FUNCTION,"Privacy operations, consent, data mapping, DPIA, DSAR, retention, data-use governance and information protection",DataGrail,DataGrail,,,,,https://www.datagrail.io/,2026-09-21,DISCOVERY_SEED
MTR-0226,F22,"Property, Facilities & Physical Assets",ENTERPRISE_FUNCTION,"Property, space, lease, facilities, asset register, maintenance, work orders, lifecycle and field service",IBM,IBM Maximo Application Suite,,,,,https://www.ibm.com/,2026-09-21,DISCOVERY_SEED
MTR-0227,F22,"Property, Facilities & Physical Assets",ENTERPRISE_FUNCTION,"Property, space, lease, facilities, asset register, maintenance, work orders, lifecycle and field service",Planon,Planon IWMS,,,,,https://planonsoftware.com/uk/software/iwms/,2026-09-21,DISCOVERY_SEED
MTR-0228,F22,"Property, Facilities & Physical Assets",ENTERPRISE_FUNCTION,"Property, space, lease, facilities, asset register, maintenance, work orders, lifecycle and field service",MRI Software,MRI Software,,,,,https://www.mrisoftware.com/,2026-09-21,DISCOVERY_SEED
MTR-0229,F22,"Property, Facilities & Physical Assets",ENTERPRISE_FUNCTION,"Property, space, lease, facilities, asset register, maintenance, work orders, lifecycle and field service",Eptura,Eptura / Archibus,,,,,https://eptura.com/,2026-09-21,DISCOVERY_SEED
MTR-0230,F22,"Property, Facilities & Physical Assets",ENTERPRISE_FUNCTION,"Property, space, lease, facilities, asset register, maintenance, work orders, lifecycle and field service",Spacewell,Spacewell,,,,,https://spacewell.com/,2026-09-21,DISCOVERY_SEED
MTR-0231,F22,"Property, Facilities & Physical Assets",ENTERPRISE_FUNCTION,"Property, space, lease, facilities, asset register, maintenance, work orders, lifecycle and field service",IFS,IFS Cloud / EAM,,,,,https://www.ifs.com/,2026-09-21,DISCOVERY_SEED
MTR-0232,F22,"Property, Facilities & Physical Assets",ENTERPRISE_FUNCTION,"Property, space, lease, facilities, asset register, maintenance, work orders, lifecycle and field service",SAP,SAP Asset Management,,,,,https://www.sap.com/products.html,2026-09-21,DISCOVERY_SEED
MTR-0233,F22,"Property, Facilities & Physical Assets",ENTERPRISE_FUNCTION,"Property, space, lease, facilities, asset register, maintenance, work orders, lifecycle and field service",Oracle,Oracle Maintenance,,,,,https://www.oracle.com/,2026-09-21,DISCOVERY_SEED
MTR-0234,F22,"Property, Facilities & Physical Assets",ENTERPRISE_FUNCTION,"Property, space, lease, facilities, asset register, maintenance, work orders, lifecycle and field service",Hexagon,HxGN EAM,,,,,https://hexagon.com/,2026-09-21,DISCOVERY_SEED
MTR-0235,F22,"Property, Facilities & Physical Assets",ENTERPRISE_FUNCTION,"Property, space, lease, facilities, asset register, maintenance, work orders, lifecycle and field service",Bentley Systems,Bentley AssetWise,,,,,https://www.bentley.com/,2026-09-21,DISCOVERY_SEED
MTR-0236,F22,"Property, Facilities & Physical Assets",ENTERPRISE_FUNCTION,"Property, space, lease, facilities, asset register, maintenance, work orders, lifecycle and field service",UpKeep,UpKeep,,,,,https://upkeep.com/,2026-09-21,DISCOVERY_SEED
MTR-0237,F22,"Property, Facilities & Physical Assets",ENTERPRISE_FUNCTION,"Property, space, lease, facilities, asset register, maintenance, work orders, lifecycle and field service",Fiix,Fiix,,,,,https://fiixsoftware.com/,2026-09-21,DISCOVERY_SEED
MTR-0238,F23,"Health, Safety, Environment & Sustainability",ENTERPRISE_FUNCTION,"H&S, incidents, inspections, permits, environmental compliance, ESG, carbon, energy and sustainability",Intelex,Intelex,,,,,https://www.intelex.com/,2026-09-21,DISCOVERY_SEED
MTR-0239,F23,"Health, Safety, Environment & Sustainability",ENTERPRISE_FUNCTION,"H&S, incidents, inspections, permits, environmental compliance, ESG, carbon, energy and sustainability",Enablon,Enablon,,,,,https://www.wolterskluwer.com/en/solutions/enablon,2026-09-21,DISCOVERY_SEED
MTR-0240,F23,"Health, Safety, Environment & Sustainability",ENTERPRISE_FUNCTION,"H&S, incidents, inspections, permits, environmental compliance, ESG, carbon, energy and sustainability",Sphera,Sphera,,,,,https://sphera.com/,2026-09-21,DISCOVERY_SEED
MTR-0241,F23,"Health, Safety, Environment & Sustainability",ENTERPRISE_FUNCTION,"H&S, incidents, inspections, permits, environmental compliance, ESG, carbon, energy and sustainability",Cority,Cority,,,,,https://www.cority.com/,2026-09-21,DISCOVERY_SEED
MTR-0242,F23,"Health, Safety, Environment & Sustainability",ENTERPRISE_FUNCTION,"H&S, incidents, inspections, permits, environmental compliance, ESG, carbon, energy and sustainability",EcoOnline,EcoOnline,,,,,https://www.ecoonline.com/,2026-09-21,DISCOVERY_SEED
MTR-0243,F23,"Health, Safety, Environment & Sustainability",ENTERPRISE_FUNCTION,"H&S, incidents, inspections, permits, environmental compliance, ESG, carbon, energy and sustainability",Quentic,Quentic,,,,,https://www.quentic.com/,2026-09-21,DISCOVERY_SEED
MTR-0244,F23,"Health, Safety, Environment & Sustainability",ENTERPRISE_FUNCTION,"H&S, incidents, inspections, permits, environmental compliance, ESG, carbon, energy and sustainability",VelocityEHS,VelocityEHS,,,,,https://www.ehs.com/,2026-09-21,DISCOVERY_SEED
MTR-0245,F23,"Health, Safety, Environment & Sustainability",ENTERPRISE_FUNCTION,"H&S, incidents, inspections, permits, environmental compliance, ESG, carbon, energy and sustainability",Evotix,Evotix,,,,,https://www.evotix.com/,2026-09-21,DISCOVERY_SEED
MTR-0246,F23,"Health, Safety, Environment & Sustainability",ENTERPRISE_FUNCTION,"H&S, incidents, inspections, permits, environmental compliance, ESG, carbon, energy and sustainability",SafetyCulture,SafetyCulture,,,,,https://safetyculture.com/,2026-09-21,DISCOVERY_SEED
MTR-0247,F23,"Health, Safety, Environment & Sustainability",ENTERPRISE_FUNCTION,"H&S, incidents, inspections, permits, environmental compliance, ESG, carbon, energy and sustainability",SAP,SAP Sustainability,,,,,https://www.sap.com/products.html,2026-09-21,DISCOVERY_SEED
MTR-0248,F23,"Health, Safety, Environment & Sustainability",ENTERPRISE_FUNCTION,"H&S, incidents, inspections, permits, environmental compliance, ESG, carbon, energy and sustainability",Persefoni,Persefoni,,,,,https://www.persefoni.com/,2026-09-21,DISCOVERY_SEED
MTR-0249,F23,"Health, Safety, Environment & Sustainability",ENTERPRISE_FUNCTION,"H&S, incidents, inspections, permits, environmental compliance, ESG, carbon, energy and sustainability",Watershed,Watershed,,,,,https://watershed.com/,2026-09-21,DISCOVERY_SEED
MTR-0250,F23,"Health, Safety, Environment & Sustainability",ENTERPRISE_FUNCTION,"H&S, incidents, inspections, permits, environmental compliance, ESG, carbon, energy and sustainability",Sweep,Sweep,,,,,https://www.sweep.net/,2026-09-21,DISCOVERY_SEED
MTR-0251,F23,"Health, Safety, Environment & Sustainability",ENTERPRISE_FUNCTION,"H&S, incidents, inspections, permits, environmental compliance, ESG, carbon, energy and sustainability",One Click LCA,One Click LCA,,,,,https://oneclicklca.com/,2026-09-21,DISCOVERY_SEED
MTR-0252,F24,"Business Continuity, Crisis & Physical Security",ENTERPRISE_FUNCTION,"BCM, resilience, crisis management, emergency notification and physical security operations",Fusion Risk Management,Fusion Risk Management,,,,,https://www.fusionrm.com/,2026-09-21,DISCOVERY_SEED
MTR-0253,F24,"Business Continuity, Crisis & Physical Security",ENTERPRISE_FUNCTION,"BCM, resilience, crisis management, emergency notification and physical security operations",Everbridge,Everbridge,,,,,https://www.everbridge.com/,2026-09-21,DISCOVERY_SEED
MTR-0254,F24,"Business Continuity, Crisis & Physical Security",ENTERPRISE_FUNCTION,"BCM, resilience, crisis management, emergency notification and physical security operations",Riskonnect,Riskonnect,,,,,https://riskonnect.com/,2026-09-21,DISCOVERY_SEED
MTR-0255,F24,"Business Continuity, Crisis & Physical Security",ENTERPRISE_FUNCTION,"BCM, resilience, crisis management, emergency notification and physical security operations",Resolver,Resolver,,,,,https://www.resolver.com/,2026-09-21,DISCOVERY_SEED
MTR-0256,F24,"Business Continuity, Crisis & Physical Security",ENTERPRISE_FUNCTION,"BCM, resilience, crisis management, emergency notification and physical security operations",Noggin,Noggin,,,,,https://www.noggin.io/,2026-09-21,DISCOVERY_SEED
MTR-0257,F24,"Business Continuity, Crisis & Physical Security",ENTERPRISE_FUNCTION,"BCM, resilience, crisis management, emergency notification and physical security operations",AlertMedia,AlertMedia,,,,,https://www.alertmedia.com/,2026-09-21,DISCOVERY_SEED
MTR-0258,F24,"Business Continuity, Crisis & Physical Security",ENTERPRISE_FUNCTION,"BCM, resilience, crisis management, emergency notification and physical security operations",OnSolve,OnSolve,,,,,https://www.onsolve.com/,2026-09-21,DISCOVERY_SEED
MTR-0259,F24,"Business Continuity, Crisis & Physical Security",ENTERPRISE_FUNCTION,"BCM, resilience, crisis management, emergency notification and physical security operations",Genetec,Genetec Security Center,,,,,https://www.genetec.com/,2026-09-21,DISCOVERY_SEED
MTR-0260,F24,"Business Continuity, Crisis & Physical Security",ENTERPRISE_FUNCTION,"BCM, resilience, crisis management, emergency notification and physical security operations",LenelS2,LenelS2 OnGuard,,,,,https://www.lenels2.com/,2026-09-21,DISCOVERY_SEED
MTR-0261,F24,"Business Continuity, Crisis & Physical Security",ENTERPRISE_FUNCTION,"BCM, resilience, crisis management, emergency notification and physical security operations",Milestone Systems,Milestone XProtect,,,,,https://www.milestonesys.com/,2026-09-21,DISCOVERY_SEED
MTR-0262,F24,"Business Continuity, Crisis & Physical Security",ENTERPRISE_FUNCTION,"BCM, resilience, crisis management, emergency notification and physical security operations",Verkada,Verkada,,,,,https://www.verkada.com/,2026-09-21,DISCOVERY_SEED
MTR-0263,F25,"Communications, Public Affairs & Investor Relations",ENTERPRISE_FUNCTION,"Media monitoring, communications, public affairs, social, investor communications, earnings and disclosure",Cision,Cision,,,,,https://www.cision.com/,2026-09-21,DISCOVERY_SEED
MTR-0264,F25,"Communications, Public Affairs & Investor Relations",ENTERPRISE_FUNCTION,"Media monitoring, communications, public affairs, social, investor communications, earnings and disclosure",Meltwater,Meltwater,,,,,https://www.meltwater.com/,2026-09-21,DISCOVERY_SEED
MTR-0265,F25,"Communications, Public Affairs & Investor Relations",ENTERPRISE_FUNCTION,"Media monitoring, communications, public affairs, social, investor communications, earnings and disclosure",Sprinklr,Sprinklr,,,,,https://www.sprinklr.com/,2026-09-21,DISCOVERY_SEED
MTR-0266,F25,"Communications, Public Affairs & Investor Relations",ENTERPRISE_FUNCTION,"Media monitoring, communications, public affairs, social, investor communications, earnings and disclosure",Brandwatch,Brandwatch,,,,,https://www.brandwatch.com/,2026-09-21,DISCOVERY_SEED
MTR-0267,F25,"Communications, Public Affairs & Investor Relations",ENTERPRISE_FUNCTION,"Media monitoring, communications, public affairs, social, investor communications, earnings and disclosure",Hootsuite,Hootsuite,,,,,https://www.hootsuite.com/,2026-09-21,DISCOVERY_SEED
MTR-0268,F25,"Communications, Public Affairs & Investor Relations",ENTERPRISE_FUNCTION,"Media monitoring, communications, public affairs, social, investor communications, earnings and disclosure",Q4,Q4,,,,,https://www.q4inc.com/,2026-09-21,DISCOVERY_SEED
MTR-0269,F25,"Communications, Public Affairs & Investor Relations",ENTERPRISE_FUNCTION,"Media monitoring, communications, public affairs, social, investor communications, earnings and disclosure",Workiva,Workiva,,,,,https://www.workiva.com/,2026-09-21,DISCOVERY_SEED
MTR-0270,F25,"Communications, Public Affairs & Investor Relations",ENTERPRISE_FUNCTION,"Media monitoring, communications, public affairs, social, investor communications, earnings and disclosure",Notified,Notified,,,,,https://www.notified.com/,2026-09-21,DISCOVERY_SEED
MTR-0271,F25,"Communications, Public Affairs & Investor Relations",ENTERPRISE_FUNCTION,"Media monitoring, communications, public affairs, social, investor communications, earnings and disclosure",Onclusive,Onclusive,,,,,https://onclusive.com/,2026-09-21,DISCOVERY_SEED
MTR-0272,F26,"Knowledge, Document & Records Management",ENTERPRISE_FUNCTION,"Knowledge, content, document control, records, retention, collaboration, engineering information and CDE",Microsoft,Microsoft 365 / SharePoint / Purview,,,,,https://www.microsoft.com/en-us/dynamics-365,2026-09-21,DISCOVERY_SEED
MTR-0273,F26,"Knowledge, Document & Records Management",ENTERPRISE_FUNCTION,"Knowledge, content, document control, records, retention, collaboration, engineering information and CDE",OpenText,OpenText Content Management,,,,,https://www.opentext.com/uk/products/core-content-management,2026-09-21,DISCOVERY_SEED
MTR-0274,F26,"Knowledge, Document & Records Management",ENTERPRISE_FUNCTION,"Knowledge, content, document control, records, retention, collaboration, engineering information and CDE",M-Files,M-Files,,,,,https://www.m-files.com/,2026-09-21,DISCOVERY_SEED
MTR-0275,F26,"Knowledge, Document & Records Management",ENTERPRISE_FUNCTION,"Knowledge, content, document control, records, retention, collaboration, engineering information and CDE",Box,Box,,,,,https://www.box.com/,2026-09-21,DISCOVERY_SEED
MTR-0276,F26,"Knowledge, Document & Records Management",ENTERPRISE_FUNCTION,"Knowledge, content, document control, records, retention, collaboration, engineering information and CDE",Egnyte,Egnyte,,,,,https://www.egnyte.com/,2026-09-21,DISCOVERY_SEED
MTR-0277,F26,"Knowledge, Document & Records Management",ENTERPRISE_FUNCTION,"Knowledge, content, document control, records, retention, collaboration, engineering information and CDE",Atlassian,Atlassian Confluence,,,,,https://www.atlassian.com/,2026-09-21,DISCOVERY_SEED
MTR-0278,F26,"Knowledge, Document & Records Management",ENTERPRISE_FUNCTION,"Knowledge, content, document control, records, retention, collaboration, engineering information and CDE",Google,Google Workspace / Drive,,,,,https://cloud.google.com/looker,2026-09-21,DISCOVERY_SEED
MTR-0279,F26,"Knowledge, Document & Records Management",ENTERPRISE_FUNCTION,"Knowledge, content, document control, records, retention, collaboration, engineering information and CDE",Laserfiche,Laserfiche,,,,,https://www.laserfiche.com/,2026-09-21,DISCOVERY_SEED
MTR-0280,F26,"Knowledge, Document & Records Management",ENTERPRISE_FUNCTION,"Knowledge, content, document control, records, retention, collaboration, engineering information and CDE",Hyland,Hyland OnBase,,,,,https://www.hyland.com/,2026-09-21,DISCOVERY_SEED
MTR-0281,F26,"Knowledge, Document & Records Management",ENTERPRISE_FUNCTION,"Knowledge, content, document control, records, retention, collaboration, engineering information and CDE",DocuWare,DocuWare,,,,,https://start.docuware.com/,2026-09-21,DISCOVERY_SEED
MTR-0282,F26,"Knowledge, Document & Records Management",ENTERPRISE_FUNCTION,"Knowledge, content, document control, records, retention, collaboration, engineering information and CDE",Autodesk,Autodesk Docs,,,,,https://www.autodesk.com/,2026-09-21,DISCOVERY_SEED
MTR-0283,F26,"Knowledge, Document & Records Management",ENTERPRISE_FUNCTION,"Knowledge, content, document control, records, retention, collaboration, engineering information and CDE",Oracle,Oracle Aconex,,,,,https://www.oracle.com/,2026-09-21,DISCOVERY_SEED
MTR-0284,F26,"Knowledge, Document & Records Management",ENTERPRISE_FUNCTION,"Knowledge, content, document control, records, retention, collaboration, engineering information and CDE",Asite,Asite,,,,,https://www.asite.com/,2026-09-21,DISCOVERY_SEED
MTR-0285,F26,"Knowledge, Document & Records Management",ENTERPRISE_FUNCTION,"Knowledge, content, document control, records, retention, collaboration, engineering information and CDE",Bentley Systems,Bentley ProjectWise,,,,,https://www.bentley.com/,2026-09-21,DISCOVERY_SEED
MTR-0286,F26,"Knowledge, Document & Records Management",ENTERPRISE_FUNCTION,"Knowledge, content, document control, records, retention, collaboration, engineering information and CDE",Trimble,Trimble Connect,,,,,https://www.trimble.com/,2026-09-21,DISCOVERY_SEED
MTR-0287,F26,"Knowledge, Document & Records Management",ENTERPRISE_FUNCTION,"Knowledge, content, document control, records, retention, collaboration, engineering information and CDE",Viewpoint,Viewpoint for Projects,,,,,,2026-09-21,DISCOVERY_SEED
MTR-0288,F26,"Knowledge, Document & Records Management",ENTERPRISE_FUNCTION,"Knowledge, content, document control, records, retention, collaboration, engineering information and CDE",Dalux,Dalux Box,,,,,https://www.dalux.com/,2026-09-21,DISCOVERY_SEED
MTR-0289,F27,"Portfolio, Programme & Project Management",ENTERPRISE_FUNCTION,"Portfolio, programme, project, scheduling, cost, resources, controls, delivery, collaboration and capital projects",Oracle,Oracle Primavera P6,,,,,https://www.oracle.com/,2026-09-21,DISCOVERY_SEED
MTR-0290,F27,"Portfolio, Programme & Project Management",ENTERPRISE_FUNCTION,"Portfolio, programme, project, scheduling, cost, resources, controls, delivery, collaboration and capital projects",Oracle,Oracle Primavera Cloud,,,,,https://www.oracle.com/,2026-09-21,DISCOVERY_SEED
MTR-0291,F27,"Portfolio, Programme & Project Management",ENTERPRISE_FUNCTION,"Portfolio, programme, project, scheduling, cost, resources, controls, delivery, collaboration and capital projects",Oracle,Oracle Primavera Unifier,,,,,https://www.oracle.com/,2026-09-21,DISCOVERY_SEED
MTR-0292,F27,"Portfolio, Programme & Project Management",ENTERPRISE_FUNCTION,"Portfolio, programme, project, scheduling, cost, resources, controls, delivery, collaboration and capital projects",Microsoft,Microsoft Project / Planner,,,,,https://www.microsoft.com/en-us/dynamics-365,2026-09-21,DISCOVERY_SEED
MTR-0293,F27,"Portfolio, Programme & Project Management",ENTERPRISE_FUNCTION,"Portfolio, programme, project, scheduling, cost, resources, controls, delivery, collaboration and capital projects",Planview,Planview,,,,,https://www.planview.com/,2026-09-21,DISCOVERY_SEED
MTR-0294,F27,"Portfolio, Programme & Project Management",ENTERPRISE_FUNCTION,"Portfolio, programme, project, scheduling, cost, resources, controls, delivery, collaboration and capital projects",Smartsheet,Smartsheet,,,,,https://www.smartsheet.com/,2026-09-21,DISCOVERY_SEED
MTR-0295,F27,"Portfolio, Programme & Project Management",ENTERPRISE_FUNCTION,"Portfolio, programme, project, scheduling, cost, resources, controls, delivery, collaboration and capital projects",Procore,Procore,,,,,https://www.procore.com/,2026-09-21,DISCOVERY_SEED
MTR-0296,F27,"Portfolio, Programme & Project Management",ENTERPRISE_FUNCTION,"Portfolio, programme, project, scheduling, cost, resources, controls, delivery, collaboration and capital projects",Autodesk,Autodesk Build,,,,,https://www.autodesk.com/,2026-09-21,DISCOVERY_SEED
MTR-0297,F27,"Portfolio, Programme & Project Management",ENTERPRISE_FUNCTION,"Portfolio, programme, project, scheduling, cost, resources, controls, delivery, collaboration and capital projects",Asite,Asite,,,,,https://www.asite.com/,2026-09-21,DISCOVERY_SEED
MTR-0298,F27,"Portfolio, Programme & Project Management",ENTERPRISE_FUNCTION,"Portfolio, programme, project, scheduling, cost, resources, controls, delivery, collaboration and capital projects",Trimble,Trimble ProjectSight,,,,,https://www.trimble.com/,2026-09-21,DISCOVERY_SEED
MTR-0299,F27,"Portfolio, Programme & Project Management",ENTERPRISE_FUNCTION,"Portfolio, programme, project, scheduling, cost, resources, controls, delivery, collaboration and capital projects",Elecosoft,Asta Powerproject,,,,,https://www.elecosoft.com/,2026-09-21,DISCOVERY_SEED
MTR-0300,F27,"Portfolio, Programme & Project Management",ENTERPRISE_FUNCTION,"Portfolio, programme, project, scheduling, cost, resources, controls, delivery, collaboration and capital projects",Bentley Systems,Bentley SYNCHRO,,,,,https://www.bentley.com/,2026-09-21,DISCOVERY_SEED
MTR-0301,F27,"Portfolio, Programme & Project Management",ENTERPRISE_FUNCTION,"Portfolio, programme, project, scheduling, cost, resources, controls, delivery, collaboration and capital projects",Hexagon,Hexagon EcoSys,,,,,https://hexagon.com/,2026-09-21,DISCOVERY_SEED
MTR-0302,F27,"Portfolio, Programme & Project Management",ENTERPRISE_FUNCTION,"Portfolio, programme, project, scheduling, cost, resources, controls, delivery, collaboration and capital projects",Safran,Safran Project,,,,,https://www.safran.com/,2026-09-21,DISCOVERY_SEED
MTR-0303,F27,"Portfolio, Programme & Project Management",ENTERPRISE_FUNCTION,"Portfolio, programme, project, scheduling, cost, resources, controls, delivery, collaboration and capital projects",Deltek,Deltek Cobra,,,,,https://www.deltek.com/,2026-09-21,DISCOVERY_SEED
MTR-0304,F27,"Portfolio, Programme & Project Management",ENTERPRISE_FUNCTION,"Portfolio, programme, project, scheduling, cost, resources, controls, delivery, collaboration and capital projects",monday.com,monday.com,,,,,https://monday.com/,2026-09-21,DISCOVERY_SEED
MTR-0305,F27,"Portfolio, Programme & Project Management",ENTERPRISE_FUNCTION,"Portfolio, programme, project, scheduling, cost, resources, controls, delivery, collaboration and capital projects",Wrike,Wrike,,,,,https://www.wrike.com/,2026-09-21,DISCOVERY_SEED
MTR-0306,F28,Change & Transformation Management,ENTERPRISE_FUNCTION,"Transformation portfolios, organisational change, adoption, readiness, communications, benefits and execution",Planview,Planview,,,,,https://www.planview.com/,2026-09-21,DISCOVERY_SEED
MTR-0307,F28,Change & Transformation Management,ENTERPRISE_FUNCTION,"Transformation portfolios, organisational change, adoption, readiness, communications, benefits and execution",ServiceNow,ServiceNow Strategic Portfolio Management,,,,,https://www.servicenow.com/,2026-09-21,DISCOVERY_SEED
MTR-0308,F28,Change & Transformation Management,ENTERPRISE_FUNCTION,"Transformation portfolios, organisational change, adoption, readiness, communications, benefits and execution",WalkMe,WalkMe,,,,,https://www.walkme.com/,2026-09-21,DISCOVERY_SEED
MTR-0309,F28,Change & Transformation Management,ENTERPRISE_FUNCTION,"Transformation portfolios, organisational change, adoption, readiness, communications, benefits and execution",Whatfix,Whatfix,,,,,https://whatfix.com/,2026-09-21,DISCOVERY_SEED
MTR-0310,F28,Change & Transformation Management,ENTERPRISE_FUNCTION,"Transformation portfolios, organisational change, adoption, readiness, communications, benefits and execution",Smartsheet,Smartsheet,,,,,https://www.smartsheet.com/,2026-09-21,DISCOVERY_SEED
MTR-0311,F28,Change & Transformation Management,ENTERPRISE_FUNCTION,"Transformation portfolios, organisational change, adoption, readiness, communications, benefits and execution",Atlassian,Jira,,,,,https://www.atlassian.com/,2026-09-21,DISCOVERY_SEED
MTR-0312,F28,Change & Transformation Management,ENTERPRISE_FUNCTION,"Transformation portfolios, organisational change, adoption, readiness, communications, benefits and execution",monday.com,monday.com,,,,,https://monday.com/,2026-09-21,DISCOVERY_SEED
MTR-0313,F28,Change & Transformation Management,ENTERPRISE_FUNCTION,"Transformation portfolios, organisational change, adoption, readiness, communications, benefits and execution",Miro,Miro,,,,,https://miro.com/,2026-09-21,DISCOVERY_SEED
MTR-0314,F28,Change & Transformation Management,ENTERPRISE_FUNCTION,"Transformation portfolios, organisational change, adoption, readiness, communications, benefits and execution",KaiNexus,KaiNexus,,,,,https://www.kainexus.com/,2026-09-21,DISCOVERY_SEED
MTR-0315,F29,Business Process & Continuous Improvement,ENTERPRISE_FUNCTION,"Process modelling, mining, conformance, automation, workflow, value-stream and continuous improvement",SAP,SAP Signavio,,,,,https://www.sap.com/products.html,2026-09-21,DISCOVERY_SEED
MTR-0316,F29,Business Process & Continuous Improvement,ENTERPRISE_FUNCTION,"Process modelling, mining, conformance, automation, workflow, value-stream and continuous improvement",Celonis,Celonis,,,,,https://www.celonis.com/,2026-09-21,DISCOVERY_SEED
MTR-0317,F29,Business Process & Continuous Improvement,ENTERPRISE_FUNCTION,"Process modelling, mining, conformance, automation, workflow, value-stream and continuous improvement",Software AG,ARIS,,,,,https://www.aris.com/,2026-09-21,DISCOVERY_SEED
MTR-0318,F29,Business Process & Continuous Improvement,ENTERPRISE_FUNCTION,"Process modelling, mining, conformance, automation, workflow, value-stream and continuous improvement",Nintex,Nintex,,,,,https://www.nintex.com/,2026-09-21,DISCOVERY_SEED
MTR-0319,F29,Business Process & Continuous Improvement,ENTERPRISE_FUNCTION,"Process modelling, mining, conformance, automation, workflow, value-stream and continuous improvement",UiPath,UiPath Process Mining,,,,,https://www.uipath.com/,2026-09-21,DISCOVERY_SEED
MTR-0320,F29,Business Process & Continuous Improvement,ENTERPRISE_FUNCTION,"Process modelling, mining, conformance, automation, workflow, value-stream and continuous improvement",Microsoft,Microsoft Power Automate Process Mining,,,,,https://www.microsoft.com/en-us/dynamics-365,2026-09-21,DISCOVERY_SEED
MTR-0321,F29,Business Process & Continuous Improvement,ENTERPRISE_FUNCTION,"Process modelling, mining, conformance, automation, workflow, value-stream and continuous improvement",Bizagi,Bizagi,,,,,https://www.bizagi.com/,2026-09-21,DISCOVERY_SEED
MTR-0322,F29,Business Process & Continuous Improvement,ENTERPRISE_FUNCTION,"Process modelling, mining, conformance, automation, workflow, value-stream and continuous improvement",Appian,Appian,,,,,https://appian.com/,2026-09-21,DISCOVERY_SEED
MTR-0323,F29,Business Process & Continuous Improvement,ENTERPRISE_FUNCTION,"Process modelling, mining, conformance, automation, workflow, value-stream and continuous improvement",Camunda,Camunda,,,,,https://camunda.com/,2026-09-21,DISCOVERY_SEED
MTR-0324,F29,Business Process & Continuous Improvement,ENTERPRISE_FUNCTION,"Process modelling, mining, conformance, automation, workflow, value-stream and continuous improvement",IBM,IBM Blueworks Live,,,,,https://www.ibm.com/,2026-09-21,DISCOVERY_SEED
MTR-0325,F29,Business Process & Continuous Improvement,ENTERPRISE_FUNCTION,"Process modelling, mining, conformance, automation, workflow, value-stream and continuous improvement",ProcessMaker,ProcessMaker,,,,,https://www.processmaker.com/,2026-09-21,DISCOVERY_SEED
MTR-0326,F29,Business Process & Continuous Improvement,ENTERPRISE_FUNCTION,"Process modelling, mining, conformance, automation, workflow, value-stream and continuous improvement",Kissflow,Kissflow,,,,,https://kissflow.com/,2026-09-21,DISCOVERY_SEED
AEC-001,F05;F26;F27,Construction & Built Environment cross-functional,CBE_SPECIALIST,Architecture / BIM authoring,Autodesk,Revit,CBE-JP-003;CBE-JP-004;CBE-JP-005,BIM modelling; drawing production; schedules; design coordination,Models; drawings; schedules,,https://www.autodesk.com/products/revit/overview,2026-09-21,DISCOVERY_SEED
AEC-002,F05;F26;F27,Construction & Built Environment cross-functional,CBE_SPECIALIST,Architecture / BIM authoring,Graphisoft,Archicad,CBE-JP-003;CBE-JP-004;CBE-JP-005,BIM authoring; documentation; coordination,Models; drawings; schedules,,https://graphisoft.com/solutions/archicad,2026-09-21,DISCOVERY_SEED
AEC-003,F05;F26;F27,Construction & Built Environment cross-functional,CBE_SPECIALIST,Architecture / BIM authoring,Vectorworks,Vectorworks Architect,CBE-JP-003;CBE-JP-004;CBE-JP-005;CBE-JP-051,Design; BIM; drawing production,Models; drawings; schedules,,https://www.vectorworks.net/architect,2026-09-21,DISCOVERY_SEED
AEC-004,F05;F26;F27,Construction & Built Environment cross-functional,CBE_SPECIALIST,Civil / infrastructure design,Autodesk,Civil 3D,CBE-JP-018;CBE-JP-019,Civil design; surfaces; corridors; drainage; documentation,Civil models; drawings; quantities,,https://www.autodesk.com/products/civil-3d/overview,2026-09-21,DISCOVERY_SEED
AEC-005,F05;F26;F27,Construction & Built Environment cross-functional,CBE_SPECIALIST,Civil / infrastructure design,Bentley Systems,OpenRoads Designer,CBE-JP-018;CBE-JP-019,Road and civil infrastructure design,Models; alignments; drawings; quantities,,https://www.bentley.com/software/openroads-designer/,2026-09-21,DISCOVERY_SEED
AEC-006,F05;F26;F27,Construction & Built Environment cross-functional,CBE_SPECIALIST,Structural design / detailing,Trimble,Tekla Structures,,Structural BIM; detailing; constructability; fabrication information,Structural models; drawings; schedules; fabrication data,,https://www.tekla.com/products/tekla-structures,2026-09-21,DISCOVERY_SEED
AEC-007,F05;F26;F27,Construction & Built Environment cross-functional,CBE_SPECIALIST,Structural analysis / design,Computers and Structures Inc.,ETABS,,Building structural analysis and design,Analysis models; calculations; design results,,https://www.csiamerica.com/products/etabs,2026-09-21,DISCOVERY_SEED
AEC-008,F05;F26;F27,Construction & Built Environment cross-functional,CBE_SPECIALIST,BIM coordination / assurance,Autodesk,Navisworks,CBE-JP-003;CBE-JP-009;CBE-JP-018;CBE-JP-024,Model aggregation; clash detection; review; 4D simulation,Federated models; clashes; viewpoints; simulations,,https://www.autodesk.com/products/navisworks/overview,2026-09-21,DISCOVERY_SEED
AEC-009,F13;F26;F27,Construction & Built Environment cross-functional,CBE_SPECIALIST,BIM coordination / assurance,Solibri,Solibri,,Rule-based model checking; BIM quality assurance,Model-check results; issues; assurance evidence,,https://www.solibri.com/,2026-09-21,DISCOVERY_SEED
AEC-010,F13;F26;F27,Construction & Built Environment cross-functional,CBE_SPECIALIST,BIM coordination / assurance,Revizto,Revizto,,Model / drawing coordination and issue management,Coordination issues; review evidence,,https://revizto.com/,2026-09-21,DISCOVERY_SEED
AEC-011,F05;F17;F26,Construction & Built Environment cross-functional,CBE_SPECIALIST,Geospatial / GIS,Esri,ArcGIS,CBE-JP-015;CBE-JP-043;CBE-JP-050,GIS data management; mapping; spatial analysis,Maps; layers; datasets; spatial analyses,,https://www.esri.com/en-us/arcgis/about-arcgis/overview,2026-09-21,DISCOVERY_SEED
AEC-012,F05;F17;F26,Construction & Built Environment cross-functional,CBE_SPECIALIST,Geospatial / GIS,QGIS Project,QGIS,CBE-JP-015;CBE-JP-043;CBE-JP-050,GIS editing; mapping; spatial analysis,Maps; layers; datasets,,https://qgis.org/,2026-09-21,DISCOVERY_SEED
AEC-013,F13;F26;F27,Construction & Built Environment cross-functional,CBE_SPECIALIST,PDF / drawing review,Bluebeam,Revu,CBE-JP-003;CBE-JP-010;CBE-JP-024;CBE-JP-034;CBE-JP-060,Technical markup; measurement; review; collaboration,Marked-up drawings; measurements; review comments,,https://www.bluebeam.com/revu/,2026-09-21,DISCOVERY_SEED
AEC-014,F07;F14;F27,Construction & Built Environment cross-functional,CBE_SPECIALIST,Estimating / take-off,RIB,CostX,CBE-JP-034;CBE-JP-060,2D / BIM take-off; estimating; cost planning,Take-offs; estimates; cost plans,,https://www.rib-software.com/en/rib-costx,2026-09-21,DISCOVERY_SEED
AEC-015,F07;F14;F27,Construction & Built Environment cross-functional,CBE_SPECIALIST,Estimating / take-off,RIB,Candy,CBE-JP-034;CBE-JP-060,Estimating; planning; project control,Estimates; BOQs; resource build-ups,,https://www.rib-software.com/,2026-09-21,DISCOVERY_SEED
AEC-016,F07;F14;F27,Construction & Built Environment cross-functional,CBE_SPECIALIST,Estimating / take-off,Autodesk,Autodesk Takeoff,CBE-JP-034;CBE-JP-060,2D / 3D quantity take-off,Quantities; take-off packages,,https://construction.autodesk.com/products/autodesk-takeoff/,2026-09-21,DISCOVERY_SEED
AEC-017,F27,Construction & Built Environment cross-functional,CBE_SPECIALIST,Planning / scheduling,Oracle,Primavera P6,CBE-JP-024;CBE-JP-027,Critical-path scheduling; resource and progress control,Programmes; baselines; updates; forecasts,,https://www.oracle.com/construction-engineering/primavera-p6/,2026-09-21,DISCOVERY_SEED
AEC-018,F27,Construction & Built Environment cross-functional,CBE_SPECIALIST,Planning / scheduling,Elecosoft,Asta Powerproject,CBE-JP-024;CBE-JP-027,Construction planning and scheduling,Programmes; baselines; progress updates,,https://www.elecosoft.com/products/powerproject/,2026-09-21,DISCOVERY_SEED
AEC-019,F19;F27,Construction & Built Environment cross-functional,CBE_SPECIALIST,Contract administration,Thinkproject,CEMAR,CBE-JP-022;CBE-JP-060,NEC / FIDIC contract administration; notices; events; communications,Notices; early warnings; compensation events; contractual records,,https://thinkproject.com/products/cemar/,2026-09-21,DISCOVERY_SEED
AEC-020,F19;F27,Construction & Built Environment cross-functional,CBE_SPECIALIST,Contract / capital programme controls,Oracle,Primavera Unifier,CBE-JP-022;CBE-JP-024;CBE-JP-060,Business processes; cost controls; contracts; capital programme management,Cost records; contracts; workflows; changes; payments,,https://www.oracle.com/construction-engineering/primavera-unifier/,2026-09-21,DISCOVERY_SEED
AEC-021,F13;F26;F27,Construction & Built Environment cross-functional,CBE_SPECIALIST,CDE / construction management,Oracle,Aconex,CBE-JP-003;CBE-JP-009;CBE-JP-018;CBE-JP-022;CBE-JP-024,Document control; workflows; correspondence; model coordination,Documents; transmittals; RFIs; workflows; correspondence,,https://www.oracle.com/construction-engineering/aconex/,2026-09-21,DISCOVERY_SEED
AEC-022,F13;F26;F27,Construction & Built Environment cross-functional,CBE_SPECIALIST,CDE / construction management,Asite,Asite,,CDE; project controls; information management,Documents; workflows; forms; project records,,https://www.asite.com/,2026-09-21,DISCOVERY_SEED
AEC-023,F13;F26;F27,Construction & Built Environment cross-functional,CBE_SPECIALIST,Engineering information management,Bentley Systems,ProjectWise,,Engineering document / model management and collaboration,Controlled engineering information; reviews; transmittals,,https://www.bentley.com/software/projectwise/,2026-09-21,DISCOVERY_SEED
AEC-024,F13;F23;F26;F27,Construction & Built Environment cross-functional,CBE_SPECIALIST,Site / project management,Procore,Procore Platform,CBE-JP-022;CBE-JP-024;CBE-JP-027;CBE-JP-034;CBE-JP-060,Project management; RFIs; submittals; quality; safety; financials,Project records; RFIs; inspections; financial records,,https://www.procore.com/,2026-09-21,DISCOVERY_SEED
AEC-025,F13;F23;F26;F27,Construction & Built Environment cross-functional,CBE_SPECIALIST,Site / field management,Autodesk,Autodesk Build,CBE-JP-024;CBE-JP-027,Field management; RFIs; submittals; quality; safety; progress,Issues; forms; RFIs; inspections; progress evidence,,https://construction.autodesk.com/products/autodesk-build/,2026-09-21,DISCOVERY_SEED
AEC-026,F13;F23;F27,Construction & Built Environment cross-functional,CBE_SPECIALIST,Site / field management,Trimble,Field View,CBE-JP-024;CBE-JP-027,Field forms; quality; safety; progress,Inspections; forms; defects; progress records,,https://www.viewpoint.com/en-gb/products/viewpoint-field-view,2026-09-21,DISCOVERY_SEED
AEC-027,F11;F13;F26,Construction & Built Environment cross-functional,CBE_SPECIALIST,Fabrication / production,Trimble,Tekla PowerFab,,Steel fabrication management; estimating; production; inventory,Fabrication jobs; production records; stock; shipping,,https://www.tekla.com/products/tekla-powerfab,2026-09-21,DISCOVERY_SEED
AEC-028,F12;F22,Construction & Built Environment cross-functional,CBE_SPECIALIST,Facilities / asset management,IBM,Maximo Application Suite,CBE-JP-025;CBE-JP-035,Asset management; maintenance; work orders; inspections; mobile,Assets; work orders; maintenance history; inspections,,https://www.ibm.com/products/maximo,2026-09-21,DISCOVERY_SEED
AEC-029,F12;F22,Construction & Built Environment cross-functional,CBE_SPECIALIST,Facilities / property / asset management,Planon,Planon IWMS,CBE-JP-035,Real estate; spaces; maintenance; field service; energy,Properties; spaces; assets; work orders; maintenance plans,,https://planonsoftware.com/uk/software/iwms/,2026-09-21,DISCOVERY_SEED
AEC-030,F05;F13;F26,Construction & Built Environment cross-functional,CBE_SPECIALIST,PLM / configuration,PTC,Windchill,,Controlled technical definition; BOM; change; configuration; lifecycle,Parts; documents; BOMs; changes; configurations; baselines,,https://www.ptc.com/en/products/windchill,2026-09-21,DISCOVERY_SEED
AEC-031,F05;F11;F13;F26,Construction & Built Environment cross-functional,CBE_SPECIALIST,PLM / manufacturing definition,Siemens,Teamcenter,,Product definition; BOM; change; manufacturing planning,Product structures; BOMs; changes; manufacturing plans,,https://www.plm.automation.siemens.com/global/en/products/teamcenter/,2026-09-21,DISCOVERY_SEED
AEC-032,F05;F11;F13;F26,Construction & Built Environment cross-functional,CBE_SPECIALIST,PLM / configuration,Dassault Systèmes,ENOVIA / 3DEXPERIENCE,,Product lifecycle; configuration; collaboration; change,Product definition; configurations; changes; approvals,,https://www.3ds.com/products/enovia,2026-09-21,DISCOVERY_SEED
AEC-033,F05;F13;F26,Construction & Built Environment cross-functional,CBE_SPECIALIST,PLM / configuration,Aras,Aras Innovator,,PLM; configuration; change; requirements; quality,Items; BOMs; changes; requirements; quality records,,https://www.aras.com/en/platform,2026-09-21,DISCOVERY_SEED
AEC-034,F17;F22;F26,Construction & Built Environment cross-functional,CBE_SPECIALIST,Digital twin / infrastructure information,Bentley Systems,iTwin Platform,,Infrastructure digital twin; engineering data federation; visualization,Digital-twin models; change / condition context,,https://www.bentley.com/software/itwin-platform/,2026-09-21,DISCOVERY_SEED
AEC-035,F05;F17;F26;F27,Construction & Built Environment cross-functional,CBE_SPECIALIST,Landscape / site design,Trimble,SketchUp,CBE-JP-003;CBE-JP-048;CBE-JP-051,3D design and presentation,3D models; drawings; visuals,,https://www.sketchup.com/,2026-09-21,DISCOVERY_SEED
AEC-036,F05;F17;F26,Construction & Built Environment cross-functional,CBE_SPECIALIST,Computational design,Robert McNeel & Associates,Rhino / Grasshopper,CBE-JP-003;CBE-JP-005,3D / parametric / computational design,Geometry; parametric models; scripts,,https://www.rhino3d.com/,2026-09-21,DISCOVERY_SEED
AEC-037,F09;F27,Construction & Built Environment cross-functional,CBE_SPECIALIST,Preconstruction / tendering,Autodesk,BuildingConnected,CBE-JP-022;CBE-JP-034;CBE-JP-060,Bid management; subcontractor qualification; tendering,Bid packages; invitations; tender returns; supplier records,,https://construction.autodesk.com/products/buildingconnected/,2026-09-21,DISCOVERY_SEED
AEC-038,F10;F11;F27,Construction & Built Environment cross-functional,CBE_SPECIALIST,4D construction sequencing,Bentley Systems,SYNCHRO 4D,CBE-JP-024,4D construction planning and simulation,4D models; sequence simulations; progress context,,https://www.bentley.com/software/synchro-4d/,2026-09-21,DISCOVERY_SEED
AEC-039,F22;F27,Construction & Built Environment cross-functional,CBE_SPECIALIST,Asset / project geospatial,Esri,ArcGIS,,Spatial asset management; field maps; infrastructure context,GIS assets; maps; inspections; spatial records,,https://www.esri.com/en-us/arcgis/about-arcgis/overview,2026-09-21,DISCOVERY_SEED
AEC-040,F13;F23;F27,Construction & Built Environment cross-functional,CBE_SPECIALIST,Inspection / checklist / field evidence,SafetyCulture,iAuditor / SafetyCulture,CBE-JP-024;CBE-JP-027,Inspections; checklists; corrective actions; field evidence,Inspection records; actions; photos; evidence,,https://safetyculture.com/,2026-09-21,DISCOVERY_SEED
